tools/scaninc/scaninc.exe -M build/emerald/data/multiboot_pokemon_colosseum.d -g build/assets -I include -I "" data/multiboot_pokemon_colosseum.s
tools/scaninc/scaninc.exe -M build/emerald/data/mystery_event_script_cmd_table.d -g build/assets -I include -I "" data/mystery_event_script_cmd_table.s
tools/scaninc/scaninc.exe -M build/emerald/data/mystery_gift.d -g build/assets -I include -I "" data/mystery_gift.s
tools/scaninc/scaninc.exe -M build/emerald/data/sound_data.d -g build/assets -I include -I "" data/sound_data.s
tools/ramscrgen/ramscrgen.exe .bss sym_bss.txt ENGLISH > build/emerald/sym_bss.ld
tools/agbcc/bin/agbcc.exe <flags> -o build/emerald/src/AgbRfu_LinkManager.o src/AgbRfu_LinkManager.c
tools/agbcc/bin/agbcc.exe <flags> -o build/emerald/src/agb_flash.o src/agb_flash.c
arm-none-eabi-as -mcpu=arm7tdmi --defsym L_IntrWait=1 -o IntrWait.o libagbsyscall.s
tools/agbcc/bin/agbcc.exe <flags> -o build/emerald/src/agb_flash_1m.o src/agb_flash_1m.c
arm-none-eabi-as -mcpu=arm7tdmi --defsym L_RegisterRamReset=1 -o RegisterRamReset.o libagbsyscall.s
arm-none-eabi-as -mcpu=arm7tdmi --defsym L_Sqrt=1 -o Sqrt.o libagbsyscall.s
arm-none-eabi-as -mcpu=arm7tdmi --defsym L_MusicPlayerOpen=1 -o MusicPlayerOpen.o libagbsyscall.s
arm-none-eabi-as -mcpu=arm7tdmi --defsym L_SoundBiasReset=1 -o SoundBiasReset.o libagbsyscall.s
arm-none-eabi-as -mcpu=arm7tdmi --defsym L_SoundDriverVSyncOn=1 -o SoundDriverVSyncOn.o libagbsyscall.s
tools/agbcc/bin/agbcc.exe <flags> -o build/emerald/src/agb_flash_le.o src/agb_flash_le.c
arm-none-eabi-as -mcpu=arm7tdmi --defsym L_Mod=1 -o Mod.o libagbsyscall.s
tools/agbcc/bin/agbcc.exe <flags> -o build/emerald/src/agb_flash_mx.o src/agb_flash_mx.c
arm-none-eabi-as -mcpu=arm7tdmi --defsym L_VBlankIntrWait=1 -o VBlankIntrWait.o libagbsyscall.s
arm-none-eabi-as -mcpu=arm7tdmi --defsym L_MusicPlayerStart=1 -o MusicPlayerStart.o libagbsyscall.s
tools/gbagfx/gbagfx.exe graphics/pokemon/abra/anim_front.png build/assets/graphics/pokemon/abra/anim_front.png.4bpp 
arm-none-eabi-as -mcpu=arm7tdmi --defsym L_SoundDriverVSyncOff=1 -o SoundDriverVSyncOff.o libagbsyscall.s
arm-none-eabi-as -mcpu=arm7tdmi --defsym L_HuffUnComp=1 -o HuffUnComp.o libagbsyscall.s
arm-none-eabi-as -mcpu=arm7tdmi --defsym L_SoftResetExram=1 -o SoftResetExram.o libagbsyscall.s
arm-none-eabi-as -mcpu=arm7tdmi --defsym L_MusicPlayerFadeOut=1 -o MusicPlayerFadeOut.o libagbsyscall.s
arm-none-eabi-as -mcpu=arm7tdmi --defsym L_LZ77UnCompWram=1 -o LZ77UnCompWram.o libagbsyscall.s
arm-none-eabi-as -mcpu=arm7tdmi --defsym L_SoundDriverMain=1 -o SoundDriverMain.o libagbsyscall.s
arm-none-eabi-as -mcpu=arm7tdmi --defsym L_SoundBiasChange=1 -o SoundBiasChange.o libagbsyscall.s
arm-none-eabi-as -mcpu=arm7tdmi --defsym L_LZ77UnCompVram=1 -o LZ77UnCompVram.o libagbsyscall.s
arm-none-eabi-as -mcpu=arm7tdmi --defsym L_ArcTan2=1 -o ArcTan2.o libagbsyscall.s
arm-none-eabi-as -mcpu=arm7tdmi --defsym L_MusicPlayerStop=1 -o MusicPlayerStop.o libagbsyscall.s
tools/gbagfx/gbagfx.exe graphics/pokemon/absol/anim_front.png build/assets/graphics/pokemon/absol/anim_front.png.4bpp 
arm-none-eabi-as -mcpu=arm7tdmi --defsym L_DivArm=1 -o DivArm.o libagbsyscall.s
tools/gbagfx/gbagfx.exe graphics/pokemon/aerodactyl/anim_front.png build/assets/graphics/pokemon/aerodactyl/anim_front.png.4bpp 
tools/gbagfx/gbagfx.exe graphics/pokemon/aipom/anim_front.png build/assets/graphics/pokemon/aipom/anim_front.png.4bpp 
arm-none-eabi-as -mcpu=arm7tdmi --defsym L_ModArm=1 -o ModArm.o libagbsyscall.s
arm-none-eabi-as -mcpu=arm7tdmi --defsym L_SoundDriverVSync=1 -o SoundDriverVSync.o libagbsyscall.s
tools/gbagfx/gbagfx.exe graphics/pokemon/aggron/anim_front.png build/assets/graphics/pokemon/aggron/anim_front.png.4bpp 
arm-none-eabi-as -mcpu=arm7tdmi --defsym L_SoundDriverInit=1 -o SoundDriverInit.o libagbsyscall.s
arm-none-eabi-as -mcpu=arm7tdmi --defsym L_BgAffineSet=1 -o BgAffineSet.o libagbsyscall.s
arm-none-eabi-as -mcpu=arm7tdmi --defsym L_Diff8bitUnFilterWram=1 -o Diff8bitUnFilterWram.o libagbsyscall.s
arm-none-eabi-as -mcpu=arm7tdmi --defsym L_MultiBoot=1 -o MultiBoot.o libagbsyscall.s
arm-none-eabi-as -mcpu=arm7tdmi --defsym L_MidiKey2Freq=1 -o MidiKey2Freq.o libagbsyscall.s
arm-none-eabi-as -mcpu=arm7tdmi --defsym L_Div=1 -o Div.o libagbsyscall.s
arm-none-eabi-as -mcpu=arm7tdmi --defsym L_Diff8bitUnFilterVram=1 -o Diff8bitUnFilterVram.o libagbsyscall.s
arm-none-eabi-as -mcpu=arm7tdmi --defsym L_ArcTan=1 -o ArcTan.o libagbsyscall.s
arm-none-eabi-as -mcpu=arm7tdmi --defsym L_ObjAffineSet=1 -o ObjAffineSet.o libagbsyscall.s
tools/gbagfx/gbagfx.exe graphics/pokemon/alakazam/anim_front.png build/assets/graphics/pokemon/alakazam/anim_front.png.4bpp 
arm-none-eabi-as -mcpu=arm7tdmi --defsym L_SoftResetRom=1 -o SoftResetRom.o libagbsyscall.s
tools/gbagfx/gbagfx.exe graphics/pokemon/altaria/anim_front.png build/assets/graphics/pokemon/altaria/anim_front.png.4bpp 
arm-none-eabi-as -mcpu=arm7tdmi --defsym L_SoundDriverMode=1 -o SoundDriverMode.o libagbsyscall.s
arm-none-eabi-as -mcpu=arm7tdmi --defsym L_RLUnCompWram=1 -o RLUnCompWram.o libagbsyscall.s
arm-none-eabi-as -mcpu=arm7tdmi --defsym L_BitUnPack=1 -o BitUnPack.o libagbsyscall.s
arm-none-eabi-as -mcpu=arm7tdmi --defsym L_SoundChannelClear=1 -o SoundChannelClear.o libagbsyscall.s
tools/gbagfx/gbagfx.exe graphics/pokemon/arbok/anim_front.png build/assets/graphics/pokemon/arbok/anim_front.png.4bpp 
arm-none-eabi-as -mcpu=arm7tdmi --defsym L_CpuFastSet=1 -o CpuFastSet.o libagbsyscall.s
arm-none-eabi-as -mcpu=arm7tdmi --defsym L_CpuSet=1 -o CpuSet.o libagbsyscall.s
tools/gbagfx/gbagfx.exe graphics/pokemon/ampharos/anim_front.png build/assets/graphics/pokemon/ampharos/anim_front.png.4bpp 
arm-none-eabi-as -mcpu=arm7tdmi --defsym L_Diff16bitUnFilter=1 -o Diff16bitUnFilter.o libagbsyscall.s
arm-none-eabi-as -mcpu=arm7tdmi --defsym L_SoundBiasSet=1 -o SoundBiasSet.o libagbsyscall.s
tools/gbagfx/gbagfx.exe graphics/pokemon/anorith/anim_front.png build/assets/graphics/pokemon/anorith/anim_front.png.4bpp 
arm-none-eabi-as -mcpu=arm7tdmi --defsym L_MusicPlayerContinue=1 -o MusicPlayerContinue.o libagbsyscall.s
tools/gbagfx/gbagfx.exe graphics/pokemon/arcanine/anim_front.png build/assets/graphics/pokemon/arcanine/anim_front.png.4bpp 
arm-none-eabi-as -mcpu=arm7tdmi --defsym L_SoftReset=1 -o SoftReset.o libagbsyscall.s
arm-none-eabi-as -mcpu=arm7tdmi --defsym L_RLUnCompVram=1 -o RLUnCompVram.o libagbsyscall.s
arm-none-eabi-ar rc libagbsyscall.a IntrWait.o RegisterRamReset.o Sqrt.o MusicPlayerOpen.o SoundBiasReset.o SoundDriverVSyncOn.o Mod.o VBlankIntrWait.o MusicPlayerStart.o SoundDriverVSyncOff.o HuffUnComp.o SoftResetExram.o MusicPlayerFadeOut.o LZ77UnCompWram.o SoundDriverMain.o SoundBiasChange.o LZ77UnCompVram.o ArcTan2.o MusicPlayerStop.o DivArm.o ModArm.o SoundDriverVSync.o SoundDriverInit.o BgAffineSet.o Diff8bitUnFilterWram.o MultiBoot.o MidiKey2Freq.o Div.o Diff8bitUnFilterVram.o ArcTan.o ObjAffineSet.o SoftResetRom.o SoundDriverMode.o RLUnCompWram.o BitUnPack.o SoundChannelClear.o CpuFastSet.o CpuSet.o Diff16bitUnFilter.o SoundBiasSet.o MusicPlayerContinue.o SoftReset.o RLUnCompVram.o
tools/gbagfx/gbagfx.exe graphics/pokemon/ariados/anim_front.png build/assets/graphics/pokemon/ariados/anim_front.png.4bpp 
tools/gbagfx/gbagfx.exe graphics/pokemon/articuno/anim_front.png build/assets/graphics/pokemon/articuno/anim_front.png.4bpp 
tools/gbagfx/gbagfx.exe graphics/pokemon/armaldo/anim_front.png build/assets/graphics/pokemon/armaldo/anim_front.png.4bpp 
tools/gbagfx/gbagfx.exe graphics/pokemon/aron/anim_front.png build/assets/graphics/pokemon/aron/anim_front.png.4bpp 
tools/gbagfx/gbagfx.exe graphics/pokemon/azumarill/anim_front.png build/assets/graphics/pokemon/azumarill/anim_front.png.4bpp 
tools/gbagfx/gbagfx.exe graphics/pokemon/azurill/anim_front.png build/assets/graphics/pokemon/azurill/anim_front.png.4bpp 
tools/gbagfx/gbagfx.exe graphics/pokemon/baltoy/anim_front.png build/assets/graphics/pokemon/baltoy/anim_front.png.4bpp 
tools/gbagfx/gbagfx.exe graphics/pokemon/bagon/anim_front.png build/assets/graphics/pokemon/bagon/anim_front.png.4bpp 
tools/gbagfx/gbagfx.exe graphics/pokemon/barboach/anim_front.png build/assets/graphics/pokemon/barboach/anim_front.png.4bpp 
tools/gbagfx/gbagfx.exe graphics/pokemon/banette/anim_front.png build/assets/graphics/pokemon/banette/anim_front.png.4bpp 
tools/gbagfx/gbagfx.exe graphics/pokemon/bayleef/anim_front.png build/assets/graphics/pokemon/bayleef/anim_front.png.4bpp 
tools/gbagfx/gbagfx.exe graphics/pokemon/beautifly/anim_front.png build/assets/graphics/pokemon/beautifly/anim_front.png.4bpp 
tools/gbagfx/gbagfx.exe graphics/pokemon/beedrill/anim_front.png build/assets/graphics/pokemon/beedrill/anim_front.png.4bpp 
tools/gbagfx/gbagfx.exe graphics/pokemon/beldum/anim_front.png build/assets/graphics/pokemon/beldum/anim_front.png.4bpp 
tools/gbagfx/gbagfx.exe graphics/pokemon/bellossom/anim_front.png build/assets/graphics/pokemon/bellossom/anim_front.png.4bpp 
tools/gbagfx/gbagfx.exe graphics/pokemon/bellsprout/anim_front.png build/assets/graphics/pokemon/bellsprout/anim_front.png.4bpp 
tools/gbagfx/gbagfx.exe graphics/pokemon/blastoise/anim_front.png build/assets/graphics/pokemon/blastoise/anim_front.png.4bpp 
tools/gbagfx/gbagfx.exe graphics/pokemon/blaziken/anim_front.png build/assets/graphics/pokemon/blaziken/anim_front.png.4bpp 
tools/gbagfx/gbagfx.exe graphics/pokemon/blissey/anim_front.png build/assets/graphics/pokemon/blissey/anim_front.png.4bpp 
tools/gbagfx/gbagfx.exe graphics/pokemon/breloom/anim_front.png build/assets/graphics/pokemon/breloom/anim_front.png.4bpp 
tools/gbagfx/gbagfx.exe graphics/pokemon/bulbasaur/anim_front.png build/assets/graphics/pokemon/bulbasaur/anim_front.png.4bpp 
tools/gbagfx/gbagfx.exe graphics/pokemon/butterfree/anim_front.png build/assets/graphics/pokemon/butterfree/anim_front.png.4bpp 
tools/gbagfx/gbagfx.exe graphics/pokemon/cacnea/anim_front.png build/assets/graphics/pokemon/cacnea/anim_front.png.4bpp 
tools/gbagfx/gbagfx.exe graphics/pokemon/cacturne/anim_front.png build/assets/graphics/pokemon/cacturne/anim_front.png.4bpp 
tools/gbagfx/gbagfx.exe graphics/pokemon/carvanha/anim_front.png build/assets/graphics/pokemon/carvanha/anim_front.png.4bpp 
tools/gbagfx/gbagfx.exe graphics/pokemon/camerupt/anim_front.png build/assets/graphics/pokemon/camerupt/anim_front.png.4bpp 
tools/gbagfx/gbagfx.exe graphics/pokemon/castform/normal/anim_front.png graphics/pokemon/castform/normal/anim_front.4bpp
tools/gbagfx/gbagfx.exe graphics/pokemon/castform/sunny/anim_front.png graphics/pokemon/castform/sunny/anim_front.4bpp
tools/gbagfx/gbagfx.exe graphics/pokemon/cascoon/anim_front.png build/assets/graphics/pokemon/cascoon/anim_front.png.4bpp 
tools/gbagfx/gbagfx.exe graphics/pokemon/castform/rainy/anim_front.png graphics/pokemon/castform/rainy/anim_front.4bpp
tools/gbagfx/gbagfx.exe graphics/pokemon/castform/snowy/anim_front.png graphics/pokemon/castform/snowy/anim_front.4bpp
tools/gbagfx/gbagfx.exe graphics/pokemon/caterpie/anim_front.png build/assets/graphics/pokemon/caterpie/anim_front.png.4bpp 
tools/gbagfx/gbagfx.exe graphics/pokemon/celebi/anim_front.png build/assets/graphics/pokemon/celebi/anim_front.png.4bpp 
tools/gbagfx/gbagfx.exe graphics/pokemon/chansey/anim_front.png build/assets/graphics/pokemon/chansey/anim_front.png.4bpp 
tools/gbagfx/gbagfx.exe graphics/pokemon/charizard/anim_front.png build/assets/graphics/pokemon/charizard/anim_front.png.4bpp 
tools/gbagfx/gbagfx.exe graphics/pokemon/charmander/anim_front.png build/assets/graphics/pokemon/charmander/anim_front.png.4bpp 
tools/gbagfx/gbagfx.exe graphics/pokemon/charmeleon/anim_front.png build/assets/graphics/pokemon/charmeleon/anim_front.png.4bpp 
tools/gbagfx/gbagfx.exe graphics/pokemon/chimecho/anim_front.png build/assets/graphics/pokemon/chimecho/anim_front.png.4bpp 
tools/gbagfx/gbagfx.exe graphics/pokemon/chikorita/anim_front.png build/assets/graphics/pokemon/chikorita/anim_front.png.4bpp 
tools/gbagfx/gbagfx.exe graphics/pokemon/chinchou/anim_front.png build/assets/graphics/pokemon/chinchou/anim_front.png.4bpp 
tools/gbagfx/gbagfx.exe graphics/pokemon/clamperl/anim_front.png build/assets/graphics/pokemon/clamperl/anim_front.png.4bpp 
tools/gbagfx/gbagfx.exe graphics/pokemon/claydol/anim_front.png build/assets/graphics/pokemon/claydol/anim_front.png.4bpp 
tools/gbagfx/gbagfx.exe graphics/pokemon/clefable/anim_front.png build/assets/graphics/pokemon/clefable/anim_front.png.4bpp 
tools/gbagfx/gbagfx.exe graphics/pokemon/clefairy/anim_front.png build/assets/graphics/pokemon/clefairy/anim_front.png.4bpp 
tools/gbagfx/gbagfx.exe graphics/pokemon/cloyster/anim_front.png build/assets/graphics/pokemon/cloyster/anim_front.png.4bpp 
tools/gbagfx/gbagfx.exe graphics/pokemon/cleffa/anim_front.png build/assets/graphics/pokemon/cleffa/anim_front.png.4bpp 
tools/gbagfx/gbagfx.exe graphics/pokemon/combusken/anim_front.png build/assets/graphics/pokemon/combusken/anim_front.png.4bpp 
tools/gbagfx/gbagfx.exe graphics/pokemon/corphish/anim_front.png build/assets/graphics/pokemon/corphish/anim_front.png.4bpp 
tools/gbagfx/gbagfx.exe graphics/pokemon/corsola/anim_front.png build/assets/graphics/pokemon/corsola/anim_front.png.4bpp 
tools/gbagfx/gbagfx.exe graphics/pokemon/cradily/anim_front.png build/assets/graphics/pokemon/cradily/anim_front.png.4bpp 
tools/gbagfx/gbagfx.exe graphics/pokemon/crawdaunt/anim_front.png build/assets/graphics/pokemon/crawdaunt/anim_front.png.4bpp 
tools/gbagfx/gbagfx.exe graphics/pokemon/crobat/anim_front.png build/assets/graphics/pokemon/crobat/anim_front.png.4bpp 
tools/gbagfx/gbagfx.exe graphics/pokemon/croconaw/anim_front.png build/assets/graphics/pokemon/croconaw/anim_front.png.4bpp 
tools/gbagfx/gbagfx.exe graphics/pokemon/cubone/anim_front.png build/assets/graphics/pokemon/cubone/anim_front.png.4bpp 
tools/gbagfx/gbagfx.exe graphics/pokemon/cyndaquil/anim_front.png build/assets/graphics/pokemon/cyndaquil/anim_front.png.4bpp 
tools/gbagfx/gbagfx.exe graphics/pokemon/delcatty/anim_front.png build/assets/graphics/pokemon/delcatty/anim_front.png.4bpp 
tools/gbagfx/gbagfx.exe graphics/pokemon/deoxys/anim_front.png build/assets/graphics/pokemon/deoxys/anim_front.png.4bpp 
tools/gbagfx/gbagfx.exe graphics/pokemon/delibird/anim_front.png build/assets/graphics/pokemon/delibird/anim_front.png.4bpp 
tools/gbagfx/gbagfx.exe graphics/pokemon/diglett/anim_front.png build/assets/graphics/pokemon/diglett/anim_front.png.4bpp 
tools/gbagfx/gbagfx.exe graphics/pokemon/dewgong/anim_front.png build/assets/graphics/pokemon/dewgong/anim_front.png.4bpp 
tools/gbagfx/gbagfx.exe graphics/pokemon/dodrio/anim_front.png build/assets/graphics/pokemon/dodrio/anim_front.png.4bpp 
tools/gbagfx/gbagfx.exe graphics/pokemon/doduo/anim_front.png build/assets/graphics/pokemon/doduo/anim_front.png.4bpp 
tools/gbagfx/gbagfx.exe graphics/pokemon/dragonair/anim_front.png build/assets/graphics/pokemon/dragonair/anim_front.png.4bpp 
tools/gbagfx/gbagfx.exe graphics/pokemon/ditto/anim_front.png build/assets/graphics/pokemon/ditto/anim_front.png.4bpp 
tools/gbagfx/gbagfx.exe graphics/pokemon/donphan/anim_front.png build/assets/graphics/pokemon/donphan/anim_front.png.4bpp 
tools/gbagfx/gbagfx.exe graphics/pokemon/dratini/anim_front.png build/assets/graphics/pokemon/dratini/anim_front.png.4bpp 
tools/gbagfx/gbagfx.exe graphics/pokemon/dragonite/anim_front.png build/assets/graphics/pokemon/dragonite/anim_front.png.4bpp 
tools/gbagfx/gbagfx.exe graphics/pokemon/drowzee/anim_front.png build/assets/graphics/pokemon/drowzee/anim_front.png.4bpp 
tools/gbagfx/gbagfx.exe graphics/pokemon/dugtrio/anim_front.png build/assets/graphics/pokemon/dugtrio/anim_front.png.4bpp 
tools/gbagfx/gbagfx.exe graphics/pokemon/dusclops/anim_front.png build/assets/graphics/pokemon/dusclops/anim_front.png.4bpp 
tools/gbagfx/gbagfx.exe graphics/pokemon/dunsparce/anim_front.png build/assets/graphics/pokemon/dunsparce/anim_front.png.4bpp 
tools/gbagfx/gbagfx.exe graphics/pokemon/duskull/anim_front.png build/assets/graphics/pokemon/duskull/anim_front.png.4bpp 
tools/gbagfx/gbagfx.exe graphics/pokemon/dustox/anim_front.png build/assets/graphics/pokemon/dustox/anim_front.png.4bpp 
tools/gbagfx/gbagfx.exe graphics/pokemon/egg/anim_front.png build/assets/graphics/pokemon/egg/anim_front.png.4bpp 
tools/gbagfx/gbagfx.exe graphics/pokemon/eevee/anim_front.png build/assets/graphics/pokemon/eevee/anim_front.png.4bpp 
tools/gbagfx/gbagfx.exe graphics/pokemon/ekans/anim_front.png build/assets/graphics/pokemon/ekans/anim_front.png.4bpp 
tools/gbagfx/gbagfx.exe graphics/pokemon/electabuzz/anim_front.png build/assets/graphics/pokemon/electabuzz/anim_front.png.4bpp 
tools/gbagfx/gbagfx.exe graphics/pokemon/electrike/anim_front.png build/assets/graphics/pokemon/electrike/anim_front.png.4bpp 
tools/gbagfx/gbagfx.exe graphics/pokemon/elekid/anim_front.png build/assets/graphics/pokemon/elekid/anim_front.png.4bpp 
tools/gbagfx/gbagfx.exe graphics/pokemon/electrode/anim_front.png build/assets/graphics/pokemon/electrode/anim_front.png.4bpp 
tools/gbagfx/gbagfx.exe graphics/pokemon/entei/anim_front.png build/assets/graphics/pokemon/entei/anim_front.png.4bpp 
tools/gbagfx/gbagfx.exe graphics/pokemon/exeggutor/anim_front.png build/assets/graphics/pokemon/exeggutor/anim_front.png.4bpp 
tools/gbagfx/gbagfx.exe graphics/pokemon/exeggcute/anim_front.png build/assets/graphics/pokemon/exeggcute/anim_front.png.4bpp 
tools/gbagfx/gbagfx.exe graphics/pokemon/espeon/anim_front.png build/assets/graphics/pokemon/espeon/anim_front.png.4bpp 
tools/gbagfx/gbagfx.exe graphics/pokemon/exploud/anim_front.png build/assets/graphics/pokemon/exploud/anim_front.png.4bpp 
tools/gbagfx/gbagfx.exe graphics/pokemon/farfetchd/anim_front.png build/assets/graphics/pokemon/farfetchd/anim_front.png.4bpp 
tools/gbagfx/gbagfx.exe graphics/pokemon/fearow/anim_front.png build/assets/graphics/pokemon/fearow/anim_front.png.4bpp 
tools/gbagfx/gbagfx.exe graphics/pokemon/feraligatr/anim_front.png build/assets/graphics/pokemon/feraligatr/anim_front.png.4bpp 
tools/gbagfx/gbagfx.exe graphics/pokemon/feebas/anim_front.png build/assets/graphics/pokemon/feebas/anim_front.png.4bpp 
tools/gbagfx/gbagfx.exe graphics/pokemon/flaaffy/anim_front.png build/assets/graphics/pokemon/flaaffy/anim_front.png.4bpp 
tools/gbagfx/gbagfx.exe graphics/pokemon/flareon/anim_front.png build/assets/graphics/pokemon/flareon/anim_front.png.4bpp 
tools/gbagfx/gbagfx.exe graphics/pokemon/flygon/anim_front.png build/assets/graphics/pokemon/flygon/anim_front.png.4bpp 
tools/gbagfx/gbagfx.exe graphics/pokemon/forretress/anim_front.png build/assets/graphics/pokemon/forretress/anim_front.png.4bpp 
tools/gbagfx/gbagfx.exe graphics/pokemon/furret/anim_front.png build/assets/graphics/pokemon/furret/anim_front.png.4bpp 
tools/gbagfx/gbagfx.exe graphics/pokemon/gardevoir/anim_front.png build/assets/graphics/pokemon/gardevoir/anim_front.png.4bpp 
tools/gbagfx/gbagfx.exe graphics/pokemon/gastly/anim_front.png build/assets/graphics/pokemon/gastly/anim_front.png.4bpp 
tools/gbagfx/gbagfx.exe graphics/pokemon/gengar/anim_front.png build/assets/graphics/pokemon/gengar/anim_front.png.4bpp 
tools/gbagfx/gbagfx.exe graphics/pokemon/girafarig/anim_front.png build/assets/graphics/pokemon/girafarig/anim_front.png.4bpp 
tools/gbagfx/gbagfx.exe graphics/pokemon/geodude/anim_front.png build/assets/graphics/pokemon/geodude/anim_front.png.4bpp 
tools/gbagfx/gbagfx.exe graphics/pokemon/glalie/anim_front.png build/assets/graphics/pokemon/glalie/anim_front.png.4bpp 
tools/gbagfx/gbagfx.exe graphics/pokemon/gligar/anim_front.png build/assets/graphics/pokemon/gligar/anim_front.png.4bpp 
tools/gbagfx/gbagfx.exe graphics/pokemon/gloom/anim_front.png build/assets/graphics/pokemon/gloom/anim_front.png.4bpp 
tools/gbagfx/gbagfx.exe graphics/pokemon/golbat/anim_front.png build/assets/graphics/pokemon/golbat/anim_front.png.4bpp 
tools/gbagfx/gbagfx.exe graphics/pokemon/golduck/anim_front.png build/assets/graphics/pokemon/golduck/anim_front.png.4bpp 
tools/gbagfx/gbagfx.exe graphics/pokemon/goldeen/anim_front.png build/assets/graphics/pokemon/goldeen/anim_front.png.4bpp 
tools/gbagfx/gbagfx.exe graphics/pokemon/golem/anim_front.png build/assets/graphics/pokemon/golem/anim_front.png.4bpp 
tools/gbagfx/gbagfx.exe graphics/pokemon/gorebyss/anim_front.png build/assets/graphics/pokemon/gorebyss/anim_front.png.4bpp 
tools/gbagfx/gbagfx.exe graphics/pokemon/granbull/anim_front.png build/assets/graphics/pokemon/granbull/anim_front.png.4bpp 
tools/gbagfx/gbagfx.exe graphics/pokemon/graveler/anim_front.png build/assets/graphics/pokemon/graveler/anim_front.png.4bpp 
tools/gbagfx/gbagfx.exe graphics/pokemon/grimer/anim_front.png build/assets/graphics/pokemon/grimer/anim_front.png.4bpp 
tools/gbagfx/gbagfx.exe graphics/pokemon/groudon/anim_front.png build/assets/graphics/pokemon/groudon/anim_front.png.4bpp 
tools/gbagfx/gbagfx.exe graphics/pokemon/growlithe/anim_front.png build/assets/graphics/pokemon/growlithe/anim_front.png.4bpp 
tools/gbagfx/gbagfx.exe graphics/pokemon/grovyle/anim_front.png build/assets/graphics/pokemon/grovyle/anim_front.png.4bpp 
tools/gbagfx/gbagfx.exe graphics/pokemon/grumpig/anim_front.png build/assets/graphics/pokemon/grumpig/anim_front.png.4bpp 
tools/gbagfx/gbagfx.exe graphics/pokemon/gulpin/anim_front.png build/assets/graphics/pokemon/gulpin/anim_front.png.4bpp 
tools/gbagfx/gbagfx.exe graphics/pokemon/gyarados/anim_front.png build/assets/graphics/pokemon/gyarados/anim_front.png.4bpp 
tools/gbagfx/gbagfx.exe graphics/pokemon/haunter/anim_front.png build/assets/graphics/pokemon/haunter/anim_front.png.4bpp 
tools/gbagfx/gbagfx.exe graphics/pokemon/hariyama/anim_front.png build/assets/graphics/pokemon/hariyama/anim_front.png.4bpp 
tools/gbagfx/gbagfx.exe graphics/pokemon/heracross/anim_front.png build/assets/graphics/pokemon/heracross/anim_front.png.4bpp 
tools/gbagfx/gbagfx.exe graphics/pokemon/hitmonchan/anim_front.png build/assets/graphics/pokemon/hitmonchan/anim_front.png.4bpp 
tools/gbagfx/gbagfx.exe graphics/pokemon/hitmonlee/anim_front.png build/assets/graphics/pokemon/hitmonlee/anim_front.png.4bpp 
tools/gbagfx/gbagfx.exe graphics/pokemon/hitmontop/anim_front.png build/assets/graphics/pokemon/hitmontop/anim_front.png.4bpp 
tools/gbagfx/gbagfx.exe graphics/pokemon/ho_oh/anim_front.png build/assets/graphics/pokemon/ho_oh/anim_front.png.4bpp 
tools/gbagfx/gbagfx.exe graphics/pokemon/hoothoot/anim_front.png build/assets/graphics/pokemon/hoothoot/anim_front.png.4bpp 
tools/gbagfx/gbagfx.exe graphics/pokemon/hoppip/anim_front.png build/assets/graphics/pokemon/hoppip/anim_front.png.4bpp 
tools/gbagfx/gbagfx.exe graphics/pokemon/horsea/anim_front.png build/assets/graphics/pokemon/horsea/anim_front.png.4bpp 
tools/gbagfx/gbagfx.exe graphics/pokemon/houndoom/anim_front.png build/assets/graphics/pokemon/houndoom/anim_front.png.4bpp 
tools/gbagfx/gbagfx.exe graphics/pokemon/houndour/anim_front.png build/assets/graphics/pokemon/houndour/anim_front.png.4bpp 
tools/gbagfx/gbagfx.exe graphics/pokemon/huntail/anim_front.png build/assets/graphics/pokemon/huntail/anim_front.png.4bpp 
tools/gbagfx/gbagfx.exe graphics/pokemon/hypno/anim_front.png build/assets/graphics/pokemon/hypno/anim_front.png.4bpp 
tools/gbagfx/gbagfx.exe graphics/pokemon/igglybuff/anim_front.png build/assets/graphics/pokemon/igglybuff/anim_front.png.4bpp 
tools/gbagfx/gbagfx.exe graphics/pokemon/illumise/anim_front.png build/assets/graphics/pokemon/illumise/anim_front.png.4bpp 
tools/gbagfx/gbagfx.exe graphics/pokemon/ivysaur/anim_front.png build/assets/graphics/pokemon/ivysaur/anim_front.png.4bpp 
tools/gbagfx/gbagfx.exe graphics/pokemon/jigglypuff/anim_front.png build/assets/graphics/pokemon/jigglypuff/anim_front.png.4bpp 
tools/gbagfx/gbagfx.exe graphics/pokemon/jirachi/anim_front.png build/assets/graphics/pokemon/jirachi/anim_front.png.4bpp 
tools/gbagfx/gbagfx.exe graphics/pokemon/jumpluff/anim_front.png build/assets/graphics/pokemon/jumpluff/anim_front.png.4bpp 
tools/gbagfx/gbagfx.exe graphics/pokemon/jolteon/anim_front.png build/assets/graphics/pokemon/jolteon/anim_front.png.4bpp 
tools/gbagfx/gbagfx.exe graphics/pokemon/jynx/anim_front.png build/assets/graphics/pokemon/jynx/anim_front.png.4bpp 
tools/gbagfx/gbagfx.exe graphics/pokemon/kabuto/anim_front.png build/assets/graphics/pokemon/kabuto/anim_front.png.4bpp 
tools/gbagfx/gbagfx.exe graphics/pokemon/kabutops/anim_front.png build/assets/graphics/pokemon/kabutops/anim_front.png.4bpp 
tools/gbagfx/gbagfx.exe graphics/pokemon/kadabra/anim_front.png build/assets/graphics/pokemon/kadabra/anim_front.png.4bpp 
tools/gbagfx/gbagfx.exe graphics/pokemon/kakuna/anim_front.png build/assets/graphics/pokemon/kakuna/anim_front.png.4bpp 
tools/gbagfx/gbagfx.exe graphics/pokemon/kangaskhan/anim_front.png build/assets/graphics/pokemon/kangaskhan/anim_front.png.4bpp 
tools/gbagfx/gbagfx.exe graphics/pokemon/kecleon/anim_front.png build/assets/graphics/pokemon/kecleon/anim_front.png.4bpp 
tools/gbagfx/gbagfx.exe graphics/pokemon/kingdra/anim_front.png build/assets/graphics/pokemon/kingdra/anim_front.png.4bpp 
tools/gbagfx/gbagfx.exe graphics/pokemon/kingler/anim_front.png build/assets/graphics/pokemon/kingler/anim_front.png.4bpp 
tools/gbagfx/gbagfx.exe graphics/pokemon/kirlia/anim_front.png build/assets/graphics/pokemon/kirlia/anim_front.png.4bpp 
tools/gbagfx/gbagfx.exe graphics/pokemon/koffing/anim_front.png build/assets/graphics/pokemon/koffing/anim_front.png.4bpp 
tools/gbagfx/gbagfx.exe graphics/pokemon/krabby/anim_front.png build/assets/graphics/pokemon/krabby/anim_front.png.4bpp 
tools/gbagfx/gbagfx.exe graphics/pokemon/lairon/anim_front.png build/assets/graphics/pokemon/lairon/anim_front.png.4bpp 
tools/gbagfx/gbagfx.exe graphics/pokemon/kyogre/anim_front.png build/assets/graphics/pokemon/kyogre/anim_front.png.4bpp 
tools/gbagfx/gbagfx.exe graphics/pokemon/lanturn/anim_front.png build/assets/graphics/pokemon/lanturn/anim_front.png.4bpp 
tools/gbagfx/gbagfx.exe graphics/pokemon/lapras/anim_front.png build/assets/graphics/pokemon/lapras/anim_front.png.4bpp 
tools/gbagfx/gbagfx.exe graphics/pokemon/larvitar/anim_front.png build/assets/graphics/pokemon/larvitar/anim_front.png.4bpp 
tools/gbagfx/gbagfx.exe graphics/pokemon/latias/anim_front.png build/assets/graphics/pokemon/latias/anim_front.png.4bpp 
tools/gbagfx/gbagfx.exe graphics/pokemon/latios/anim_front.png build/assets/graphics/pokemon/latios/anim_front.png.4bpp 
tools/gbagfx/gbagfx.exe graphics/pokemon/ledyba/anim_front.png build/assets/graphics/pokemon/ledyba/anim_front.png.4bpp 
tools/gbagfx/gbagfx.exe graphics/pokemon/ledian/anim_front.png build/assets/graphics/pokemon/ledian/anim_front.png.4bpp 
tools/gbagfx/gbagfx.exe graphics/pokemon/lickitung/anim_front.png build/assets/graphics/pokemon/lickitung/anim_front.png.4bpp 
tools/gbagfx/gbagfx.exe graphics/pokemon/lileep/anim_front.png build/assets/graphics/pokemon/lileep/anim_front.png.4bpp 
tools/gbagfx/gbagfx.exe graphics/pokemon/linoone/anim_front.png build/assets/graphics/pokemon/linoone/anim_front.png.4bpp 
tools/gbagfx/gbagfx.exe graphics/pokemon/lombre/anim_front.png build/assets/graphics/pokemon/lombre/anim_front.png.4bpp 
tools/gbagfx/gbagfx.exe graphics/pokemon/lotad/anim_front.png build/assets/graphics/pokemon/lotad/anim_front.png.4bpp 
tools/gbagfx/gbagfx.exe graphics/pokemon/loudred/anim_front.png build/assets/graphics/pokemon/loudred/anim_front.png.4bpp 
tools/gbagfx/gbagfx.exe graphics/pokemon/ludicolo/anim_front.png build/assets/graphics/pokemon/ludicolo/anim_front.png.4bpp 
tools/gbagfx/gbagfx.exe graphics/pokemon/lugia/anim_front.png build/assets/graphics/pokemon/lugia/anim_front.png.4bpp 
tools/gbagfx/gbagfx.exe graphics/pokemon/lunatone/anim_front.png build/assets/graphics/pokemon/lunatone/anim_front.png.4bpp 
tools/gbagfx/gbagfx.exe graphics/pokemon/luvdisc/anim_front.png build/assets/graphics/pokemon/luvdisc/anim_front.png.4bpp 
tools/gbagfx/gbagfx.exe graphics/pokemon/machamp/anim_front.png build/assets/graphics/pokemon/machamp/anim_front.png.4bpp 
tools/gbagfx/gbagfx.exe graphics/pokemon/machoke/anim_front.png build/assets/graphics/pokemon/machoke/anim_front.png.4bpp 
tools/gbagfx/gbagfx.exe graphics/pokemon/machop/anim_front.png build/assets/graphics/pokemon/machop/anim_front.png.4bpp 
tools/gbagfx/gbagfx.exe graphics/pokemon/magby/anim_front.png build/assets/graphics/pokemon/magby/anim_front.png.4bpp 
tools/gbagfx/gbagfx.exe graphics/pokemon/magcargo/anim_front.png build/assets/graphics/pokemon/magcargo/anim_front.png.4bpp 
tools/gbagfx/gbagfx.exe graphics/pokemon/magikarp/anim_front.png build/assets/graphics/pokemon/magikarp/anim_front.png.4bpp 
tools/gbagfx/gbagfx.exe graphics/pokemon/magmar/anim_front.png build/assets/graphics/pokemon/magmar/anim_front.png.4bpp 
tools/gbagfx/gbagfx.exe graphics/pokemon/magnemite/anim_front.png build/assets/graphics/pokemon/magnemite/anim_front.png.4bpp 
tools/gbagfx/gbagfx.exe graphics/pokemon/magneton/anim_front.png build/assets/graphics/pokemon/magneton/anim_front.png.4bpp 
tools/gbagfx/gbagfx.exe graphics/pokemon/manectric/anim_front.png build/assets/graphics/pokemon/manectric/anim_front.png.4bpp 
tools/gbagfx/gbagfx.exe graphics/pokemon/makuhita/anim_front.png build/assets/graphics/pokemon/makuhita/anim_front.png.4bpp 
tools/gbagfx/gbagfx.exe graphics/pokemon/mankey/anim_front.png build/assets/graphics/pokemon/mankey/anim_front.png.4bpp 
tools/gbagfx/gbagfx.exe graphics/pokemon/mantine/anim_front.png build/assets/graphics/pokemon/mantine/anim_front.png.4bpp 
tools/gbagfx/gbagfx.exe graphics/pokemon/mareep/anim_front.png build/assets/graphics/pokemon/mareep/anim_front.png.4bpp 
tools/gbagfx/gbagfx.exe graphics/pokemon/marill/anim_front.png build/assets/graphics/pokemon/marill/anim_front.png.4bpp 
tools/gbagfx/gbagfx.exe graphics/pokemon/marowak/anim_front.png build/assets/graphics/pokemon/marowak/anim_front.png.4bpp 
tools/gbagfx/gbagfx.exe graphics/pokemon/masquerain/anim_front.png build/assets/graphics/pokemon/masquerain/anim_front.png.4bpp 
tools/gbagfx/gbagfx.exe graphics/pokemon/marshtomp/anim_front.png build/assets/graphics/pokemon/marshtomp/anim_front.png.4bpp 
tools/gbagfx/gbagfx.exe graphics/pokemon/medicham/anim_front.png build/assets/graphics/pokemon/medicham/anim_front.png.4bpp 
tools/gbagfx/gbagfx.exe graphics/pokemon/mawile/anim_front.png build/assets/graphics/pokemon/mawile/anim_front.png.4bpp 
tools/gbagfx/gbagfx.exe graphics/pokemon/meditite/anim_front.png build/assets/graphics/pokemon/meditite/anim_front.png.4bpp 
tools/gbagfx/gbagfx.exe graphics/pokemon/meowth/anim_front.png build/assets/graphics/pokemon/meowth/anim_front.png.4bpp 
tools/gbagfx/gbagfx.exe graphics/pokemon/meganium/anim_front.png build/assets/graphics/pokemon/meganium/anim_front.png.4bpp 
tools/gbagfx/gbagfx.exe graphics/pokemon/metagross/anim_front.png build/assets/graphics/pokemon/metagross/anim_front.png.4bpp 
tools/gbagfx/gbagfx.exe graphics/pokemon/metang/anim_front.png build/assets/graphics/pokemon/metang/anim_front.png.4bpp 
tools/gbagfx/gbagfx.exe graphics/pokemon/metapod/anim_front.png build/assets/graphics/pokemon/metapod/anim_front.png.4bpp 
tools/gbagfx/gbagfx.exe graphics/pokemon/mew/anim_front.png build/assets/graphics/pokemon/mew/anim_front.png.4bpp 
tools/gbagfx/gbagfx.exe graphics/pokemon/mightyena/anim_front.png build/assets/graphics/pokemon/mightyena/anim_front.png.4bpp 
tools/gbagfx/gbagfx.exe graphics/pokemon/mewtwo/anim_front.png build/assets/graphics/pokemon/mewtwo/anim_front.png.4bpp 
tools/gbagfx/gbagfx.exe graphics/pokemon/milotic/anim_front.png build/assets/graphics/pokemon/milotic/anim_front.png.4bpp 
tools/gbagfx/gbagfx.exe graphics/pokemon/miltank/anim_front.png build/assets/graphics/pokemon/miltank/anim_front.png.4bpp 
tools/gbagfx/gbagfx.exe graphics/pokemon/minun/anim_front.png build/assets/graphics/pokemon/minun/anim_front.png.4bpp 
tools/gbagfx/gbagfx.exe graphics/pokemon/misdreavus/anim_front.png build/assets/graphics/pokemon/misdreavus/anim_front.png.4bpp 
tools/gbagfx/gbagfx.exe graphics/pokemon/mr_mime/anim_front.png build/assets/graphics/pokemon/mr_mime/anim_front.png.4bpp 
tools/gbagfx/gbagfx.exe graphics/pokemon/moltres/anim_front.png build/assets/graphics/pokemon/moltres/anim_front.png.4bpp 
tools/gbagfx/gbagfx.exe graphics/pokemon/mudkip/anim_front.png build/assets/graphics/pokemon/mudkip/anim_front.png.4bpp 
tools/gbagfx/gbagfx.exe graphics/pokemon/muk/anim_front.png build/assets/graphics/pokemon/muk/anim_front.png.4bpp 
tools/gbagfx/gbagfx.exe graphics/pokemon/murkrow/anim_front.png build/assets/graphics/pokemon/murkrow/anim_front.png.4bpp 
tools/gbagfx/gbagfx.exe graphics/pokemon/natu/anim_front.png build/assets/graphics/pokemon/natu/anim_front.png.4bpp 
tools/gbagfx/gbagfx.exe graphics/pokemon/nidoking/anim_front.png build/assets/graphics/pokemon/nidoking/anim_front.png.4bpp 
tools/gbagfx/gbagfx.exe graphics/pokemon/nidoqueen/anim_front.png build/assets/graphics/pokemon/nidoqueen/anim_front.png.4bpp 
tools/gbagfx/gbagfx.exe graphics/pokemon/nidoran_f/anim_front.png build/assets/graphics/pokemon/nidoran_f/anim_front.png.4bpp 
tools/gbagfx/gbagfx.exe graphics/pokemon/nidoran_m/anim_front.png build/assets/graphics/pokemon/nidoran_m/anim_front.png.4bpp 
tools/gbagfx/gbagfx.exe graphics/pokemon/nidorina/anim_front.png build/assets/graphics/pokemon/nidorina/anim_front.png.4bpp 
tools/gbagfx/gbagfx.exe graphics/pokemon/nidorino/anim_front.png build/assets/graphics/pokemon/nidorino/anim_front.png.4bpp 
tools/gbagfx/gbagfx.exe graphics/pokemon/nincada/anim_front.png build/assets/graphics/pokemon/nincada/anim_front.png.4bpp 
tools/gbagfx/gbagfx.exe graphics/pokemon/ninetales/anim_front.png build/assets/graphics/pokemon/ninetales/anim_front.png.4bpp 
tools/gbagfx/gbagfx.exe graphics/pokemon/ninjask/anim_front.png build/assets/graphics/pokemon/ninjask/anim_front.png.4bpp 
tools/gbagfx/gbagfx.exe graphics/pokemon/nosepass/anim_front.png build/assets/graphics/pokemon/nosepass/anim_front.png.4bpp 
tools/gbagfx/gbagfx.exe graphics/pokemon/numel/anim_front.png build/assets/graphics/pokemon/numel/anim_front.png.4bpp 
tools/gbagfx/gbagfx.exe graphics/pokemon/noctowl/anim_front.png build/assets/graphics/pokemon/noctowl/anim_front.png.4bpp 
tools/gbagfx/gbagfx.exe graphics/pokemon/nuzleaf/anim_front.png build/assets/graphics/pokemon/nuzleaf/anim_front.png.4bpp 
tools/gbagfx/gbagfx.exe graphics/pokemon/octillery/anim_front.png build/assets/graphics/pokemon/octillery/anim_front.png.4bpp 
tools/gbagfx/gbagfx.exe graphics/pokemon/oddish/anim_front.png build/assets/graphics/pokemon/oddish/anim_front.png.4bpp 
tools/gbagfx/gbagfx.exe graphics/pokemon/omanyte/anim_front.png build/assets/graphics/pokemon/omanyte/anim_front.png.4bpp 
tools/gbagfx/gbagfx.exe graphics/pokemon/omastar/anim_front.png build/assets/graphics/pokemon/omastar/anim_front.png.4bpp 
tools/gbagfx/gbagfx.exe graphics/pokemon/onix/anim_front.png build/assets/graphics/pokemon/onix/anim_front.png.4bpp 
tools/gbagfx/gbagfx.exe graphics/pokemon/paras/anim_front.png build/assets/graphics/pokemon/paras/anim_front.png.4bpp 
tools/gbagfx/gbagfx.exe graphics/pokemon/parasect/anim_front.png build/assets/graphics/pokemon/parasect/anim_front.png.4bpp 
tools/gbagfx/gbagfx.exe graphics/pokemon/pelipper/anim_front.png build/assets/graphics/pokemon/pelipper/anim_front.png.4bpp 
tools/gbagfx/gbagfx.exe graphics/pokemon/persian/anim_front.png build/assets/graphics/pokemon/persian/anim_front.png.4bpp 
tools/gbagfx/gbagfx.exe graphics/pokemon/pichu/anim_front.png build/assets/graphics/pokemon/pichu/anim_front.png.4bpp 
tools/gbagfx/gbagfx.exe graphics/pokemon/pidgeot/anim_front.png build/assets/graphics/pokemon/pidgeot/anim_front.png.4bpp 
tools/gbagfx/gbagfx.exe graphics/pokemon/phanpy/anim_front.png build/assets/graphics/pokemon/phanpy/anim_front.png.4bpp 
tools/gbagfx/gbagfx.exe graphics/pokemon/pidgeotto/anim_front.png build/assets/graphics/pokemon/pidgeotto/anim_front.png.4bpp 
tools/gbagfx/gbagfx.exe graphics/pokemon/pikachu/anim_front.png build/assets/graphics/pokemon/pikachu/anim_front.png.4bpp 
tools/gbagfx/gbagfx.exe graphics/pokemon/pidgey/anim_front.png build/assets/graphics/pokemon/pidgey/anim_front.png.4bpp 
tools/gbagfx/gbagfx.exe graphics/pokemon/piloswine/anim_front.png build/assets/graphics/pokemon/piloswine/anim_front.png.4bpp 
tools/gbagfx/gbagfx.exe graphics/pokemon/pineco/anim_front.png build/assets/graphics/pokemon/pineco/anim_front.png.4bpp 
tools/gbagfx/gbagfx.exe graphics/pokemon/pinsir/anim_front.png build/assets/graphics/pokemon/pinsir/anim_front.png.4bpp 
tools/gbagfx/gbagfx.exe graphics/pokemon/plusle/anim_front.png build/assets/graphics/pokemon/plusle/anim_front.png.4bpp 
tools/gbagfx/gbagfx.exe graphics/pokemon/politoed/anim_front.png build/assets/graphics/pokemon/politoed/anim_front.png.4bpp 
tools/gbagfx/gbagfx.exe graphics/pokemon/poliwag/anim_front.png build/assets/graphics/pokemon/poliwag/anim_front.png.4bpp 
tools/gbagfx/gbagfx.exe graphics/pokemon/poliwhirl/anim_front.png build/assets/graphics/pokemon/poliwhirl/anim_front.png.4bpp 
tools/gbagfx/gbagfx.exe graphics/pokemon/poliwrath/anim_front.png build/assets/graphics/pokemon/poliwrath/anim_front.png.4bpp 
tools/gbagfx/gbagfx.exe graphics/pokemon/ponyta/anim_front.png build/assets/graphics/pokemon/ponyta/anim_front.png.4bpp 
tools/gbagfx/gbagfx.exe graphics/pokemon/porygon/anim_front.png build/assets/graphics/pokemon/porygon/anim_front.png.4bpp 
tools/gbagfx/gbagfx.exe graphics/pokemon/poochyena/anim_front.png build/assets/graphics/pokemon/poochyena/anim_front.png.4bpp 
tools/gbagfx/gbagfx.exe graphics/pokemon/porygon2/anim_front.png build/assets/graphics/pokemon/porygon2/anim_front.png.4bpp 
tools/gbagfx/gbagfx.exe graphics/pokemon/primeape/anim_front.png build/assets/graphics/pokemon/primeape/anim_front.png.4bpp 
tools/gbagfx/gbagfx.exe graphics/pokemon/psyduck/anim_front.png build/assets/graphics/pokemon/psyduck/anim_front.png.4bpp 
tools/gbagfx/gbagfx.exe graphics/pokemon/pupitar/anim_front.png build/assets/graphics/pokemon/pupitar/anim_front.png.4bpp 
tools/gbagfx/gbagfx.exe graphics/pokemon/quagsire/anim_front.png build/assets/graphics/pokemon/quagsire/anim_front.png.4bpp 
tools/gbagfx/gbagfx.exe graphics/pokemon/question_mark/circled/anim_front.png build/assets/graphics/pokemon/question_mark/circled/anim_front.png.4bpp 
tools/gbagfx/gbagfx.exe graphics/pokemon/question_mark/double/anim_front.png build/assets/graphics/pokemon/question_mark/double/anim_front.png.4bpp 
tools/gbagfx/gbagfx.exe graphics/pokemon/quilava/anim_front.png build/assets/graphics/pokemon/quilava/anim_front.png.4bpp 
tools/gbagfx/gbagfx.exe graphics/pokemon/raichu/anim_front.png build/assets/graphics/pokemon/raichu/anim_front.png.4bpp 
tools/gbagfx/gbagfx.exe graphics/pokemon/qwilfish/anim_front.png build/assets/graphics/pokemon/qwilfish/anim_front.png.4bpp 
tools/gbagfx/gbagfx.exe graphics/pokemon/raikou/anim_front.png build/assets/graphics/pokemon/raikou/anim_front.png.4bpp 
tools/gbagfx/gbagfx.exe graphics/pokemon/ralts/anim_front.png build/assets/graphics/pokemon/ralts/anim_front.png.4bpp 
tools/gbagfx/gbagfx.exe graphics/pokemon/rapidash/anim_front.png build/assets/graphics/pokemon/rapidash/anim_front.png.4bpp 
tools/gbagfx/gbagfx.exe graphics/pokemon/raticate/anim_front.png build/assets/graphics/pokemon/raticate/anim_front.png.4bpp 
tools/gbagfx/gbagfx.exe graphics/pokemon/rattata/anim_front.png build/assets/graphics/pokemon/rattata/anim_front.png.4bpp 
tools/gbagfx/gbagfx.exe graphics/pokemon/rayquaza/anim_front.png build/assets/graphics/pokemon/rayquaza/anim_front.png.4bpp 
tools/gbagfx/gbagfx.exe graphics/pokemon/regice/anim_front.png build/assets/graphics/pokemon/regice/anim_front.png.4bpp 
tools/gbagfx/gbagfx.exe graphics/pokemon/regirock/anim_front.png build/assets/graphics/pokemon/regirock/anim_front.png.4bpp 
tools/gbagfx/gbagfx.exe graphics/pokemon/registeel/anim_front.png build/assets/graphics/pokemon/registeel/anim_front.png.4bpp 
tools/gbagfx/gbagfx.exe graphics/pokemon/relicanth/anim_front.png build/assets/graphics/pokemon/relicanth/anim_front.png.4bpp 
tools/gbagfx/gbagfx.exe graphics/pokemon/rhydon/anim_front.png build/assets/graphics/pokemon/rhydon/anim_front.png.4bpp 
tools/gbagfx/gbagfx.exe graphics/pokemon/remoraid/anim_front.png build/assets/graphics/pokemon/remoraid/anim_front.png.4bpp 
tools/gbagfx/gbagfx.exe graphics/pokemon/rhyhorn/anim_front.png build/assets/graphics/pokemon/rhyhorn/anim_front.png.4bpp 
tools/gbagfx/gbagfx.exe graphics/pokemon/sableye/anim_front.png build/assets/graphics/pokemon/sableye/anim_front.png.4bpp 
tools/gbagfx/gbagfx.exe graphics/pokemon/salamence/anim_front.png build/assets/graphics/pokemon/salamence/anim_front.png.4bpp 
tools/gbagfx/gbagfx.exe graphics/pokemon/roselia/anim_front.png build/assets/graphics/pokemon/roselia/anim_front.png.4bpp 
tools/gbagfx/gbagfx.exe graphics/pokemon/sandslash/anim_front.png build/assets/graphics/pokemon/sandslash/anim_front.png.4bpp 
tools/gbagfx/gbagfx.exe graphics/pokemon/sandshrew/anim_front.png build/assets/graphics/pokemon/sandshrew/anim_front.png.4bpp 
tools/gbagfx/gbagfx.exe graphics/pokemon/sceptile/anim_front.png build/assets/graphics/pokemon/sceptile/anim_front.png.4bpp 
tools/gbagfx/gbagfx.exe graphics/pokemon/scizor/anim_front.png build/assets/graphics/pokemon/scizor/anim_front.png.4bpp 
tools/gbagfx/gbagfx.exe graphics/pokemon/seadra/anim_front.png build/assets/graphics/pokemon/seadra/anim_front.png.4bpp 
tools/gbagfx/gbagfx.exe graphics/pokemon/scyther/anim_front.png build/assets/graphics/pokemon/scyther/anim_front.png.4bpp 
tools/gbagfx/gbagfx.exe graphics/pokemon/seaking/anim_front.png build/assets/graphics/pokemon/seaking/anim_front.png.4bpp 
tools/gbagfx/gbagfx.exe graphics/pokemon/seedot/anim_front.png build/assets/graphics/pokemon/seedot/anim_front.png.4bpp 
tools/gbagfx/gbagfx.exe graphics/pokemon/sealeo/anim_front.png build/assets/graphics/pokemon/sealeo/anim_front.png.4bpp 
tools/gbagfx/gbagfx.exe graphics/pokemon/seel/anim_front.png build/assets/graphics/pokemon/seel/anim_front.png.4bpp 
tools/gbagfx/gbagfx.exe graphics/pokemon/sentret/anim_front.png build/assets/graphics/pokemon/sentret/anim_front.png.4bpp 
tools/gbagfx/gbagfx.exe graphics/pokemon/seviper/anim_front.png build/assets/graphics/pokemon/seviper/anim_front.png.4bpp 
tools/gbagfx/gbagfx.exe graphics/pokemon/sharpedo/anim_front.png build/assets/graphics/pokemon/sharpedo/anim_front.png.4bpp 
tools/gbagfx/gbagfx.exe graphics/pokemon/shedinja/anim_front.png build/assets/graphics/pokemon/shedinja/anim_front.png.4bpp 
tools/gbagfx/gbagfx.exe graphics/pokemon/shelgon/anim_front.png build/assets/graphics/pokemon/shelgon/anim_front.png.4bpp 
tools/gbagfx/gbagfx.exe graphics/pokemon/shellder/anim_front.png build/assets/graphics/pokemon/shellder/anim_front.png.4bpp 
tools/gbagfx/gbagfx.exe graphics/pokemon/shiftry/anim_front.png build/assets/graphics/pokemon/shiftry/anim_front.png.4bpp 
tools/gbagfx/gbagfx.exe graphics/pokemon/shuckle/anim_front.png build/assets/graphics/pokemon/shuckle/anim_front.png.4bpp 
tools/gbagfx/gbagfx.exe graphics/pokemon/shroomish/anim_front.png build/assets/graphics/pokemon/shroomish/anim_front.png.4bpp 
tools/gbagfx/gbagfx.exe graphics/pokemon/shuppet/anim_front.png build/assets/graphics/pokemon/shuppet/anim_front.png.4bpp 
tools/gbagfx/gbagfx.exe graphics/pokemon/silcoon/anim_front.png build/assets/graphics/pokemon/silcoon/anim_front.png.4bpp 
tools/gbagfx/gbagfx.exe graphics/pokemon/skarmory/anim_front.png build/assets/graphics/pokemon/skarmory/anim_front.png.4bpp 
tools/gbagfx/gbagfx.exe graphics/pokemon/skiploom/anim_front.png build/assets/graphics/pokemon/skiploom/anim_front.png.4bpp 
tools/gbagfx/gbagfx.exe graphics/pokemon/skitty/anim_front.png build/assets/graphics/pokemon/skitty/anim_front.png.4bpp 
tools/gbagfx/gbagfx.exe graphics/pokemon/slowbro/anim_front.png build/assets/graphics/pokemon/slowbro/anim_front.png.4bpp 
tools/gbagfx/gbagfx.exe graphics/pokemon/slaking/anim_front.png build/assets/graphics/pokemon/slaking/anim_front.png.4bpp 
tools/gbagfx/gbagfx.exe graphics/pokemon/slowpoke/anim_front.png build/assets/graphics/pokemon/slowpoke/anim_front.png.4bpp 
tools/gbagfx/gbagfx.exe graphics/pokemon/slakoth/anim_front.png build/assets/graphics/pokemon/slakoth/anim_front.png.4bpp 
tools/gbagfx/gbagfx.exe graphics/pokemon/slowking/anim_front.png build/assets/graphics/pokemon/slowking/anim_front.png.4bpp 
tools/gbagfx/gbagfx.exe graphics/pokemon/squirtle/anim_front.png build/assets/graphics/pokemon/squirtle/anim_front.png.4bpp 
tools/gbagfx/gbagfx.exe graphics/pokemon/stantler/anim_front.png build/assets/graphics/pokemon/stantler/anim_front.png.4bpp 
tools/gbagfx/gbagfx.exe graphics/pokemon/slugma/anim_front.png build/assets/graphics/pokemon/slugma/anim_front.png.4bpp 
tools/gbagfx/gbagfx.exe graphics/pokemon/smeargle/anim_front.png build/assets/graphics/pokemon/smeargle/anim_front.png.4bpp 
tools/gbagfx/gbagfx.exe graphics/pokemon/starmie/anim_front.png build/assets/graphics/pokemon/starmie/anim_front.png.4bpp 
tools/gbagfx/gbagfx.exe graphics/pokemon/spoink/anim_front.png build/assets/graphics/pokemon/spoink/anim_front.png.4bpp 
tools/gbagfx/gbagfx.exe graphics/pokemon/spinda/anim_front.png build/assets/graphics/pokemon/spinda/anim_front.png.4bpp 
tools/gbagfx/gbagfx.exe graphics/pokemon/spinarak/anim_front.png build/assets/graphics/pokemon/spinarak/anim_front.png.4bpp 
tools/gbagfx/gbagfx.exe graphics/pokemon/spheal/anim_front.png build/assets/graphics/pokemon/spheal/anim_front.png.4bpp 
tools/gbagfx/gbagfx.exe graphics/pokemon/spearow/anim_front.png build/assets/graphics/pokemon/spearow/anim_front.png.4bpp 
tools/gbagfx/gbagfx.exe graphics/pokemon/solrock/anim_front.png build/assets/graphics/pokemon/solrock/anim_front.png.4bpp 
tools/gbagfx/gbagfx.exe graphics/pokemon/snubbull/anim_front.png build/assets/graphics/pokemon/snubbull/anim_front.png.4bpp 
tools/gbagfx/gbagfx.exe graphics/pokemon/snorunt/anim_front.png build/assets/graphics/pokemon/snorunt/anim_front.png.4bpp 
tools/gbagfx/gbagfx.exe graphics/pokemon/snorlax/anim_front.png build/assets/graphics/pokemon/snorlax/anim_front.png.4bpp 
tools/gbagfx/gbagfx.exe graphics/pokemon/sneasel/anim_front.png build/assets/graphics/pokemon/sneasel/anim_front.png.4bpp 
tools/gbagfx/gbagfx.exe graphics/pokemon/smoochum/anim_front.png build/assets/graphics/pokemon/smoochum/anim_front.png.4bpp 
tools/gbagfx/gbagfx.exe graphics/pokemon/staryu/anim_front.png build/assets/graphics/pokemon/staryu/anim_front.png.4bpp 
tools/gbagfx/gbagfx.exe graphics/pokemon/steelix/anim_front.png build/assets/graphics/pokemon/steelix/anim_front.png.4bpp 
tools/gbagfx/gbagfx.exe graphics/pokemon/sudowoodo/anim_front.png build/assets/graphics/pokemon/sudowoodo/anim_front.png.4bpp 
tools/gbagfx/gbagfx.exe graphics/pokemon/suicune/anim_front.png build/assets/graphics/pokemon/suicune/anim_front.png.4bpp 
tools/gbagfx/gbagfx.exe graphics/pokemon/sunflora/anim_front.png build/assets/graphics/pokemon/sunflora/anim_front.png.4bpp 
tools/gbagfx/gbagfx.exe graphics/pokemon/sunkern/anim_front.png build/assets/graphics/pokemon/sunkern/anim_front.png.4bpp 
tools/gbagfx/gbagfx.exe graphics/pokemon/surskit/anim_front.png build/assets/graphics/pokemon/surskit/anim_front.png.4bpp 
tools/gbagfx/gbagfx.exe graphics/pokemon/swalot/anim_front.png build/assets/graphics/pokemon/swalot/anim_front.png.4bpp 
tools/gbagfx/gbagfx.exe graphics/pokemon/swablu/anim_front.png build/assets/graphics/pokemon/swablu/anim_front.png.4bpp 
tools/gbagfx/gbagfx.exe graphics/pokemon/swampert/anim_front.png build/assets/graphics/pokemon/swampert/anim_front.png.4bpp 
tools/gbagfx/gbagfx.exe graphics/pokemon/swellow/anim_front.png build/assets/graphics/pokemon/swellow/anim_front.png.4bpp 
tools/gbagfx/gbagfx.exe graphics/pokemon/taillow/anim_front.png build/assets/graphics/pokemon/taillow/anim_front.png.4bpp 
tools/gbagfx/gbagfx.exe graphics/pokemon/swinub/anim_front.png build/assets/graphics/pokemon/swinub/anim_front.png.4bpp 
tools/gbagfx/gbagfx.exe graphics/pokemon/tangela/anim_front.png build/assets/graphics/pokemon/tangela/anim_front.png.4bpp 
tools/gbagfx/gbagfx.exe graphics/pokemon/tauros/anim_front.png build/assets/graphics/pokemon/tauros/anim_front.png.4bpp 
tools/gbagfx/gbagfx.exe graphics/pokemon/teddiursa/anim_front.png build/assets/graphics/pokemon/teddiursa/anim_front.png.4bpp 
tools/gbagfx/gbagfx.exe graphics/pokemon/tentacool/anim_front.png build/assets/graphics/pokemon/tentacool/anim_front.png.4bpp 
tools/gbagfx/gbagfx.exe graphics/pokemon/tentacruel/anim_front.png build/assets/graphics/pokemon/tentacruel/anim_front.png.4bpp 
tools/gbagfx/gbagfx.exe graphics/pokemon/togepi/anim_front.png build/assets/graphics/pokemon/togepi/anim_front.png.4bpp 
tools/gbagfx/gbagfx.exe graphics/pokemon/togetic/anim_front.png build/assets/graphics/pokemon/togetic/anim_front.png.4bpp 
tools/gbagfx/gbagfx.exe graphics/pokemon/torchic/anim_front.png build/assets/graphics/pokemon/torchic/anim_front.png.4bpp 
tools/gbagfx/gbagfx.exe graphics/pokemon/totodile/anim_front.png build/assets/graphics/pokemon/totodile/anim_front.png.4bpp 
tools/gbagfx/gbagfx.exe graphics/pokemon/torkoal/anim_front.png build/assets/graphics/pokemon/torkoal/anim_front.png.4bpp 
tools/gbagfx/gbagfx.exe graphics/pokemon/trapinch/anim_front.png build/assets/graphics/pokemon/trapinch/anim_front.png.4bpp 
tools/gbagfx/gbagfx.exe graphics/pokemon/treecko/anim_front.png build/assets/graphics/pokemon/treecko/anim_front.png.4bpp 
tools/gbagfx/gbagfx.exe graphics/pokemon/tropius/anim_front.png build/assets/graphics/pokemon/tropius/anim_front.png.4bpp 
tools/gbagfx/gbagfx.exe graphics/pokemon/typhlosion/anim_front.png build/assets/graphics/pokemon/typhlosion/anim_front.png.4bpp 
tools/gbagfx/gbagfx.exe graphics/pokemon/tyranitar/anim_front.png build/assets/graphics/pokemon/tyranitar/anim_front.png.4bpp 
tools/gbagfx/gbagfx.exe graphics/pokemon/umbreon/anim_front.png build/assets/graphics/pokemon/umbreon/anim_front.png.4bpp 
tools/gbagfx/gbagfx.exe graphics/pokemon/tyrogue/anim_front.png build/assets/graphics/pokemon/tyrogue/anim_front.png.4bpp 
tools/gbagfx/gbagfx.exe graphics/pokemon/unown/b/anim_front.png build/assets/graphics/pokemon/unown/b/anim_front.png.4bpp 
tools/gbagfx/gbagfx.exe graphics/pokemon/unown/a/anim_front.png build/assets/graphics/pokemon/unown/a/anim_front.png.4bpp 
tools/gbagfx/gbagfx.exe graphics/pokemon/unown/c/anim_front.png build/assets/graphics/pokemon/unown/c/anim_front.png.4bpp 
tools/gbagfx/gbagfx.exe graphics/pokemon/unown/d/anim_front.png build/assets/graphics/pokemon/unown/d/anim_front.png.4bpp 
tools/gbagfx/gbagfx.exe graphics/pokemon/unown/exclamation_mark/anim_front.png build/assets/graphics/pokemon/unown/exclamation_mark/anim_front.png.4bpp 
tools/gbagfx/gbagfx.exe graphics/pokemon/unown/e/anim_front.png build/assets/graphics/pokemon/unown/e/anim_front.png.4bpp 
tools/gbagfx/gbagfx.exe graphics/pokemon/unown/f/anim_front.png build/assets/graphics/pokemon/unown/f/anim_front.png.4bpp 
tools/gbagfx/gbagfx.exe graphics/pokemon/unown/g/anim_front.png build/assets/graphics/pokemon/unown/g/anim_front.png.4bpp 
tools/gbagfx/gbagfx.exe graphics/pokemon/unown/h/anim_front.png build/assets/graphics/pokemon/unown/h/anim_front.png.4bpp 
tools/gbagfx/gbagfx.exe graphics/pokemon/unown/i/anim_front.png build/assets/graphics/pokemon/unown/i/anim_front.png.4bpp 
tools/gbagfx/gbagfx.exe graphics/pokemon/unown/j/anim_front.png build/assets/graphics/pokemon/unown/j/anim_front.png.4bpp 
tools/gbagfx/gbagfx.exe graphics/pokemon/unown/k/anim_front.png build/assets/graphics/pokemon/unown/k/anim_front.png.4bpp 
tools/gbagfx/gbagfx.exe graphics/pokemon/unown/l/anim_front.png build/assets/graphics/pokemon/unown/l/anim_front.png.4bpp 
tools/gbagfx/gbagfx.exe graphics/pokemon/unown/m/anim_front.png build/assets/graphics/pokemon/unown/m/anim_front.png.4bpp 
tools/gbagfx/gbagfx.exe graphics/pokemon/unown/n/anim_front.png build/assets/graphics/pokemon/unown/n/anim_front.png.4bpp 
tools/gbagfx/gbagfx.exe graphics/pokemon/unown/o/anim_front.png build/assets/graphics/pokemon/unown/o/anim_front.png.4bpp 
tools/gbagfx/gbagfx.exe graphics/pokemon/unown/p/anim_front.png build/assets/graphics/pokemon/unown/p/anim_front.png.4bpp 
tools/gbagfx/gbagfx.exe graphics/pokemon/unown/q/anim_front.png build/assets/graphics/pokemon/unown/q/anim_front.png.4bpp 
tools/gbagfx/gbagfx.exe graphics/pokemon/unown/question_mark/anim_front.png build/assets/graphics/pokemon/unown/question_mark/anim_front.png.4bpp 
tools/gbagfx/gbagfx.exe graphics/pokemon/unown/r/anim_front.png build/assets/graphics/pokemon/unown/r/anim_front.png.4bpp 
tools/gbagfx/gbagfx.exe graphics/pokemon/unown/t/anim_front.png build/assets/graphics/pokemon/unown/t/anim_front.png.4bpp 
tools/gbagfx/gbagfx.exe graphics/pokemon/unown/s/anim_front.png build/assets/graphics/pokemon/unown/s/anim_front.png.4bpp 
tools/gbagfx/gbagfx.exe graphics/pokemon/unown/u/anim_front.png build/assets/graphics/pokemon/unown/u/anim_front.png.4bpp 
tools/gbagfx/gbagfx.exe graphics/pokemon/unown/v/anim_front.png build/assets/graphics/pokemon/unown/v/anim_front.png.4bpp 
tools/gbagfx/gbagfx.exe graphics/pokemon/unown/w/anim_front.png build/assets/graphics/pokemon/unown/w/anim_front.png.4bpp 
tools/gbagfx/gbagfx.exe graphics/pokemon/unown/x/anim_front.png build/assets/graphics/pokemon/unown/x/anim_front.png.4bpp 
tools/gbagfx/gbagfx.exe graphics/pokemon/unown/y/anim_front.png build/assets/graphics/pokemon/unown/y/anim_front.png.4bpp 
tools/gbagfx/gbagfx.exe graphics/pokemon/unown/z/anim_front.png build/assets/graphics/pokemon/unown/z/anim_front.png.4bpp 
tools/gbagfx/gbagfx.exe graphics/pokemon/ursaring/anim_front.png build/assets/graphics/pokemon/ursaring/anim_front.png.4bpp 
tools/gbagfx/gbagfx.exe graphics/pokemon/vaporeon/anim_front.png build/assets/graphics/pokemon/vaporeon/anim_front.png.4bpp 
tools/gbagfx/gbagfx.exe graphics/pokemon/venomoth/anim_front.png build/assets/graphics/pokemon/venomoth/anim_front.png.4bpp 
tools/gbagfx/gbagfx.exe graphics/pokemon/venonat/anim_front.png build/assets/graphics/pokemon/venonat/anim_front.png.4bpp 
tools/gbagfx/gbagfx.exe graphics/pokemon/venusaur/anim_front.png build/assets/graphics/pokemon/venusaur/anim_front.png.4bpp 
tools/gbagfx/gbagfx.exe graphics/pokemon/vibrava/anim_front.png build/assets/graphics/pokemon/vibrava/anim_front.png.4bpp 
tools/gbagfx/gbagfx.exe graphics/pokemon/victreebel/anim_front.png build/assets/graphics/pokemon/victreebel/anim_front.png.4bpp 
tools/gbagfx/gbagfx.exe graphics/pokemon/vigoroth/anim_front.png build/assets/graphics/pokemon/vigoroth/anim_front.png.4bpp 
tools/gbagfx/gbagfx.exe graphics/pokemon/vileplume/anim_front.png build/assets/graphics/pokemon/vileplume/anim_front.png.4bpp 
tools/gbagfx/gbagfx.exe graphics/pokemon/volbeat/anim_front.png build/assets/graphics/pokemon/volbeat/anim_front.png.4bpp 
tools/gbagfx/gbagfx.exe graphics/pokemon/voltorb/anim_front.png build/assets/graphics/pokemon/voltorb/anim_front.png.4bpp 
tools/gbagfx/gbagfx.exe graphics/pokemon/vulpix/anim_front.png build/assets/graphics/pokemon/vulpix/anim_front.png.4bpp 
tools/gbagfx/gbagfx.exe graphics/pokemon/wailord/anim_front.png build/assets/graphics/pokemon/wailord/anim_front.png.4bpp 
tools/gbagfx/gbagfx.exe graphics/pokemon/wailmer/anim_front.png build/assets/graphics/pokemon/wailmer/anim_front.png.4bpp 
tools/gbagfx/gbagfx.exe graphics/pokemon/walrein/anim_front.png build/assets/graphics/pokemon/walrein/anim_front.png.4bpp 
tools/gbagfx/gbagfx.exe graphics/pokemon/wartortle/anim_front.png build/assets/graphics/pokemon/wartortle/anim_front.png.4bpp 
tools/gbagfx/gbagfx.exe graphics/pokemon/weedle/anim_front.png build/assets/graphics/pokemon/weedle/anim_front.png.4bpp 
tools/gbagfx/gbagfx.exe graphics/pokemon/weepinbell/anim_front.png build/assets/graphics/pokemon/weepinbell/anim_front.png.4bpp 
tools/gbagfx/gbagfx.exe graphics/pokemon/weezing/anim_front.png build/assets/graphics/pokemon/weezing/anim_front.png.4bpp 
tools/gbagfx/gbagfx.exe graphics/pokemon/whiscash/anim_front.png build/assets/graphics/pokemon/whiscash/anim_front.png.4bpp 
tools/gbagfx/gbagfx.exe graphics/pokemon/whismur/anim_front.png build/assets/graphics/pokemon/whismur/anim_front.png.4bpp 
tools/gbagfx/gbagfx.exe graphics/pokemon/wigglytuff/anim_front.png build/assets/graphics/pokemon/wigglytuff/anim_front.png.4bpp 
tools/gbagfx/gbagfx.exe graphics/pokemon/wingull/anim_front.png build/assets/graphics/pokemon/wingull/anim_front.png.4bpp 
tools/gbagfx/gbagfx.exe graphics/pokemon/wobbuffet/anim_front.png build/assets/graphics/pokemon/wobbuffet/anim_front.png.4bpp 
tools/gbagfx/gbagfx.exe graphics/pokemon/wurmple/anim_front.png build/assets/graphics/pokemon/wurmple/anim_front.png.4bpp 
tools/gbagfx/gbagfx.exe graphics/pokemon/wooper/anim_front.png build/assets/graphics/pokemon/wooper/anim_front.png.4bpp 
tools/gbagfx/gbagfx.exe graphics/pokemon/wynaut/anim_front.png build/assets/graphics/pokemon/wynaut/anim_front.png.4bpp 
tools/gbagfx/gbagfx.exe graphics/pokemon/xatu/anim_front.png build/assets/graphics/pokemon/xatu/anim_front.png.4bpp 
tools/gbagfx/gbagfx.exe graphics/pokemon/zangoose/anim_front.png build/assets/graphics/pokemon/zangoose/anim_front.png.4bpp 
tools/gbagfx/gbagfx.exe graphics/pokemon/yanma/anim_front.png build/assets/graphics/pokemon/yanma/anim_front.png.4bpp 
tools/gbagfx/gbagfx.exe graphics/pokemon/zapdos/anim_front.png build/assets/graphics/pokemon/zapdos/anim_front.png.4bpp 
tools/gbagfx/gbagfx.exe graphics/pokemon/zigzagoon/anim_front.png build/assets/graphics/pokemon/zigzagoon/anim_front.png.4bpp 
tools/agbcc/bin/agbcc.exe <flags> -o build/emerald/src/apprentice.o src/apprentice.c
tools/gbagfx/gbagfx.exe graphics/pokemon/zubat/anim_front.png build/assets/graphics/pokemon/zubat/anim_front.png.4bpp 
tools/agbcc/bin/agbcc.exe <flags> -o build/emerald/src/bard_music.o src/bard_music.c
tools/agbcc/bin/agbcc.exe <flags> -o build/emerald/src/battle_ai_script_commands.o src/battle_ai_script_commands.c
tools/agbcc/bin/agbcc.exe <flags> -o build/emerald/src/battle_ai_switch_items.o src/battle_ai_switch_items.c
tools/agbcc/bin/agbcc.exe <flags> -o build/emerald/src/battle_anim.o src/battle_anim.c
tools/agbcc/bin/agbcc.exe <flags> -o build/emerald/src/battle_anim_bug.o src/battle_anim_bug.c
tools/agbcc/bin/agbcc.exe <flags> -o build/emerald/src/battle_anim_dark.o src/battle_anim_dark.c
tools/agbcc/bin/agbcc.exe <flags> -o build/emerald/src/battle_anim_dragon.o src/battle_anim_dragon.c
tools/agbcc/bin/agbcc.exe <flags> -o build/emerald/src/battle_anim_effects_1.o src/battle_anim_effects_1.c
tools/agbcc/bin/agbcc.exe <flags> -o build/emerald/src/battle_anim_effects_2.o src/battle_anim_effects_2.c
tools/agbcc/bin/agbcc.exe <flags> -o build/emerald/src/battle_anim_electric.o src/battle_anim_electric.c
tools/gbagfx/gbagfx.exe graphics/battle_anims/unused/unknown.pal build/assets/graphics/battle_anims/unused/unknown.pal.gbapal 
tools/agbcc/bin/agbcc.exe <flags> -o build/emerald/src/battle_anim_fight.o src/battle_anim_fight.c
tools/agbcc/bin/agbcc.exe <flags> -o build/emerald/src/battle_anim_fire.o src/battle_anim_fire.c
tools/agbcc/bin/agbcc.exe <flags> -o build/emerald/src/battle_anim_flying.o src/battle_anim_flying.c
tools/agbcc/bin/agbcc.exe <flags> -o build/emerald/src/battle_anim_ghost.o src/battle_anim_ghost.c
tools/agbcc/bin/agbcc.exe <flags> -o build/emerald/src/battle_anim_ground.o src/battle_anim_ground.c
tools/agbcc/bin/agbcc.exe <flags> -o build/emerald/src/battle_anim_ice.o src/battle_anim_ice.c
tools/agbcc/bin/agbcc.exe <flags> -o build/emerald/src/battle_anim_mon_movement.o src/battle_anim_mon_movement.c
tools/agbcc/bin/agbcc.exe <flags> -o build/emerald/src/battle_anim_mons.o src/battle_anim_mons.c
tools/agbcc/bin/agbcc.exe <flags> -o build/emerald/src/battle_anim_poison.o src/battle_anim_poison.c
tools/agbcc/bin/agbcc.exe <flags> -o build/emerald/src/battle_anim_normal.o src/battle_anim_normal.c
tools/agbcc/bin/agbcc.exe <flags> -o build/emerald/src/battle_anim_psychic.o src/battle_anim_psychic.c
tools/agbcc/bin/agbcc.exe <flags> -o build/emerald/src/battle_anim_rock.o src/battle_anim_rock.c
tools/agbcc/bin/agbcc.exe <flags> -o build/emerald/src/battle_anim_smokescreen.o src/battle_anim_smokescreen.c
tools/agbcc/bin/agbcc.exe <flags> -o build/emerald/src/battle_anim_sound_tasks.o src/battle_anim_sound_tasks.c
tools/agbcc/bin/agbcc.exe <flags> -o build/emerald/src/battle_anim_status_effects.o src/battle_anim_status_effects.c
tools/agbcc/bin/agbcc.exe <flags> -o build/emerald/src/battle_anim_throw.o src/battle_anim_throw.c
tools/agbcc/bin/agbcc.exe <flags> -o build/emerald/src/battle_anim_utility_funcs.o src/battle_anim_utility_funcs.c
tools/agbcc/bin/agbcc.exe <flags> -o build/emerald/src/battle_arena.o src/battle_arena.c
tools/gbagfx/gbagfx.exe graphics/battle_anims/unused/water_gfx.png build/assets/graphics/battle_anims/unused/water_gfx.png.4bpp 
tools/agbcc/bin/agbcc.exe <flags> -o build/emerald/src/battle_bg.o src/battle_bg.c
tools/agbcc/bin/agbcc.exe <flags> -o build/emerald/src/battle_controller_link_opponent.o src/battle_controller_link_opponent.c
tools/agbcc/bin/agbcc.exe <flags> -o build/emerald/src/battle_controller_link_partner.o src/battle_controller_link_partner.c
tools/agbcc/bin/agbcc.exe <flags> -o build/emerald/src/battle_controller_opponent.o src/battle_controller_opponent.c
tools/agbcc/bin/agbcc.exe <flags> -o build/emerald/src/battle_controller_player.o src/battle_controller_player.c
tools/agbcc/bin/agbcc.exe <flags> -o build/emerald/src/battle_controller_recorded_opponent.o src/battle_controller_recorded_opponent.c
tools/agbcc/bin/agbcc.exe <flags> -o build/emerald/src/battle_controller_player_partner.o src/battle_controller_player_partner.c
tools/agbcc/bin/agbcc.exe <flags> -o build/emerald/src/battle_controller_safari.o src/battle_controller_safari.c
tools/agbcc/bin/agbcc.exe <flags> -o build/emerald/src/battle_controller_recorded_player.o src/battle_controller_recorded_player.c
tools/agbcc/bin/agbcc.exe <flags> -o build/emerald/src/battle_controller_wally.o src/battle_controller_wally.c
tools/agbcc/bin/agbcc.exe <flags> -o build/emerald/src/battle_controllers.o src/battle_controllers.c
tools/agbcc/bin/agbcc.exe <flags> -o build/emerald/src/battle_dome.o src/battle_dome.c
tools/agbcc/bin/agbcc.exe <flags> -o build/emerald/src/battle_factory.o src/battle_factory.c
tools/gbagfx/gbagfx.exe graphics/battle_frontier/factory_screen/action_box_left.png build/assets/graphics/battle_frontier/factory_screen/action_box_left.png.4bpp 
tools/gbagfx/gbagfx.exe graphics/battle_frontier/factory_screen/action_box_right.png build/assets/graphics/battle_frontier/factory_screen/action_box_right.png.4bpp 
tools/gbagfx/gbagfx.exe graphics/battle_frontier/factory_screen/action_highlight_left.png build/assets/graphics/battle_frontier/factory_screen/action_highlight_left.png.4bpp 
tools/gbagfx/gbagfx.exe graphics/battle_frontier/factory_screen/action_highlight_middle.png build/assets/graphics/battle_frontier/factory_screen/action_highlight_middle.png.4bpp 
tools/gbagfx/gbagfx.exe graphics/battle_frontier/factory_screen/action_highlight_right.png build/assets/graphics/battle_frontier/factory_screen/action_highlight_right.png.4bpp 
tools/gbagfx/gbagfx.exe graphics/battle_frontier/factory_screen/interface.pal build/assets/graphics/battle_frontier/factory_screen/interface.pal.gbapal 
tools/gbagfx/gbagfx.exe graphics/battle_frontier/factory_screen/arrow.png build/assets/graphics/battle_frontier/factory_screen/arrow.png.4bpp 
tools/gbagfx/gbagfx.exe graphics/battle_frontier/factory_screen/menu_highlight_left.png build/assets/graphics/battle_frontier/factory_screen/menu_highlight_left.png.4bpp 
tools/gbagfx/gbagfx.exe graphics/battle_frontier/factory_screen/menu_highlight_right.png build/assets/graphics/battle_frontier/factory_screen/menu_highlight_right.png.4bpp 
tools/gbagfx/gbagfx.exe graphics/battle_frontier/factory_screen/mon_pic_bg.png build/assets/graphics/battle_frontier/factory_screen/mon_pic_bg.png.4bpp 
tools/gbagfx/gbagfx.exe graphics/battle_frontier/factory_screen/mon_pic_bg.png build/assets/graphics/battle_frontier/factory_screen/mon_pic_bg.png.gbapal 
tools/gbagfx/gbagfx.exe graphics/battle_frontier/factory_screen/pokeball.png build/assets/graphics/battle_frontier/factory_screen/pokeball.png.4bpp 
tools/gbagfx/gbagfx.exe graphics/battle_frontier/factory_screen/mon_pic_bg_anim.png build/assets/graphics/battle_frontier/factory_screen/mon_pic_bg_anim.png.4bpp 
tools/gbagfx/gbagfx.exe graphics/battle_frontier/factory_screen/pokeball_selected.pal build/assets/graphics/battle_frontier/factory_screen/pokeball_selected.pal.gbapal 
tools/gbagfx/gbagfx.exe graphics/battle_frontier/factory_screen/pokeball_gray.pal build/assets/graphics/battle_frontier/factory_screen/pokeball_gray.pal.gbapal 
tools/agbcc/bin/agbcc.exe <flags> -o build/emerald/src/battle_gfx_sfx_util.o src/battle_gfx_sfx_util.c
tools/gbagfx/gbagfx.exe graphics/battle_frontier/factory_screen/text.pal build/assets/graphics/battle_frontier/factory_screen/text.pal.gbapal 
tools/gbagfx/gbagfx.exe graphics/battle_interface/unused_status_summary.png build/assets/graphics/battle_interface/unused_status_summary.png.4bpp 
tools/agbcc/bin/agbcc.exe <flags> -o build/emerald/src/battle_intro.o src/battle_intro.c
tools/agbcc/bin/agbcc.exe <flags> -o build/emerald/src/battle_main.o src/battle_main.c
tools/agbcc/bin/agbcc.exe <flags> -o build/emerald/src/battle_message.o src/battle_message.c
tools/agbcc/bin/agbcc.exe <flags> -o build/emerald/src/battle_palace.o src/battle_palace.c
tools/agbcc/bin/agbcc.exe <flags> -o build/emerald/src/battle_pike.o src/battle_pike.c
tools/agbcc/bin/agbcc.exe <flags> -o build/emerald/src/battle_pyramid.o src/battle_pyramid.c
tools/agbcc/bin/agbcc.exe <flags> -o build/emerald/src/battle_pyramid_bag.o src/battle_pyramid_bag.c
tools/gbagfx/gbagfx.exe graphics/trainer_hill/records_window.png build/assets/graphics/trainer_hill/records_window.png.4bpp 
tools/gbagfx/gbagfx.exe graphics/trainer_hill/records_window.png build/assets/graphics/trainer_hill/records_window.png.gbapal 
tools/gbagfx/gbagfx.exe graphics/battle_interface/level_up_banner.png build/assets/graphics/battle_interface/level_up_banner.png.gbapal 
tools/gbagfx/gbagfx.exe graphics/battle_interface/level_up_banner.png build/assets/graphics/battle_interface/level_up_banner.png.4bpp 
tools/agbcc/bin/agbcc.exe <flags> -o build/emerald/src/battle_setup.o src/battle_setup.c
tools/agbcc/bin/agbcc.exe <flags> -o build/emerald/src/battle_tent.o src/battle_tent.c
tools/agbcc/bin/agbcc.exe <flags> -o build/emerald/src/battle_tower.o src/battle_tower.c
tools/gbagfx/gbagfx.exe graphics/battle_transitions/big_pokeball.png build/assets/graphics/battle_transitions/big_pokeball.png.4bpp 
tools/gbagfx/gbagfx.exe graphics/battle_transitions/brendan_bg.pal build/assets/graphics/battle_transitions/brendan_bg.pal.gbapal 
tools/gbagfx/gbagfx.exe graphics/battle_transitions/drake_bg.pal build/assets/graphics/battle_transitions/drake_bg.pal.gbapal 
tools/gbagfx/gbagfx.exe graphics/battle_transitions/evil_team.pal build/assets/graphics/battle_transitions/evil_team.pal.gbapal 
tools/gbagfx/gbagfx.exe graphics/battle_transitions/elite_four_bg.png build/assets/graphics/battle_transitions/elite_four_bg.png.4bpp 
tools/gbagfx/gbagfx.exe graphics/battle_transitions/frontier_squares_blanktiles.png graphics/battle_transitions/frontier_squares_blanktiles.4bpp
tools/gbagfx/gbagfx.exe graphics/battle_transitions/frontier_logo.png build/assets/graphics/battle_transitions/frontier_logo.png.4bpp 
tools/gbagfx/gbagfx.exe graphics/battle_transitions/frontier_logo.bin build/assets/graphics/battle_transitions/frontier_logo.bin.lz 
tools/gbagfx/gbagfx.exe graphics/battle_transitions/frontier_squares_1.png graphics/battle_transitions/frontier_squares_1.4bpp
tools/gbagfx/gbagfx.exe graphics/battle_transitions/frontier_squares_2.png graphics/battle_transitions/frontier_squares_2.4bpp
tools/gbagfx/gbagfx.exe graphics/battle_transitions/frontier_logo.png build/assets/graphics/battle_transitions/frontier_logo.png.gbapal 
tools/gbagfx/gbagfx.exe graphics/battle_transitions/frontier_squares_3.png graphics/battle_transitions/frontier_squares_3.4bpp
tools/gbagfx/gbagfx.exe graphics/battle_transitions/frontier_squares_4.png graphics/battle_transitions/frontier_squares_4.4bpp
tools/gbagfx/gbagfx.exe graphics/battle_transitions/glacia_bg.pal build/assets/graphics/battle_transitions/glacia_bg.pal.gbapal 
tools/gbagfx/gbagfx.exe graphics/battle_transitions/groudon.bin build/assets/graphics/battle_transitions/groudon.bin.lz 
tools/gbagfx/gbagfx.exe graphics/battle_transitions/groudon.png build/assets/graphics/battle_transitions/groudon.png.4bpp 
tools/gbagfx/gbagfx.exe graphics/battle_transitions/frontier_squares_blanktiles.png build/assets/graphics/battle_transitions/frontier_squares_blanktiles.png.gbapal 
tools/gbagfx/gbagfx.exe graphics/battle_transitions/groudon_pt1.pal build/assets/graphics/battle_transitions/groudon_pt1.pal.gbapal 
tools/gbagfx/gbagfx.exe graphics/battle_transitions/groudon_pt2.pal build/assets/graphics/battle_transitions/groudon_pt2.pal.gbapal 
tools/gbagfx/gbagfx.exe graphics/battle_transitions/kyogre.bin build/assets/graphics/battle_transitions/kyogre.bin.lz 
tools/gbagfx/gbagfx.exe graphics/battle_transitions/kyogre.png build/assets/graphics/battle_transitions/kyogre.png.4bpp 
tools/gbagfx/gbagfx.exe graphics/battle_transitions/kyogre_pt1.pal build/assets/graphics/battle_transitions/kyogre_pt1.pal.gbapal 
tools/gbagfx/gbagfx.exe graphics/battle_transitions/kyogre_pt2.pal build/assets/graphics/battle_transitions/kyogre_pt2.pal.gbapal 
tools/gbagfx/gbagfx.exe graphics/battle_transitions/may_bg.pal build/assets/graphics/battle_transitions/may_bg.pal.gbapal 
tools/gbagfx/gbagfx.exe graphics/battle_transitions/phoebe_bg.pal build/assets/graphics/battle_transitions/phoebe_bg.pal.gbapal 
tools/gbagfx/gbagfx.exe graphics/battle_transitions/pokeball.png build/assets/graphics/battle_transitions/pokeball.png.4bpp 
tools/gbagfx/gbagfx.exe graphics/battle_transitions/pokeball_trail.png build/assets/graphics/battle_transitions/pokeball_trail.png.4bpp 
tools/gbagfx/gbagfx.exe graphics/battle_transitions/rayquaza.pal build/assets/graphics/battle_transitions/rayquaza.pal.gbapal 
tools/gbagfx/gbagfx.exe graphics/battle_transitions/rayquaza.png build/assets/graphics/battle_transitions/rayquaza.png_num_tiles_938__Wnum_tiles.4bpp -num_tiles 938 -Wnum_tiles
tools/gbagfx/gbagfx.exe graphics/battle_transitions/regice.pal build/assets/graphics/battle_transitions/regice.pal.gbapal 
tools/gbagfx/gbagfx.exe graphics/battle_transitions/regirock.pal build/assets/graphics/battle_transitions/regirock.pal.gbapal 
tools/gbagfx/gbagfx.exe graphics/battle_transitions/regis.png build/assets/graphics/battle_transitions/regis.png_num_tiles_53__Wnum_tiles.4bpp -num_tiles 53 -Wnum_tiles
tools/gbagfx/gbagfx.exe graphics/battle_transitions/registeel.pal build/assets/graphics/battle_transitions/registeel.pal.gbapal 
tools/gbagfx/gbagfx.exe graphics/battle_transitions/shrinking_box.png build/assets/graphics/battle_transitions/shrinking_box.png.4bpp 
tools/gbagfx/gbagfx.exe graphics/battle_transitions/sidney_bg.pal build/assets/graphics/battle_transitions/sidney_bg.pal.gbapal 
tools/gbagfx/gbagfx.exe graphics/battle_transitions/team_aqua.bin build/assets/graphics/battle_transitions/team_aqua.bin.lz 
tools/gbagfx/gbagfx.exe graphics/battle_transitions/team_aqua.png build/assets/graphics/battle_transitions/team_aqua.png.4bpp 
tools/gbagfx/gbagfx.exe graphics/battle_transitions/team_magma.bin build/assets/graphics/battle_transitions/team_magma.bin.lz 
tools/gbagfx/gbagfx.exe graphics/battle_transitions/team_magma.png build/assets/graphics/battle_transitions/team_magma.png.4bpp 
tools/gbagfx/gbagfx.exe graphics/battle_transitions/unused.pal build/assets/graphics/battle_transitions/unused.pal.gbapal 
tools/gbagfx/gbagfx.exe graphics/battle_transitions/unused_brendan.png build/assets/graphics/battle_transitions/unused_brendan.png.4bpp 
tools/gbagfx/gbagfx.exe graphics/battle_transitions/unused_lass.png build/assets/graphics/battle_transitions/unused_lass.png.4bpp 
tools/gbagfx/gbagfx.exe graphics/battle_transitions/unused_trainer.pal build/assets/graphics/battle_transitions/unused_trainer.pal.gbapal 
tools/gbagfx/gbagfx.exe graphics/battle_transitions/wallace_bg.pal build/assets/graphics/battle_transitions/wallace_bg.pal.gbapal 
tools/gbagfx/gbagfx.exe graphics/field_effects/palettes/pokeball.pal build/assets/graphics/field_effects/palettes/pokeball.pal.gbapal 
tools/gbagfx/gbagfx.exe graphics/battle_transitions/frontier_logo_center.bin build/assets/graphics/battle_transitions/frontier_logo_center.bin.lz 
tools/gbagfx/gbagfx.exe graphics/battle_transitions/frontier_logo_center.png build/assets/graphics/battle_transitions/frontier_logo_center.png_num_tiles_43__Wnum_tiles.4bpp -num_tiles 43 -Wnum_tiles
tools/gbagfx/gbagfx.exe graphics/battle_transitions/frontier_logo_circles.png build/assets/graphics/battle_transitions/frontier_logo_circles.png.4bpp 
tools/gbagfx/gbagfx.exe graphics/battle_transitions/frontier_logo_circles.png build/assets/graphics/battle_transitions/frontier_logo_circles.png.gbapal 
tools/agbcc/bin/agbcc.exe <flags> -o build/emerald/src/battle_tv.o src/battle_tv.c
tools/agbcc/bin/agbcc.exe <flags> -o build/emerald/src/battle_util.o src/battle_util.c
tools/agbcc/bin/agbcc.exe <flags> -o build/emerald/src/battle_util2.o src/battle_util2.c
tools/agbcc/bin/agbcc.exe <flags> -o build/emerald/src/berry.o src/berry.c
tools/gbagfx/gbagfx.exe graphics/berry_blender/center.png build/assets/graphics/berry_blender/center.png.gbapal 
tools/gbagfx/gbagfx.exe graphics/berry_blender/outer.png build/assets/graphics/berry_blender/outer.png.gbapal 
tools/gbagfx/gbagfx.exe graphics/berry_blender/unused.pal build/assets/graphics/berry_blender/unused.pal.gbapal 
tools/gbagfx/gbagfx.exe graphics/berry_crush/bg.bin build/assets/graphics/berry_crush/bg.bin.lz 
tools/gbagfx/gbagfx.exe graphics/berry_crush/container_cap.bin build/assets/graphics/berry_crush/container_cap.bin.lz 
tools/gbagfx/gbagfx.exe graphics/berry_crush/crusher_base.png build/assets/graphics/berry_crush/crusher_base.png.4bpp 
tools/gbagfx/gbagfx.exe graphics/berry_crush/crusher_base.png build/assets/graphics/berry_crush/crusher_base.png.gbapal 
tools/gbagfx/gbagfx.exe graphics/berry_crush/effects.pal build/assets/graphics/berry_crush/effects.pal.gbapal 
tools/gbagfx/gbagfx.exe graphics/berry_crush/crusher_top.bin build/assets/graphics/berry_crush/crusher_top.bin.lz 
tools/gbagfx/gbagfx.exe graphics/berry_crush/impact.png build/assets/graphics/berry_crush/impact.png.4bpp 
tools/gbagfx/gbagfx.exe graphics/berry_crush/sparkle.png build/assets/graphics/berry_crush/sparkle.png.4bpp 
tools/gbagfx/gbagfx.exe graphics/berry_crush/timer_digits.png build/assets/graphics/berry_crush/timer_digits.png.gbapal 
tools/gbagfx/gbagfx.exe graphics/berry_crush/timer_digits.png build/assets/graphics/berry_crush/timer_digits.png.4bpp 
tools/agbcc/bin/agbcc.exe <flags> -o build/emerald/src/berry_fix_graphics.o src/berry_fix_graphics.c
tools/gbagfx/gbagfx.exe graphics/berry_fix/text.pal build/assets/graphics/berry_fix/text.pal.gbapal 
tools/agbcc/bin/agbcc.exe <flags> -o build/emerald/src/berry_powder.o src/berry_powder.c
tools/gbagfx/gbagfx.exe graphics/bag/berry_tag_screen.pal build/assets/graphics/bag/berry_tag_screen.pal.gbapal 
tools/agbcc/bin/agbcc.exe <flags> -o build/emerald/src/bg.o src/bg.c
tools/agbcc/bin/agbcc.exe <flags> -o build/emerald/src/bike.o src/bike.c
tools/agbcc/bin/agbcc.exe <flags> -o build/emerald/src/birch_pc.o src/birch_pc.c
tools/agbcc/bin/agbcc.exe <flags> -o build/emerald/src/blit.o src/blit.c
tools/gbagfx/gbagfx.exe graphics/fonts/braille.png build/assets/graphics/fonts/braille.png.fwjpnfont 
tools/agbcc/bin/agbcc.exe <flags> -o build/emerald/src/braille_puzzles.o src/braille_puzzles.c
tools/gbagfx/gbagfx.exe graphics/cable_car/bg_mountains.bin build/assets/graphics/cable_car/bg_mountains.bin.lz 
tools/gbagfx/gbagfx.exe graphics/cable_car/ground.bin build/assets/graphics/cable_car/ground.bin.lz 
tools/gbagfx/gbagfx.exe graphics/cable_car/pylon_pole.bin build/assets/graphics/cable_car/pylon_pole.bin.lz 
tools/agbcc/bin/agbcc.exe <flags> -o build/emerald/src/cable_club.o src/cable_club.c
tools/gbagfx/gbagfx.exe graphics/cable_car/trees.bin build/assets/graphics/cable_car/trees.bin.lz 
tools/agbcc/bin/agbcc.exe <flags> -o build/emerald/src/clear_save_data_screen.o src/clear_save_data_screen.c
tools/agbcc/bin/agbcc.exe <flags> -o build/emerald/src/clock.o src/clock.c
tools/agbcc/bin/agbcc.exe <flags> -o build/emerald/src/coins.o src/coins.c
tools/agbcc/bin/agbcc.exe <flags> -o build/emerald/src/confetti_util.o src/confetti_util.c
tools/gbagfx/gbagfx.exe graphics/contest/text.pal build/assets/graphics/contest/text.pal.gbapal 
tools/agbcc/bin/agbcc.exe <flags> -o build/emerald/src/contest_ai.o src/contest_ai.c
tools/agbcc/bin/agbcc.exe <flags> -o build/emerald/src/contest_effect.o src/contest_effect.c
tools/agbcc/bin/agbcc.exe <flags> -o build/emerald/src/contest_link.o src/contest_link.c
tools/agbcc/bin/agbcc.exe <flags> -o build/emerald/src/contest_link_util.o src/contest_link_util.c
tools/gbagfx/gbagfx.exe graphics/picture_frame/beauty.png build/assets/graphics/picture_frame/beauty.png.4bpp 
tools/gbagfx/gbagfx.exe graphics/picture_frame/beauty_map.bin build/assets/graphics/picture_frame/beauty_map.bin.rl 
tools/gbagfx/gbagfx.exe graphics/picture_frame/cool.png build/assets/graphics/picture_frame/cool.png.4bpp 
tools/gbagfx/gbagfx.exe graphics/picture_frame/bg.pal build/assets/graphics/picture_frame/bg.pal.gbapal 
tools/gbagfx/gbagfx.exe graphics/picture_frame/cool_map.bin build/assets/graphics/picture_frame/cool_map.bin.rl 
tools/gbagfx/gbagfx.exe graphics/picture_frame/cute.png build/assets/graphics/picture_frame/cute.png.4bpp 
tools/gbagfx/gbagfx.exe graphics/picture_frame/cute_map.bin build/assets/graphics/picture_frame/cute_map.bin.rl 
tools/gbagfx/gbagfx.exe graphics/picture_frame/lobby.png build/assets/graphics/picture_frame/lobby.png_num_tiles_86__Wnum_tiles.4bpp -num_tiles 86 -Wnum_tiles
tools/gbagfx/gbagfx.exe graphics/picture_frame/lobby_map.bin build/assets/graphics/picture_frame/lobby_map.bin.rl 
tools/gbagfx/gbagfx.exe graphics/picture_frame/smart.png build/assets/graphics/picture_frame/smart.png.4bpp 
tools/gbagfx/gbagfx.exe graphics/picture_frame/smart_map.bin build/assets/graphics/picture_frame/smart_map.bin.rl 
tools/gbagfx/gbagfx.exe graphics/picture_frame/tough.png build/assets/graphics/picture_frame/tough.png.4bpp 
tools/gbagfx/gbagfx.exe graphics/picture_frame/tough_map.bin build/assets/graphics/picture_frame/tough_map.bin.rl 
tools/gbagfx/gbagfx.exe graphics/contest/results_screen/text_window.png build/assets/graphics/contest/results_screen/text_window.png.4bpp 
tools/gbagfx/gbagfx.exe graphics/contest/results_screen/text_window.pal build/assets/graphics/contest/results_screen/text_window.pal.gbapal 
tools/gbagfx/gbagfx.exe graphics/interface/blank.pal build/assets/graphics/interface/blank.pal.gbapal 
tools/agbcc/bin/agbcc.exe <flags> -o build/emerald/src/coord_event_weather.o src/coord_event_weather.c
tools/gbagfx/gbagfx.exe graphics/credits/credits.pal build/assets/graphics/credits/credits.pal.gbapal 
tools/gbagfx/gbagfx.exe graphics/credits/the_end_copyright.png build/assets/graphics/credits/the_end_copyright.png.4bpp 
tools/gbagfx/gbagfx.exe graphics/link/minigame_digits.png build/assets/graphics/link/minigame_digits.png.4bpp 
tools/gbagfx/gbagfx.exe graphics/link/minigame_digits.png build/assets/graphics/link/minigame_digits.png.gbapal 
tools/gbagfx/gbagfx.exe graphics/link/minigame_digits2.png build/assets/graphics/link/minigame_digits2.png.4bpp 
tools/agbcc/bin/agbcc.exe <flags> -o build/emerald/src/daycare.o src/daycare.c
tools/agbcc/bin/agbcc.exe <flags> -o build/emerald/src/decompress.o src/decompress.c
tools/gbagfx/gbagfx.exe graphics/decorations/brendan.pal build/assets/graphics/decorations/brendan.pal.gbapal 
tools/gbagfx/gbagfx.exe graphics/decorations/decoration_menu.pal build/assets/graphics/decorations/decoration_menu.pal.gbapal 
tools/gbagfx/gbagfx.exe graphics/decorations/may.pal build/assets/graphics/decorations/may.pal.gbapal 
tools/gbagfx/gbagfx.exe graphics/decorations/put_away_cursor.png build/assets/graphics/decorations/put_away_cursor.png.4bpp 
tools/agbcc/bin/agbcc.exe <flags> -o build/emerald/src/decoration_inventory.o src/decoration_inventory.c
tools/agbcc/bin/agbcc.exe <flags> -o build/emerald/src/dewford_trend.o src/dewford_trend.c
tools/agbcc/bin/agbcc.exe <flags> -o build/emerald/src/digit_obj_util.o src/digit_obj_util.c
tools/gbagfx/gbagfx.exe graphics/diploma/national.pal build/assets/graphics/diploma/national.pal.gbapal 
tools/gbagfx/gbagfx.exe graphics/diploma/hoenn.pal build/assets/graphics/diploma/hoenn.pal.gbapal 
tools/gbagfx/gbagfx.exe graphics/diploma/tiles.png build/assets/graphics/diploma/tiles.png.4bpp 
tools/gbagfx/gbagfx.exe graphics/diploma/tilemap.bin build/assets/graphics/diploma/tilemap.bin.lz 
tools/agbcc/bin/agbcc.exe <flags> -o build/emerald/src/dma3_manager.o src/dma3_manager.c
tools/gbagfx/gbagfx.exe graphics/dodrio_berry_picking/berries.png build/assets/graphics/dodrio_berry_picking/berries.png.4bpp 
tools/gbagfx/gbagfx.exe graphics/dodrio_berry_picking/berries.png build/assets/graphics/dodrio_berry_picking/berries.png.gbapal 
tools/gbagfx/gbagfx.exe graphics/dodrio_berry_picking/bg.bin build/assets/graphics/dodrio_berry_picking/bg.bin.lz 
tools/gbagfx/gbagfx.exe graphics/dodrio_berry_picking/bg.png build/assets/graphics/dodrio_berry_picking/bg.png.4bpp 
tools/gbagfx/gbagfx.exe graphics/dodrio_berry_picking/cloud.png build/assets/graphics/dodrio_berry_picking/cloud.png.4bpp 
tools/gbagfx/gbagfx.exe graphics/dodrio_berry_picking/cloud.png build/assets/graphics/dodrio_berry_picking/cloud.png.gbapal 
tools/gbagfx/gbagfx.exe graphics/dodrio_berry_picking/dodrio.png build/assets/graphics/dodrio_berry_picking/dodrio.png.4bpp 
tools/gbagfx/gbagfx.exe graphics/dodrio_berry_picking/dodrio.png build/assets/graphics/dodrio_berry_picking/dodrio.png.gbapal 
tools/gbagfx/gbagfx.exe graphics/dodrio_berry_picking/shiny.pal build/assets/graphics/dodrio_berry_picking/shiny.pal.gbapal 
tools/gbagfx/gbagfx.exe graphics/dodrio_berry_picking/status.png build/assets/graphics/dodrio_berry_picking/status.png.4bpp 
tools/gbagfx/gbagfx.exe graphics/dodrio_berry_picking/status.png build/assets/graphics/dodrio_berry_picking/status.png.gbapal 
tools/gbagfx/gbagfx.exe graphics/dodrio_berry_picking/berries.png graphics/dodrio_berry_picking/berries.4bpp
tools/gbagfx/gbagfx.exe graphics/dodrio_berry_picking/tree_border_left.bin build/assets/graphics/dodrio_berry_picking/tree_border_left.bin.lz 
tools/gbagfx/gbagfx.exe graphics/dodrio_berry_picking/tree_border.png build/assets/graphics/dodrio_berry_picking/tree_border.png.4bpp 
tools/gbagfx/gbagfx.exe graphics/dodrio_berry_picking/tree_border_right.bin build/assets/graphics/dodrio_berry_picking/tree_border_right.bin.lz 
tools/gbagfx/gbagfx.exe graphics/dodrio_berry_picking/berries.png graphics/dodrio_berry_picking/berries.gbapal
tools/gbagfx/gbagfx.exe graphics/dodrio_berry_picking/bg.png graphics/dodrio_berry_picking/bg.4bpp
tools/gbagfx/gbagfx.exe graphics/dodrio_berry_picking/bg.bin graphics/dodrio_berry_picking/bg.bin.lz
tools/gbagfx/gbagfx.exe graphics/dodrio_berry_picking/bg.png graphics/dodrio_berry_picking/bg.gbapal
tools/gbagfx/gbagfx.exe graphics/dodrio_berry_picking/cloud.png graphics/dodrio_berry_picking/cloud.4bpp
tools/gbagfx/gbagfx.exe graphics/dodrio_berry_picking/cloud.png graphics/dodrio_berry_picking/cloud.gbapal
tools/gbagfx/gbagfx.exe graphics/dodrio_berry_picking/dodrio.png graphics/dodrio_berry_picking/dodrio.4bpp
tools/gbagfx/gbagfx.exe graphics/dodrio_berry_picking/dodrio.png graphics/dodrio_berry_picking/dodrio.gbapal
tools/gbagfx/gbagfx.exe graphics/dodrio_berry_picking/shiny.pal graphics/dodrio_berry_picking/shiny.gbapal
tools/gbagfx/gbagfx.exe graphics/dodrio_berry_picking/status.png graphics/dodrio_berry_picking/status.4bpp
tools/gbagfx/gbagfx.exe graphics/dodrio_berry_picking/status.png graphics/dodrio_berry_picking/status.gbapal
tools/gbagfx/gbagfx.exe graphics/dodrio_berry_picking/tree_border.png graphics/dodrio_berry_picking/tree_border.4bpp
tools/gbagfx/gbagfx.exe graphics/dodrio_berry_picking/tree_border.png graphics/dodrio_berry_picking/tree_border.gbapal
tools/gbagfx/gbagfx.exe graphics/dodrio_berry_picking/tree_border_left.bin graphics/dodrio_berry_picking/tree_border_left.bin.lz
tools/gbagfx/gbagfx.exe graphics/dodrio_berry_picking/tree_border_right.bin graphics/dodrio_berry_picking/tree_border_right.bin.lz
tools/agbcc/bin/agbcc.exe <flags> -o build/emerald/src/dynamic_placeholder_text_util.o src/dynamic_placeholder_text_util.c
tools/gbagfx/gbagfx.exe graphics/easy_chat/interview_frame.png build/assets/graphics/easy_chat/interview_frame.png.gbapal 
tools/gbagfx/gbagfx.exe graphics/easy_chat/interview_frame.png build/assets/graphics/easy_chat/interview_frame.png.4bpp 
tools/gbagfx/gbagfx.exe graphics/easy_chat/scroll_indicator.png build/assets/graphics/easy_chat/scroll_indicator.png.4bpp 
tools/gbagfx/gbagfx.exe graphics/easy_chat/start_select_buttons.png build/assets/graphics/easy_chat/start_select_buttons.png.4bpp 
tools/gbagfx/gbagfx.exe graphics/easy_chat/text.pal build/assets/graphics/easy_chat/text.pal.gbapal 
tools/gbagfx/gbagfx.exe graphics/easy_chat/text_input_frame_green.pal build/assets/graphics/easy_chat/text_input_frame_green.pal.gbapal 
tools/gbagfx/gbagfx.exe graphics/easy_chat/text_input_frame.png build/assets/graphics/easy_chat/text_input_frame.png.4bpp 
tools/gbagfx/gbagfx.exe graphics/easy_chat/text_input_frame_orange.pal build/assets/graphics/easy_chat/text_input_frame_orange.pal.gbapal 
tools/gbagfx/gbagfx.exe graphics/easy_chat/title_text.pal build/assets/graphics/easy_chat/title_text.pal.gbapal 
tools/gbagfx/gbagfx.exe graphics/easy_chat/triangle_cursor.png build/assets/graphics/easy_chat/triangle_cursor.png.4bpp 
tools/gbagfx/gbagfx.exe graphics/easy_chat/triangle_cursor.png build/assets/graphics/easy_chat/triangle_cursor.png.gbapal 
tools/gbagfx/gbagfx.exe graphics/pokemon/egg/hatch.png build/assets/graphics/pokemon/egg/hatch.png.4bpp 
tools/gbagfx/gbagfx.exe graphics/pokemon/egg/normal.pal build/assets/graphics/pokemon/egg/normal.pal.gbapal 
tools/gbagfx/gbagfx.exe graphics/pokemon/egg/shard.png build/assets/graphics/pokemon/egg/shard.png.4bpp 
tools/agbcc/bin/agbcc.exe <flags> -o build/emerald/src/ereader_helpers.o src/ereader_helpers.c
tools/agbcc/bin/agbcc.exe <flags> -o build/emerald/src/ereader_screen.o src/ereader_screen.c
tools/agbcc/bin/agbcc.exe <flags> -o build/emerald/src/event_data.o src/event_data.c
tools/agbcc/bin/agbcc.exe <flags> -o build/emerald/src/event_object_lock.o src/event_object_lock.c
tools/gbagfx/gbagfx.exe graphics/field_effects/palettes/ash.pal build/assets/graphics/field_effects/palettes/ash.pal.gbapal 
tools/gbagfx/gbagfx.exe graphics/field_effects/palettes/cut_grass.pal build/assets/graphics/field_effects/palettes/cut_grass.pal.gbapal 
tools/gbagfx/gbagfx.exe graphics/field_effects/palettes/general_0.pal build/assets/graphics/field_effects/palettes/general_0.pal.gbapal 
tools/gbagfx/gbagfx.exe graphics/field_effects/palettes/general_1.pal build/assets/graphics/field_effects/palettes/general_1.pal.gbapal 
tools/gbagfx/gbagfx.exe graphics/field_effects/palettes/small_sparkle.pal build/assets/graphics/field_effects/palettes/small_sparkle.pal.gbapal 
tools/gbagfx/gbagfx.exe graphics/field_effects/pics/arrow.png build/assets/graphics/field_effects/pics/arrow.png_mwidth_2__mheight_2.4bpp -mwidth 2 -mheight 2
tools/gbagfx/gbagfx.exe graphics/field_effects/pics/ash.png build/assets/graphics/field_effects/pics/ash.png_mwidth_2__mheight_2.4bpp -mwidth 2 -mheight 2
tools/gbagfx/gbagfx.exe graphics/field_effects/pics/ash_launch.png build/assets/graphics/field_effects/pics/ash_launch.png_mwidth_2__mheight_2.4bpp -mwidth 2 -mheight 2
tools/gbagfx/gbagfx.exe graphics/field_effects/pics/ash_puff.png build/assets/graphics/field_effects/pics/ash_puff.png_mwidth_2__mheight_2.4bpp -mwidth 2 -mheight 2
tools/gbagfx/gbagfx.exe graphics/field_effects/pics/bird.png build/assets/graphics/field_effects/pics/bird.png.4bpp 
tools/gbagfx/gbagfx.exe graphics/field_effects/pics/bike_tire_tracks.png build/assets/graphics/field_effects/pics/bike_tire_tracks.png_mwidth_2__mheight_2.4bpp -mwidth 2 -mheight 2
tools/gbagfx/gbagfx.exe graphics/field_effects/pics/bubbles.png build/assets/graphics/field_effects/pics/bubbles.png_mwidth_2__mheight_4.4bpp -mwidth 2 -mheight 4
tools/gbagfx/gbagfx.exe graphics/field_effects/pics/cut_grass.png build/assets/graphics/field_effects/pics/cut_grass.png.4bpp 
tools/gbagfx/gbagfx.exe graphics/field_effects/pics/deep_sand_footprints.png build/assets/graphics/field_effects/pics/deep_sand_footprints.png_mwidth_2__mheight_2.4bpp -mwidth 2 -mheight 2
tools/gbagfx/gbagfx.exe graphics/field_effects/pics/ground_impact_dust.png build/assets/graphics/field_effects/pics/ground_impact_dust.png_mwidth_2__mheight_1.4bpp -mwidth 2 -mheight 1
tools/gbagfx/gbagfx.exe graphics/field_effects/pics/hot_springs_water.png build/assets/graphics/field_effects/pics/hot_springs_water.png.4bpp 
tools/gbagfx/gbagfx.exe graphics/field_effects/pics/jump_big_splash.png build/assets/graphics/field_effects/pics/jump_big_splash.png_mwidth_2__mheight_2.4bpp -mwidth 2 -mheight 2
tools/gbagfx/gbagfx.exe graphics/field_effects/pics/jump_long_grass.png build/assets/graphics/field_effects/pics/jump_long_grass.png_mwidth_2__mheight_2.4bpp -mwidth 2 -mheight 2
tools/gbagfx/gbagfx.exe graphics/field_effects/pics/long_grass.png build/assets/graphics/field_effects/pics/long_grass.png_mwidth_2__mheight_2.4bpp -mwidth 2 -mheight 2
tools/gbagfx/gbagfx.exe graphics/field_effects/pics/jump_small_splash.png build/assets/graphics/field_effects/pics/jump_small_splash.png_mwidth_2__mheight_1.4bpp -mwidth 2 -mheight 1
tools/gbagfx/gbagfx.exe graphics/field_effects/pics/mountain_disguise.png build/assets/graphics/field_effects/pics/mountain_disguise.png_mwidth_2__mheight_4.4bpp -mwidth 2 -mheight 4
tools/gbagfx/gbagfx.exe graphics/field_effects/pics/jump_tall_grass.png build/assets/graphics/field_effects/pics/jump_tall_grass.png_mwidth_2__mheight_1.4bpp -mwidth 2 -mheight 1
tools/gbagfx/gbagfx.exe graphics/field_effects/pics/ripple.png build/assets/graphics/field_effects/pics/ripple.png_mwidth_2__mheight_2.4bpp -mwidth 2 -mheight 2
tools/gbagfx/gbagfx.exe graphics/field_effects/pics/sand_disguise_placeholder.png build/assets/graphics/field_effects/pics/sand_disguise_placeholder.png_mwidth_2__mheight_4.4bpp -mwidth 2 -mheight 4
tools/gbagfx/gbagfx.exe graphics/field_effects/pics/sand_footprints.png build/assets/graphics/field_effects/pics/sand_footprints.png_mwidth_2__mheight_2.4bpp -mwidth 2 -mheight 2
tools/gbagfx/gbagfx.exe graphics/field_effects/pics/sand_pile.png build/assets/graphics/field_effects/pics/sand_pile.png_mwidth_2__mheight_1.4bpp -mwidth 2 -mheight 1
tools/gbagfx/gbagfx.exe graphics/field_effects/pics/shadow_extra_large.png build/assets/graphics/field_effects/pics/shadow_extra_large.png.4bpp 
tools/gbagfx/gbagfx.exe graphics/field_effects/pics/shadow_large.png build/assets/graphics/field_effects/pics/shadow_large.png.4bpp 
tools/gbagfx/gbagfx.exe graphics/field_effects/pics/shadow_medium.png build/assets/graphics/field_effects/pics/shadow_medium.png.4bpp 
tools/gbagfx/gbagfx.exe graphics/field_effects/pics/shadow_small.png build/assets/graphics/field_effects/pics/shadow_small.png.4bpp 
tools/gbagfx/gbagfx.exe graphics/field_effects/pics/small_sparkle.png build/assets/graphics/field_effects/pics/small_sparkle.png_mwidth_2__mheight_2.4bpp -mwidth 2 -mheight 2
tools/gbagfx/gbagfx.exe graphics/field_effects/pics/short_grass.png build/assets/graphics/field_effects/pics/short_grass.png_mwidth_2__mheight_2.4bpp -mwidth 2 -mheight 2
tools/gbagfx/gbagfx.exe graphics/field_effects/pics/sparkle.png build/assets/graphics/field_effects/pics/sparkle.png_mwidth_2__mheight_2.4bpp -mwidth 2 -mheight 2
tools/gbagfx/gbagfx.exe graphics/field_effects/pics/splash.png build/assets/graphics/field_effects/pics/splash.png.4bpp 
tools/gbagfx/gbagfx.exe graphics/field_effects/pics/surf_blob.png build/assets/graphics/field_effects/pics/surf_blob.png_mwidth_4__mheight_4.4bpp -mwidth 4 -mheight 4
tools/gbagfx/gbagfx.exe graphics/field_effects/pics/tall_grass.png build/assets/graphics/field_effects/pics/tall_grass.png_mwidth_2__mheight_2.4bpp -mwidth 2 -mheight 2
tools/gbagfx/gbagfx.exe graphics/field_effects/pics/tree_disguise.png build/assets/graphics/field_effects/pics/tree_disguise.png_mwidth_2__mheight_4.4bpp -mwidth 2 -mheight 4
tools/gbagfx/gbagfx.exe graphics/field_effects/pics/unknown_17.png build/assets/graphics/field_effects/pics/unknown_17.png_mwidth_2__mheight_2.4bpp -mwidth 2 -mheight 2
tools/gbagfx/gbagfx.exe graphics/field_effects/pics/unused_grass_2.png build/assets/graphics/field_effects/pics/unused_grass_2.png_mwidth_2__mheight_2.4bpp -mwidth 2 -mheight 2
tools/gbagfx/gbagfx.exe graphics/field_effects/pics/unused_grass_3.png build/assets/graphics/field_effects/pics/unused_grass_3.png_mwidth_2__mheight_2.4bpp -mwidth 2 -mheight 2
tools/gbagfx/gbagfx.exe graphics/field_effects/pics/unused_sand.png build/assets/graphics/field_effects/pics/unused_sand.png_mwidth_2__mheight_2.4bpp -mwidth 2 -mheight 2
tools/gbagfx/gbagfx.exe graphics/field_effects/pics/water_surfacing.png build/assets/graphics/field_effects/pics/water_surfacing.png_mwidth_2__mheight_2.4bpp -mwidth 2 -mheight 2
tools/gbagfx/gbagfx.exe graphics/object_events/palettes/birth_island_stone.pal build/assets/graphics/object_events/palettes/birth_island_stone.pal.gbapal 
tools/gbagfx/gbagfx.exe graphics/object_events/palettes/brendan.pal build/assets/graphics/object_events/palettes/brendan.pal.gbapal 
tools/gbagfx/gbagfx.exe graphics/object_events/palettes/brendan_reflection.pal build/assets/graphics/object_events/palettes/brendan_reflection.pal.gbapal 
tools/gbagfx/gbagfx.exe graphics/object_events/palettes/bridge_reflection.pal build/assets/graphics/object_events/palettes/bridge_reflection.pal.gbapal 
tools/gbagfx/gbagfx.exe graphics/object_events/palettes/cable_car.pal build/assets/graphics/object_events/palettes/cable_car.pal.gbapal 
tools/gbagfx/gbagfx.exe graphics/object_events/palettes/enemy_zigzagoon.pal build/assets/graphics/object_events/palettes/enemy_zigzagoon.pal.gbapal 
tools/gbagfx/gbagfx.exe graphics/object_events/palettes/deoxys.pal build/assets/graphics/object_events/palettes/deoxys.pal.gbapal 
tools/gbagfx/gbagfx.exe graphics/object_events/palettes/groudon.pal build/assets/graphics/object_events/palettes/groudon.pal.gbapal 
tools/gbagfx/gbagfx.exe graphics/object_events/palettes/groudon_reflection.pal build/assets/graphics/object_events/palettes/groudon_reflection.pal.gbapal 
tools/gbagfx/gbagfx.exe graphics/object_events/palettes/ho_oh.pal build/assets/graphics/object_events/palettes/ho_oh.pal.gbapal 
tools/gbagfx/gbagfx.exe graphics/object_events/palettes/kyogre_reflection.pal build/assets/graphics/object_events/palettes/kyogre_reflection.pal.gbapal 
tools/gbagfx/gbagfx.exe graphics/object_events/palettes/kyogre.pal build/assets/graphics/object_events/palettes/kyogre.pal.gbapal 
tools/gbagfx/gbagfx.exe graphics/object_events/palettes/lugia.pal build/assets/graphics/object_events/palettes/lugia.pal.gbapal 
tools/gbagfx/gbagfx.exe graphics/object_events/palettes/may.pal build/assets/graphics/object_events/palettes/may.pal.gbapal 
tools/gbagfx/gbagfx.exe graphics/object_events/palettes/may_reflection.pal build/assets/graphics/object_events/palettes/may_reflection.pal.gbapal 
tools/gbagfx/gbagfx.exe graphics/object_events/palettes/moving_box.pal build/assets/graphics/object_events/palettes/moving_box.pal.gbapal 
tools/gbagfx/gbagfx.exe graphics/object_events/palettes/npc_1.pal build/assets/graphics/object_events/palettes/npc_1.pal.gbapal 
tools/gbagfx/gbagfx.exe graphics/object_events/palettes/npc_1_reflection.pal build/assets/graphics/object_events/palettes/npc_1_reflection.pal.gbapal 
tools/gbagfx/gbagfx.exe graphics/object_events/palettes/npc_2.pal build/assets/graphics/object_events/palettes/npc_2.pal.gbapal 
tools/gbagfx/gbagfx.exe graphics/object_events/palettes/npc_2_reflection.pal build/assets/graphics/object_events/palettes/npc_2_reflection.pal.gbapal 
tools/gbagfx/gbagfx.exe graphics/object_events/palettes/npc_3.pal build/assets/graphics/object_events/palettes/npc_3.pal.gbapal 
tools/gbagfx/gbagfx.exe graphics/object_events/palettes/npc_3_reflection.pal build/assets/graphics/object_events/palettes/npc_3_reflection.pal.gbapal 
tools/gbagfx/gbagfx.exe graphics/object_events/palettes/npc_4.pal build/assets/graphics/object_events/palettes/npc_4.pal.gbapal 
tools/gbagfx/gbagfx.exe graphics/object_events/palettes/npc_4_reflection.pal build/assets/graphics/object_events/palettes/npc_4_reflection.pal.gbapal 
tools/gbagfx/gbagfx.exe graphics/object_events/palettes/player_underwater.pal build/assets/graphics/object_events/palettes/player_underwater.pal.gbapal 
tools/gbagfx/gbagfx.exe graphics/object_events/palettes/poochyena.pal build/assets/graphics/object_events/palettes/poochyena.pal.gbapal 
tools/gbagfx/gbagfx.exe graphics/object_events/palettes/quinty_plump.pal build/assets/graphics/object_events/palettes/quinty_plump.pal.gbapal 
tools/gbagfx/gbagfx.exe graphics/object_events/palettes/quinty_plump_reflection.pal build/assets/graphics/object_events/palettes/quinty_plump_reflection.pal.gbapal 
tools/gbagfx/gbagfx.exe graphics/object_events/palettes/red_leaf.pal build/assets/graphics/object_events/palettes/red_leaf.pal.gbapal 
tools/gbagfx/gbagfx.exe graphics/object_events/palettes/ruby_sapphire_brendan.pal build/assets/graphics/object_events/palettes/ruby_sapphire_brendan.pal.gbapal 
tools/gbagfx/gbagfx.exe graphics/object_events/palettes/ruby_sapphire_may.pal build/assets/graphics/object_events/palettes/ruby_sapphire_may.pal.gbapal 
tools/gbagfx/gbagfx.exe graphics/object_events/palettes/ss_tidal.pal build/assets/graphics/object_events/palettes/ss_tidal.pal.gbapal 
tools/gbagfx/gbagfx.exe graphics/object_events/palettes/submarine_shadow.pal build/assets/graphics/object_events/palettes/submarine_shadow.pal.gbapal 
tools/gbagfx/gbagfx.exe graphics/object_events/palettes/truck.pal build/assets/graphics/object_events/palettes/truck.pal.gbapal 
tools/gbagfx/gbagfx.exe graphics/object_events/palettes/unused_palette.pal build/assets/graphics/object_events/palettes/unused_palette.pal.gbapal 
tools/gbagfx/gbagfx.exe graphics/object_events/pics/berry_trees/aguav.png build/assets/graphics/object_events/pics/berry_trees/aguav.png_mwidth_2__mheight_4.4bpp -mwidth 2 -mheight 4
tools/gbagfx/gbagfx.exe graphics/object_events/palettes/vigoroth.pal build/assets/graphics/object_events/palettes/vigoroth.pal.gbapal 
tools/gbagfx/gbagfx.exe graphics/object_events/pics/berry_trees/aspear.png build/assets/graphics/object_events/pics/berry_trees/aspear.png_mwidth_2__mheight_4.4bpp -mwidth 2 -mheight 4
tools/gbagfx/gbagfx.exe graphics/object_events/pics/berry_trees/cheri.png build/assets/graphics/object_events/pics/berry_trees/cheri.png_mwidth_2__mheight_4.4bpp -mwidth 2 -mheight 4
tools/gbagfx/gbagfx.exe graphics/object_events/pics/berry_trees/chesto.png build/assets/graphics/object_events/pics/berry_trees/chesto.png_mwidth_2__mheight_4.4bpp -mwidth 2 -mheight 4
tools/gbagfx/gbagfx.exe graphics/object_events/pics/berry_trees/cornn.png build/assets/graphics/object_events/pics/berry_trees/cornn.png_mwidth_2__mheight_4.4bpp -mwidth 2 -mheight 4
tools/gbagfx/gbagfx.exe graphics/object_events/pics/berry_trees/dirt_pile.png build/assets/graphics/object_events/pics/berry_trees/dirt_pile.png.4bpp 
tools/gbagfx/gbagfx.exe graphics/object_events/pics/berry_trees/durin.png build/assets/graphics/object_events/pics/berry_trees/durin.png_mwidth_2__mheight_4.4bpp -mwidth 2 -mheight 4
tools/gbagfx/gbagfx.exe graphics/object_events/pics/berry_trees/figy.png build/assets/graphics/object_events/pics/berry_trees/figy.png_mwidth_2__mheight_4.4bpp -mwidth 2 -mheight 4
tools/gbagfx/gbagfx.exe graphics/object_events/pics/berry_trees/grepa.png build/assets/graphics/object_events/pics/berry_trees/grepa.png_mwidth_2__mheight_4.4bpp -mwidth 2 -mheight 4
tools/gbagfx/gbagfx.exe graphics/object_events/pics/berry_trees/hondew.png build/assets/graphics/object_events/pics/berry_trees/hondew.png_mwidth_2__mheight_4.4bpp -mwidth 2 -mheight 4
tools/gbagfx/gbagfx.exe graphics/object_events/pics/berry_trees/iapapa.png build/assets/graphics/object_events/pics/berry_trees/iapapa.png_mwidth_2__mheight_4.4bpp -mwidth 2 -mheight 4
tools/gbagfx/gbagfx.exe graphics/object_events/pics/berry_trees/kelpsy.png build/assets/graphics/object_events/pics/berry_trees/kelpsy.png_mwidth_2__mheight_4.4bpp -mwidth 2 -mheight 4
tools/gbagfx/gbagfx.exe graphics/object_events/pics/berry_trees/lansat.png build/assets/graphics/object_events/pics/berry_trees/lansat.png_mwidth_2__mheight_4.4bpp -mwidth 2 -mheight 4
tools/gbagfx/gbagfx.exe graphics/object_events/pics/berry_trees/liechi.png build/assets/graphics/object_events/pics/berry_trees/liechi.png_mwidth_2__mheight_4.4bpp -mwidth 2 -mheight 4
tools/gbagfx/gbagfx.exe graphics/object_events/pics/berry_trees/leppa.png build/assets/graphics/object_events/pics/berry_trees/leppa.png_mwidth_2__mheight_4.4bpp -mwidth 2 -mheight 4
tools/gbagfx/gbagfx.exe graphics/object_events/pics/berry_trees/lum.png build/assets/graphics/object_events/pics/berry_trees/lum.png_mwidth_2__mheight_4.4bpp -mwidth 2 -mheight 4
tools/gbagfx/gbagfx.exe graphics/object_events/pics/berry_trees/mago.png build/assets/graphics/object_events/pics/berry_trees/mago.png_mwidth_2__mheight_4.4bpp -mwidth 2 -mheight 4
tools/gbagfx/gbagfx.exe graphics/object_events/pics/berry_trees/oran.png build/assets/graphics/object_events/pics/berry_trees/oran.png_mwidth_2__mheight_4.4bpp -mwidth 2 -mheight 4
tools/gbagfx/gbagfx.exe graphics/object_events/pics/berry_trees/nomel.png build/assets/graphics/object_events/pics/berry_trees/nomel.png_mwidth_2__mheight_4.4bpp -mwidth 2 -mheight 4
tools/gbagfx/gbagfx.exe graphics/object_events/pics/berry_trees/pamtre.png build/assets/graphics/object_events/pics/berry_trees/pamtre.png_mwidth_2__mheight_4.4bpp -mwidth 2 -mheight 4
tools/gbagfx/gbagfx.exe graphics/object_events/pics/berry_trees/pecha.png build/assets/graphics/object_events/pics/berry_trees/pecha.png_mwidth_2__mheight_4.4bpp -mwidth 2 -mheight 4
tools/gbagfx/gbagfx.exe graphics/object_events/pics/berry_trees/persim.png build/assets/graphics/object_events/pics/berry_trees/persim.png_mwidth_2__mheight_4.4bpp -mwidth 2 -mheight 4
tools/gbagfx/gbagfx.exe graphics/object_events/pics/berry_trees/pomeg.png build/assets/graphics/object_events/pics/berry_trees/pomeg.png_mwidth_2__mheight_4.4bpp -mwidth 2 -mheight 4
tools/gbagfx/gbagfx.exe graphics/object_events/pics/berry_trees/rabuta.png build/assets/graphics/object_events/pics/berry_trees/rabuta.png_mwidth_2__mheight_4.4bpp -mwidth 2 -mheight 4
tools/gbagfx/gbagfx.exe graphics/object_events/pics/berry_trees/rawst.png build/assets/graphics/object_events/pics/berry_trees/rawst.png_mwidth_2__mheight_4.4bpp -mwidth 2 -mheight 4
tools/gbagfx/gbagfx.exe graphics/object_events/pics/berry_trees/sitrus.png build/assets/graphics/object_events/pics/berry_trees/sitrus.png_mwidth_2__mheight_4.4bpp -mwidth 2 -mheight 4
tools/gbagfx/gbagfx.exe graphics/object_events/pics/berry_trees/razz.png build/assets/graphics/object_events/pics/berry_trees/razz.png_mwidth_2__mheight_4.4bpp -mwidth 2 -mheight 4
tools/gbagfx/gbagfx.exe graphics/object_events/pics/berry_trees/sprout.png build/assets/graphics/object_events/pics/berry_trees/sprout.png_mwidth_2__mheight_2.4bpp -mwidth 2 -mheight 2
tools/gbagfx/gbagfx.exe graphics/object_events/pics/berry_trees/spelon.png build/assets/graphics/object_events/pics/berry_trees/spelon.png_mwidth_2__mheight_4.4bpp -mwidth 2 -mheight 4
tools/gbagfx/gbagfx.exe graphics/object_events/pics/berry_trees/wiki.png build/assets/graphics/object_events/pics/berry_trees/wiki.png_mwidth_2__mheight_4.4bpp -mwidth 2 -mheight 4
tools/gbagfx/gbagfx.exe graphics/object_events/pics/berry_trees/tamato.png build/assets/graphics/object_events/pics/berry_trees/tamato.png_mwidth_2__mheight_4.4bpp -mwidth 2 -mheight 4
tools/gbagfx/gbagfx.exe graphics/object_events/pics/berry_trees/wepear.png build/assets/graphics/object_events/pics/berry_trees/wepear.png_mwidth_2__mheight_4.4bpp -mwidth 2 -mheight 4
tools/gbagfx/gbagfx.exe graphics/object_events/pics/cushions/ball_cushion.png build/assets/graphics/object_events/pics/cushions/ball_cushion.png.4bpp 
tools/gbagfx/gbagfx.exe graphics/object_events/pics/cushions/fire_cushion.png build/assets/graphics/object_events/pics/cushions/fire_cushion.png.4bpp 
tools/gbagfx/gbagfx.exe graphics/object_events/pics/cushions/diamond_cushion.png build/assets/graphics/object_events/pics/cushions/diamond_cushion.png.4bpp 
tools/gbagfx/gbagfx.exe graphics/object_events/pics/cushions/grass_cushion.png build/assets/graphics/object_events/pics/cushions/grass_cushion.png.4bpp 
tools/gbagfx/gbagfx.exe graphics/object_events/pics/cushions/pika_cushion.png build/assets/graphics/object_events/pics/cushions/pika_cushion.png.4bpp 
tools/gbagfx/gbagfx.exe graphics/object_events/pics/cushions/kiss_cushion.png build/assets/graphics/object_events/pics/cushions/kiss_cushion.png.4bpp 
tools/gbagfx/gbagfx.exe graphics/object_events/pics/cushions/water_cushion.png build/assets/graphics/object_events/pics/cushions/water_cushion.png.4bpp 
tools/gbagfx/gbagfx.exe graphics/object_events/pics/cushions/round_cushion.png build/assets/graphics/object_events/pics/cushions/round_cushion.png.4bpp 
tools/gbagfx/gbagfx.exe graphics/object_events/pics/cushions/spin_cushion.png build/assets/graphics/object_events/pics/cushions/spin_cushion.png.4bpp 
tools/gbagfx/gbagfx.exe graphics/object_events/pics/cushions/zigzag_cushion.png build/assets/graphics/object_events/pics/cushions/zigzag_cushion.png.4bpp 
tools/gbagfx/gbagfx.exe graphics/object_events/pics/dolls/azurill_doll.png build/assets/graphics/object_events/pics/dolls/azurill_doll.png.4bpp 
tools/gbagfx/gbagfx.exe graphics/object_events/pics/dolls/baltoy_doll.png build/assets/graphics/object_events/pics/dolls/baltoy_doll.png.4bpp 
tools/gbagfx/gbagfx.exe graphics/object_events/pics/dolls/big_blastoise_doll.png build/assets/graphics/object_events/pics/dolls/big_blastoise_doll.png.4bpp 
tools/gbagfx/gbagfx.exe graphics/object_events/pics/dolls/big_charizard_doll.png build/assets/graphics/object_events/pics/dolls/big_charizard_doll.png.4bpp 
tools/gbagfx/gbagfx.exe graphics/object_events/pics/dolls/big_lapras_doll.png build/assets/graphics/object_events/pics/dolls/big_lapras_doll.png.4bpp 
tools/gbagfx/gbagfx.exe graphics/object_events/pics/dolls/big_regice_doll.png build/assets/graphics/object_events/pics/dolls/big_regice_doll.png.4bpp 
tools/gbagfx/gbagfx.exe graphics/object_events/pics/dolls/big_regirock_doll.png build/assets/graphics/object_events/pics/dolls/big_regirock_doll.png.4bpp 
tools/gbagfx/gbagfx.exe graphics/object_events/pics/dolls/big_registeel_doll.png build/assets/graphics/object_events/pics/dolls/big_registeel_doll.png.4bpp 
tools/gbagfx/gbagfx.exe graphics/object_events/pics/dolls/big_rhydon_doll.png build/assets/graphics/object_events/pics/dolls/big_rhydon_doll.png.4bpp 
tools/gbagfx/gbagfx.exe graphics/object_events/pics/dolls/big_venusaur_doll.png build/assets/graphics/object_events/pics/dolls/big_venusaur_doll.png.4bpp 
tools/gbagfx/gbagfx.exe graphics/object_events/pics/dolls/big_snorlax_doll.png build/assets/graphics/object_events/pics/dolls/big_snorlax_doll.png.4bpp 
tools/gbagfx/gbagfx.exe graphics/object_events/pics/dolls/big_wailmer_doll.png build/assets/graphics/object_events/pics/dolls/big_wailmer_doll.png.4bpp 
tools/gbagfx/gbagfx.exe graphics/object_events/pics/dolls/chikorita_doll.png build/assets/graphics/object_events/pics/dolls/chikorita_doll.png.4bpp 
tools/gbagfx/gbagfx.exe graphics/object_events/pics/dolls/cyndaquil_doll.png build/assets/graphics/object_events/pics/dolls/cyndaquil_doll.png.4bpp 
tools/gbagfx/gbagfx.exe graphics/object_events/pics/dolls/clefairy_doll.png build/assets/graphics/object_events/pics/dolls/clefairy_doll.png.4bpp 
tools/gbagfx/gbagfx.exe graphics/object_events/pics/dolls/duskull_doll.png build/assets/graphics/object_events/pics/dolls/duskull_doll.png.4bpp 
tools/gbagfx/gbagfx.exe graphics/object_events/pics/dolls/gulpin_doll.png build/assets/graphics/object_events/pics/dolls/gulpin_doll.png.4bpp 
tools/gbagfx/gbagfx.exe graphics/object_events/pics/dolls/ditto_doll.png build/assets/graphics/object_events/pics/dolls/ditto_doll.png.4bpp 
tools/gbagfx/gbagfx.exe graphics/object_events/pics/dolls/jigglypuff_doll.png build/assets/graphics/object_events/pics/dolls/jigglypuff_doll.png.4bpp 
tools/gbagfx/gbagfx.exe graphics/object_events/pics/dolls/lotad_doll.png build/assets/graphics/object_events/pics/dolls/lotad_doll.png.4bpp 
tools/gbagfx/gbagfx.exe graphics/object_events/pics/dolls/kecleon_doll.png build/assets/graphics/object_events/pics/dolls/kecleon_doll.png.4bpp 
tools/gbagfx/gbagfx.exe graphics/object_events/pics/dolls/marill_doll.png build/assets/graphics/object_events/pics/dolls/marill_doll.png.4bpp 
tools/gbagfx/gbagfx.exe graphics/object_events/pics/dolls/meowth_doll.png build/assets/graphics/object_events/pics/dolls/meowth_doll.png.4bpp 
tools/gbagfx/gbagfx.exe graphics/object_events/pics/dolls/mudkip_doll.png build/assets/graphics/object_events/pics/dolls/mudkip_doll.png.4bpp 
tools/gbagfx/gbagfx.exe graphics/object_events/pics/dolls/pichu_doll.png build/assets/graphics/object_events/pics/dolls/pichu_doll.png.4bpp 
tools/gbagfx/gbagfx.exe graphics/object_events/pics/dolls/pikachu_doll.png build/assets/graphics/object_events/pics/dolls/pikachu_doll.png.4bpp 
tools/gbagfx/gbagfx.exe graphics/object_events/pics/dolls/seedot_doll.png build/assets/graphics/object_events/pics/dolls/seedot_doll.png.4bpp 
tools/gbagfx/gbagfx.exe graphics/object_events/pics/dolls/skitty_doll.png build/assets/graphics/object_events/pics/dolls/skitty_doll.png.4bpp 
tools/gbagfx/gbagfx.exe graphics/object_events/pics/dolls/smoochum_doll.png build/assets/graphics/object_events/pics/dolls/smoochum_doll.png.4bpp 
tools/gbagfx/gbagfx.exe graphics/object_events/pics/dolls/togepi_doll.png build/assets/graphics/object_events/pics/dolls/togepi_doll.png.4bpp 
tools/gbagfx/gbagfx.exe graphics/object_events/pics/dolls/swablu_doll.png build/assets/graphics/object_events/pics/dolls/swablu_doll.png.4bpp 
tools/gbagfx/gbagfx.exe graphics/object_events/pics/dolls/torchic_doll.png build/assets/graphics/object_events/pics/dolls/torchic_doll.png.4bpp 
tools/gbagfx/gbagfx.exe graphics/object_events/pics/dolls/totodile_doll.png build/assets/graphics/object_events/pics/dolls/totodile_doll.png.4bpp 
tools/gbagfx/gbagfx.exe graphics/object_events/pics/dolls/treecko_doll.png build/assets/graphics/object_events/pics/dolls/treecko_doll.png.4bpp 
tools/gbagfx/gbagfx.exe graphics/object_events/pics/dolls/unused_magnemite_doll.png build/assets/graphics/object_events/pics/dolls/unused_magnemite_doll.png.4bpp 
tools/gbagfx/gbagfx.exe graphics/object_events/pics/dolls/unused_natu_doll.png build/assets/graphics/object_events/pics/dolls/unused_natu_doll.png.4bpp 
tools/gbagfx/gbagfx.exe graphics/object_events/pics/dolls/unused_pikachu_doll.png build/assets/graphics/object_events/pics/dolls/unused_pikachu_doll.png.4bpp 
tools/gbagfx/gbagfx.exe graphics/object_events/pics/dolls/unused_porygon2_doll.png build/assets/graphics/object_events/pics/dolls/unused_porygon2_doll.png.4bpp 
tools/gbagfx/gbagfx.exe graphics/object_events/pics/dolls/unused_squirtle_doll.png build/assets/graphics/object_events/pics/dolls/unused_squirtle_doll.png.4bpp 
tools/gbagfx/gbagfx.exe graphics/object_events/pics/dolls/unused_wooper_doll.png build/assets/graphics/object_events/pics/dolls/unused_wooper_doll.png.4bpp 
tools/gbagfx/gbagfx.exe graphics/object_events/pics/dolls/wynaut_doll.png build/assets/graphics/object_events/pics/dolls/wynaut_doll.png.4bpp 
tools/gbagfx/gbagfx.exe graphics/object_events/pics/misc/birchs_bag.png build/assets/graphics/object_events/pics/misc/birchs_bag.png.4bpp 
tools/gbagfx/gbagfx.exe graphics/object_events/pics/misc/birth_island_stone.png build/assets/graphics/object_events/pics/misc/birth_island_stone.png.4bpp 
tools/gbagfx/gbagfx.exe graphics/object_events/pics/misc/breakable_rock.png build/assets/graphics/object_events/pics/misc/breakable_rock.png_mwidth_2__mheight_2.4bpp -mwidth 2 -mheight 2
tools/gbagfx/gbagfx.exe graphics/object_events/pics/misc/cable_car.png build/assets/graphics/object_events/pics/misc/cable_car.png.4bpp 
tools/gbagfx/gbagfx.exe graphics/object_events/pics/misc/fossil.png build/assets/graphics/object_events/pics/misc/fossil.png.4bpp 
tools/gbagfx/gbagfx.exe graphics/object_events/pics/misc/item_ball.png build/assets/graphics/object_events/pics/misc/item_ball.png.4bpp 
tools/gbagfx/gbagfx.exe graphics/object_events/pics/misc/cuttable_tree.png build/assets/graphics/object_events/pics/misc/cuttable_tree.png_mwidth_2__mheight_2.4bpp -mwidth 2 -mheight 2
tools/gbagfx/gbagfx.exe graphics/object_events/pics/misc/moving_box.png build/assets/graphics/object_events/pics/misc/moving_box.png.4bpp 
tools/gbagfx/gbagfx.exe graphics/object_events/pics/misc/mr_brineys_boat.png build/assets/graphics/object_events/pics/misc/mr_brineys_boat.png_mwidth_4__mheight_4.4bpp -mwidth 4 -mheight 4
tools/gbagfx/gbagfx.exe graphics/object_events/pics/misc/pushable_boulder.png build/assets/graphics/object_events/pics/misc/pushable_boulder.png.4bpp 
tools/gbagfx/gbagfx.exe graphics/object_events/pics/misc/ss_tidal.png build/assets/graphics/object_events/pics/misc/ss_tidal.png.4bpp 
tools/gbagfx/gbagfx.exe graphics/object_events/pics/misc/submarine_shadow.png build/assets/graphics/object_events/pics/misc/submarine_shadow.png.4bpp 
tools/gbagfx/gbagfx.exe graphics/object_events/pics/misc/statue.png build/assets/graphics/object_events/pics/misc/statue.png.4bpp 
tools/gbagfx/gbagfx.exe graphics/object_events/pics/misc/truck.png build/assets/graphics/object_events/pics/misc/truck.png.4bpp 
tools/gbagfx/gbagfx.exe graphics/object_events/pics/people/artist.png build/assets/graphics/object_events/pics/people/artist.png_mwidth_2__mheight_4.4bpp -mwidth 2 -mheight 4
tools/gbagfx/gbagfx.exe graphics/object_events/pics/people/black_belt.png build/assets/graphics/object_events/pics/people/black_belt.png_mwidth_2__mheight_4.4bpp -mwidth 2 -mheight 4
tools/gbagfx/gbagfx.exe graphics/object_events/pics/people/beauty.png build/assets/graphics/object_events/pics/people/beauty.png_mwidth_2__mheight_4.4bpp -mwidth 2 -mheight 4
tools/gbagfx/gbagfx.exe graphics/object_events/pics/people/boy_2.png build/assets/graphics/object_events/pics/people/boy_2.png_mwidth_2__mheight_4.4bpp -mwidth 2 -mheight 4
tools/gbagfx/gbagfx.exe graphics/object_events/pics/people/boy_1.png build/assets/graphics/object_events/pics/people/boy_1.png_mwidth_2__mheight_4.4bpp -mwidth 2 -mheight 4
tools/gbagfx/gbagfx.exe graphics/object_events/pics/people/boy_3.png build/assets/graphics/object_events/pics/people/boy_3.png_mwidth_2__mheight_4.4bpp -mwidth 2 -mheight 4
tools/gbagfx/gbagfx.exe graphics/object_events/pics/people/brendan/acro_bike.png build/assets/graphics/object_events/pics/people/brendan/acro_bike.png_mwidth_4__mheight_4.4bpp -mwidth 4 -mheight 4
tools/gbagfx/gbagfx.exe graphics/object_events/pics/people/brendan/decorating.png build/assets/graphics/object_events/pics/people/brendan/decorating.png.4bpp 
tools/gbagfx/gbagfx.exe graphics/object_events/pics/people/brendan/field_move.png build/assets/graphics/object_events/pics/people/brendan/field_move.png_mwidth_4__mheight_4.4bpp -mwidth 4 -mheight 4
tools/gbagfx/gbagfx.exe graphics/object_events/pics/people/brendan/fishing.png build/assets/graphics/object_events/pics/people/brendan/fishing.png_mwidth_4__mheight_4.4bpp -mwidth 4 -mheight 4
tools/gbagfx/gbagfx.exe graphics/object_events/pics/people/brendan/mach_bike.png build/assets/graphics/object_events/pics/people/brendan/mach_bike.png_mwidth_4__mheight_4.4bpp -mwidth 4 -mheight 4
tools/gbagfx/gbagfx.exe graphics/object_events/pics/people/brendan/running.png build/assets/graphics/object_events/pics/people/brendan/running.png_mwidth_2__mheight_4.4bpp -mwidth 2 -mheight 4
tools/gbagfx/gbagfx.exe graphics/object_events/pics/people/brendan/surfing.png build/assets/graphics/object_events/pics/people/brendan/surfing.png_mwidth_4__mheight_4.4bpp -mwidth 4 -mheight 4
tools/gbagfx/gbagfx.exe graphics/object_events/pics/people/brendan/underwater.png build/assets/graphics/object_events/pics/people/brendan/underwater.png_mwidth_4__mheight_4.4bpp -mwidth 4 -mheight 4
tools/gbagfx/gbagfx.exe graphics/object_events/pics/people/brendan/walking.png build/assets/graphics/object_events/pics/people/brendan/walking.png_mwidth_2__mheight_4.4bpp -mwidth 2 -mheight 4
tools/gbagfx/gbagfx.exe graphics/object_events/pics/people/brendan/watering.png build/assets/graphics/object_events/pics/people/brendan/watering.png_mwidth_4__mheight_4.4bpp -mwidth 4 -mheight 4
tools/gbagfx/gbagfx.exe graphics/object_events/pics/people/cameraman.png build/assets/graphics/object_events/pics/people/cameraman.png_mwidth_2__mheight_4.4bpp -mwidth 2 -mheight 4
tools/gbagfx/gbagfx.exe graphics/object_events/pics/people/bug_catcher.png build/assets/graphics/object_events/pics/people/bug_catcher.png_mwidth_2__mheight_4.4bpp -mwidth 2 -mheight 4
tools/gbagfx/gbagfx.exe graphics/object_events/pics/people/camper.png build/assets/graphics/object_events/pics/people/camper.png_mwidth_2__mheight_4.4bpp -mwidth 2 -mheight 4
tools/gbagfx/gbagfx.exe graphics/object_events/pics/people/cook.png build/assets/graphics/object_events/pics/people/cook.png_mwidth_2__mheight_4.4bpp -mwidth 2 -mheight 4
tools/gbagfx/gbagfx.exe graphics/object_events/pics/people/contest_judge.png build/assets/graphics/object_events/pics/people/contest_judge.png_mwidth_2__mheight_4.4bpp -mwidth 2 -mheight 4
tools/gbagfx/gbagfx.exe graphics/object_events/pics/people/cycling_triathlete_f.png build/assets/graphics/object_events/pics/people/cycling_triathlete_f.png_mwidth_4__mheight_4.4bpp -mwidth 4 -mheight 4
tools/gbagfx/gbagfx.exe graphics/object_events/pics/people/cycling_triathlete_m.png build/assets/graphics/object_events/pics/people/cycling_triathlete_m.png_mwidth_4__mheight_4.4bpp -mwidth 4 -mheight 4
tools/gbagfx/gbagfx.exe graphics/object_events/pics/people/devon_employee.png build/assets/graphics/object_events/pics/people/devon_employee.png_mwidth_2__mheight_4.4bpp -mwidth 2 -mheight 4
tools/gbagfx/gbagfx.exe graphics/object_events/pics/people/elite_four/drake.png build/assets/graphics/object_events/pics/people/elite_four/drake.png_mwidth_2__mheight_4.4bpp -mwidth 2 -mheight 4
tools/gbagfx/gbagfx.exe graphics/object_events/pics/people/elite_four/glacia.png build/assets/graphics/object_events/pics/people/elite_four/glacia.png_mwidth_2__mheight_4.4bpp -mwidth 2 -mheight 4
tools/gbagfx/gbagfx.exe graphics/object_events/pics/people/elite_four/phoebe.png build/assets/graphics/object_events/pics/people/elite_four/phoebe.png_mwidth_2__mheight_4.4bpp -mwidth 2 -mheight 4
tools/gbagfx/gbagfx.exe graphics/object_events/pics/people/elite_four/sidney.png build/assets/graphics/object_events/pics/people/elite_four/sidney.png_mwidth_2__mheight_4.4bpp -mwidth 2 -mheight 4
tools/gbagfx/gbagfx.exe graphics/object_events/pics/people/expert_f.png build/assets/graphics/object_events/pics/people/expert_f.png_mwidth_2__mheight_4.4bpp -mwidth 2 -mheight 4
tools/gbagfx/gbagfx.exe graphics/object_events/pics/people/expert_m.png build/assets/graphics/object_events/pics/people/expert_m.png_mwidth_2__mheight_4.4bpp -mwidth 2 -mheight 4
tools/gbagfx/gbagfx.exe graphics/object_events/pics/people/fat_man.png build/assets/graphics/object_events/pics/people/fat_man.png_mwidth_2__mheight_4.4bpp -mwidth 2 -mheight 4
tools/gbagfx/gbagfx.exe graphics/object_events/pics/people/fisherman.png build/assets/graphics/object_events/pics/people/fisherman.png_mwidth_2__mheight_4.4bpp -mwidth 2 -mheight 4
tools/gbagfx/gbagfx.exe graphics/object_events/pics/people/frontier_brains/anabel.png build/assets/graphics/object_events/pics/people/frontier_brains/anabel.png_mwidth_2__mheight_4.4bpp -mwidth 2 -mheight 4
tools/gbagfx/gbagfx.exe graphics/object_events/pics/people/frontier_brains/brandon.png build/assets/graphics/object_events/pics/people/frontier_brains/brandon.png_mwidth_2__mheight_4.4bpp -mwidth 2 -mheight 4
tools/gbagfx/gbagfx.exe graphics/object_events/pics/people/frontier_brains/greta.png build/assets/graphics/object_events/pics/people/frontier_brains/greta.png_mwidth_2__mheight_4.4bpp -mwidth 2 -mheight 4
tools/gbagfx/gbagfx.exe graphics/object_events/pics/people/frontier_brains/lucy.png build/assets/graphics/object_events/pics/people/frontier_brains/lucy.png_mwidth_2__mheight_4.4bpp -mwidth 2 -mheight 4
tools/gbagfx/gbagfx.exe graphics/object_events/pics/people/frontier_brains/noland.png build/assets/graphics/object_events/pics/people/frontier_brains/noland.png_mwidth_2__mheight_4.4bpp -mwidth 2 -mheight 4
tools/gbagfx/gbagfx.exe graphics/object_events/pics/people/frontier_brains/spenser.png build/assets/graphics/object_events/pics/people/frontier_brains/spenser.png_mwidth_2__mheight_4.4bpp -mwidth 2 -mheight 4
tools/gbagfx/gbagfx.exe graphics/object_events/pics/people/frontier_brains/tucker.png build/assets/graphics/object_events/pics/people/frontier_brains/tucker.png_mwidth_2__mheight_4.4bpp -mwidth 2 -mheight 4
tools/gbagfx/gbagfx.exe graphics/object_events/pics/people/gameboy_kid.png build/assets/graphics/object_events/pics/people/gameboy_kid.png_mwidth_2__mheight_4.4bpp -mwidth 2 -mheight 4
tools/gbagfx/gbagfx.exe graphics/object_events/pics/people/gentleman.png build/assets/graphics/object_events/pics/people/gentleman.png_mwidth_2__mheight_4.4bpp -mwidth 2 -mheight 4
tools/gbagfx/gbagfx.exe graphics/object_events/pics/people/girl_1.png build/assets/graphics/object_events/pics/people/girl_1.png_mwidth_2__mheight_4.4bpp -mwidth 2 -mheight 4
tools/gbagfx/gbagfx.exe graphics/object_events/pics/people/girl_2.png build/assets/graphics/object_events/pics/people/girl_2.png_mwidth_2__mheight_4.4bpp -mwidth 2 -mheight 4
tools/gbagfx/gbagfx.exe graphics/object_events/pics/people/girl_3.png build/assets/graphics/object_events/pics/people/girl_3.png_mwidth_2__mheight_4.4bpp -mwidth 2 -mheight 4
tools/gbagfx/gbagfx.exe graphics/object_events/pics/people/gym_leaders/brawly.png build/assets/graphics/object_events/pics/people/gym_leaders/brawly.png_mwidth_2__mheight_4.4bpp -mwidth 2 -mheight 4
tools/gbagfx/gbagfx.exe graphics/object_events/pics/people/gym_leaders/flannery.png build/assets/graphics/object_events/pics/people/gym_leaders/flannery.png_mwidth_2__mheight_4.4bpp -mwidth 2 -mheight 4
tools/gbagfx/gbagfx.exe graphics/object_events/pics/people/gym_leaders/juan.png build/assets/graphics/object_events/pics/people/gym_leaders/juan.png_mwidth_2__mheight_4.4bpp -mwidth 2 -mheight 4
tools/gbagfx/gbagfx.exe graphics/object_events/pics/people/gym_leaders/liza.png build/assets/graphics/object_events/pics/people/gym_leaders/liza.png_mwidth_2__mheight_4.4bpp -mwidth 2 -mheight 4
tools/gbagfx/gbagfx.exe graphics/object_events/pics/people/gym_leaders/norman.png build/assets/graphics/object_events/pics/people/gym_leaders/norman.png_mwidth_2__mheight_4.4bpp -mwidth 2 -mheight 4
tools/gbagfx/gbagfx.exe graphics/object_events/pics/people/gym_leaders/roxanne.png build/assets/graphics/object_events/pics/people/gym_leaders/roxanne.png_mwidth_2__mheight_4.4bpp -mwidth 2 -mheight 4
tools/gbagfx/gbagfx.exe graphics/object_events/pics/people/gym_leaders/tate.png build/assets/graphics/object_events/pics/people/gym_leaders/tate.png_mwidth_2__mheight_4.4bpp -mwidth 2 -mheight 4
tools/gbagfx/gbagfx.exe graphics/object_events/pics/people/gym_leaders/wattson.png build/assets/graphics/object_events/pics/people/gym_leaders/wattson.png_mwidth_2__mheight_4.4bpp -mwidth 2 -mheight 4
tools/gbagfx/gbagfx.exe graphics/object_events/pics/people/gym_leaders/winona.png build/assets/graphics/object_events/pics/people/gym_leaders/winona.png_mwidth_2__mheight_4.4bpp -mwidth 2 -mheight 4
tools/gbagfx/gbagfx.exe graphics/object_events/pics/people/hex_maniac.png build/assets/graphics/object_events/pics/people/hex_maniac.png_mwidth_2__mheight_4.4bpp -mwidth 2 -mheight 4
tools/gbagfx/gbagfx.exe graphics/object_events/pics/people/hiker.png build/assets/graphics/object_events/pics/people/hiker.png_mwidth_2__mheight_4.4bpp -mwidth 2 -mheight 4
tools/gbagfx/gbagfx.exe graphics/object_events/pics/people/hot_springs_old_woman.png build/assets/graphics/object_events/pics/people/hot_springs_old_woman.png_mwidth_2__mheight_4.4bpp -mwidth 2 -mheight 4
tools/gbagfx/gbagfx.exe graphics/object_events/pics/people/lass.png build/assets/graphics/object_events/pics/people/lass.png_mwidth_2__mheight_4.4bpp -mwidth 2 -mheight 4
tools/gbagfx/gbagfx.exe graphics/object_events/pics/people/leaf.png build/assets/graphics/object_events/pics/people/leaf.png_mwidth_2__mheight_4.4bpp -mwidth 2 -mheight 4
tools/gbagfx/gbagfx.exe graphics/object_events/pics/people/link_receptionist.png build/assets/graphics/object_events/pics/people/link_receptionist.png_mwidth_2__mheight_4.4bpp -mwidth 2 -mheight 4
tools/gbagfx/gbagfx.exe graphics/object_events/pics/people/little_boy.png build/assets/graphics/object_events/pics/people/little_boy.png_mwidth_2__mheight_2.4bpp -mwidth 2 -mheight 2
tools/gbagfx/gbagfx.exe graphics/object_events/pics/people/little_girl.png build/assets/graphics/object_events/pics/people/little_girl.png_mwidth_2__mheight_2.4bpp -mwidth 2 -mheight 2
tools/gbagfx/gbagfx.exe graphics/object_events/pics/people/man_1.png build/assets/graphics/object_events/pics/people/man_1.png_mwidth_2__mheight_4.4bpp -mwidth 2 -mheight 4
tools/gbagfx/gbagfx.exe graphics/object_events/pics/people/man_2.png build/assets/graphics/object_events/pics/people/man_2.png_mwidth_2__mheight_4.4bpp -mwidth 2 -mheight 4
tools/gbagfx/gbagfx.exe graphics/object_events/pics/people/man_3.png build/assets/graphics/object_events/pics/people/man_3.png_mwidth_2__mheight_4.4bpp -mwidth 2 -mheight 4
tools/gbagfx/gbagfx.exe graphics/object_events/pics/people/man_4.png build/assets/graphics/object_events/pics/people/man_4.png_mwidth_2__mheight_4.4bpp -mwidth 2 -mheight 4
tools/gbagfx/gbagfx.exe graphics/object_events/pics/people/man_5.png build/assets/graphics/object_events/pics/people/man_5.png_mwidth_2__mheight_4.4bpp -mwidth 2 -mheight 4
tools/gbagfx/gbagfx.exe graphics/object_events/pics/people/maniac.png build/assets/graphics/object_events/pics/people/maniac.png_mwidth_2__mheight_4.4bpp -mwidth 2 -mheight 4
tools/gbagfx/gbagfx.exe graphics/object_events/pics/people/mauville_old_man_1.png build/assets/graphics/object_events/pics/people/mauville_old_man_1.png_mwidth_2__mheight_4.4bpp -mwidth 2 -mheight 4
tools/gbagfx/gbagfx.exe graphics/object_events/pics/people/mart_employee.png build/assets/graphics/object_events/pics/people/mart_employee.png_mwidth_2__mheight_4.4bpp -mwidth 2 -mheight 4
tools/gbagfx/gbagfx.exe graphics/object_events/pics/people/mauville_old_man_2.png build/assets/graphics/object_events/pics/people/mauville_old_man_2.png_mwidth_2__mheight_4.4bpp -mwidth 2 -mheight 4
tools/gbagfx/gbagfx.exe graphics/object_events/pics/people/may/acro_bike.png build/assets/graphics/object_events/pics/people/may/acro_bike.png_mwidth_4__mheight_4.4bpp -mwidth 4 -mheight 4
tools/gbagfx/gbagfx.exe graphics/object_events/pics/people/may/field_move.png build/assets/graphics/object_events/pics/people/may/field_move.png_mwidth_4__mheight_4.4bpp -mwidth 4 -mheight 4
tools/gbagfx/gbagfx.exe graphics/object_events/pics/people/may/decorating.png build/assets/graphics/object_events/pics/people/may/decorating.png.4bpp 
tools/gbagfx/gbagfx.exe graphics/object_events/pics/people/may/fishing.png build/assets/graphics/object_events/pics/people/may/fishing.png_mwidth_4__mheight_4.4bpp -mwidth 4 -mheight 4
tools/gbagfx/gbagfx.exe graphics/object_events/pics/people/may/running.png build/assets/graphics/object_events/pics/people/may/running.png_mwidth_2__mheight_4.4bpp -mwidth 2 -mheight 4
tools/gbagfx/gbagfx.exe graphics/object_events/pics/people/may/mach_bike.png build/assets/graphics/object_events/pics/people/may/mach_bike.png_mwidth_4__mheight_4.4bpp -mwidth 4 -mheight 4
tools/gbagfx/gbagfx.exe graphics/object_events/pics/people/may/surfing.png build/assets/graphics/object_events/pics/people/may/surfing.png_mwidth_4__mheight_4.4bpp -mwidth 4 -mheight 4
tools/gbagfx/gbagfx.exe graphics/object_events/pics/people/may/underwater.png build/assets/graphics/object_events/pics/people/may/underwater.png_mwidth_4__mheight_4.4bpp -mwidth 4 -mheight 4
tools/gbagfx/gbagfx.exe graphics/object_events/pics/people/may/walking.png build/assets/graphics/object_events/pics/people/may/walking.png_mwidth_2__mheight_4.4bpp -mwidth 2 -mheight 4
tools/gbagfx/gbagfx.exe graphics/object_events/pics/people/may/watering.png build/assets/graphics/object_events/pics/people/may/watering.png_mwidth_4__mheight_4.4bpp -mwidth 4 -mheight 4
tools/gbagfx/gbagfx.exe graphics/object_events/pics/people/mom.png build/assets/graphics/object_events/pics/people/mom.png_mwidth_2__mheight_4.4bpp -mwidth 2 -mheight 4
tools/gbagfx/gbagfx.exe graphics/object_events/pics/people/mystery_event_deliveryman.png build/assets/graphics/object_events/pics/people/mystery_event_deliveryman.png_mwidth_2__mheight_4.4bpp -mwidth 2 -mheight 4
tools/gbagfx/gbagfx.exe graphics/object_events/pics/people/ninja_boy.png build/assets/graphics/object_events/pics/people/ninja_boy.png_mwidth_2__mheight_2.4bpp -mwidth 2 -mheight 2
tools/gbagfx/gbagfx.exe graphics/object_events/pics/people/nurse.png build/assets/graphics/object_events/pics/people/nurse.png_mwidth_2__mheight_4.4bpp -mwidth 2 -mheight 4
tools/gbagfx/gbagfx.exe graphics/object_events/pics/people/old_man.png build/assets/graphics/object_events/pics/people/old_man.png_mwidth_2__mheight_4.4bpp -mwidth 2 -mheight 4
tools/gbagfx/gbagfx.exe graphics/object_events/pics/people/old_woman.png build/assets/graphics/object_events/pics/people/old_woman.png_mwidth_2__mheight_4.4bpp -mwidth 2 -mheight 4
tools/gbagfx/gbagfx.exe graphics/object_events/pics/people/picnicker.png build/assets/graphics/object_events/pics/people/picnicker.png_mwidth_2__mheight_4.4bpp -mwidth 2 -mheight 4
tools/gbagfx/gbagfx.exe graphics/object_events/pics/people/pokefan_m.png build/assets/graphics/object_events/pics/people/pokefan_m.png_mwidth_2__mheight_4.4bpp -mwidth 2 -mheight 4
tools/gbagfx/gbagfx.exe graphics/object_events/pics/people/pokefan_f.png build/assets/graphics/object_events/pics/people/pokefan_f.png_mwidth_2__mheight_4.4bpp -mwidth 2 -mheight 4
tools/gbagfx/gbagfx.exe graphics/object_events/pics/people/prof_birch.png build/assets/graphics/object_events/pics/people/prof_birch.png_mwidth_2__mheight_4.4bpp -mwidth 2 -mheight 4
tools/gbagfx/gbagfx.exe graphics/object_events/pics/people/psychic_m.png build/assets/graphics/object_events/pics/people/psychic_m.png_mwidth_2__mheight_4.4bpp -mwidth 2 -mheight 4
tools/gbagfx/gbagfx.exe graphics/object_events/pics/people/quinty_plump.png build/assets/graphics/object_events/pics/people/quinty_plump.png_mwidth_4__mheight_4.4bpp -mwidth 4 -mheight 4
tools/gbagfx/gbagfx.exe graphics/object_events/pics/people/red.png build/assets/graphics/object_events/pics/people/red.png_mwidth_2__mheight_4.4bpp -mwidth 2 -mheight 4
tools/gbagfx/gbagfx.exe graphics/object_events/pics/people/reporter_f.png build/assets/graphics/object_events/pics/people/reporter_f.png_mwidth_2__mheight_4.4bpp -mwidth 2 -mheight 4
tools/gbagfx/gbagfx.exe graphics/object_events/pics/people/reporter_m.png build/assets/graphics/object_events/pics/people/reporter_m.png_mwidth_2__mheight_4.4bpp -mwidth 2 -mheight 4
tools/gbagfx/gbagfx.exe graphics/object_events/pics/people/rich_boy.png build/assets/graphics/object_events/pics/people/rich_boy.png_mwidth_2__mheight_4.4bpp -mwidth 2 -mheight 4
tools/gbagfx/gbagfx.exe graphics/object_events/pics/people/rooftop_sale_woman.png build/assets/graphics/object_events/pics/people/rooftop_sale_woman.png_mwidth_2__mheight_4.4bpp -mwidth 2 -mheight 4
tools/gbagfx/gbagfx.exe graphics/object_events/pics/people/rs_little_boy.png build/assets/graphics/object_events/pics/people/rs_little_boy.png_mwidth_2__mheight_2.4bpp -mwidth 2 -mheight 2
tools/gbagfx/gbagfx.exe graphics/object_events/pics/people/ruby_sapphire_brendan/walking.png build/assets/graphics/object_events/pics/people/ruby_sapphire_brendan/walking.png_mwidth_2__mheight_4.4bpp -mwidth 2 -mheight 4
tools/gbagfx/gbagfx.exe graphics/object_events/pics/people/ruby_sapphire_brendan/running.png build/assets/graphics/object_events/pics/people/ruby_sapphire_brendan/running.png_mwidth_2__mheight_4.4bpp -mwidth 2 -mheight 4
tools/gbagfx/gbagfx.exe graphics/object_events/pics/people/ruby_sapphire_may/running.png build/assets/graphics/object_events/pics/people/ruby_sapphire_may/running.png_mwidth_2__mheight_4.4bpp -mwidth 2 -mheight 4
tools/gbagfx/gbagfx.exe graphics/object_events/pics/people/ruby_sapphire_may/walking.png build/assets/graphics/object_events/pics/people/ruby_sapphire_may/walking.png_mwidth_2__mheight_4.4bpp -mwidth 2 -mheight 4
tools/gbagfx/gbagfx.exe graphics/object_events/pics/people/running_triathlete_f.png build/assets/graphics/object_events/pics/people/running_triathlete_f.png_mwidth_2__mheight_4.4bpp -mwidth 2 -mheight 4
tools/gbagfx/gbagfx.exe graphics/object_events/pics/people/sailor.png build/assets/graphics/object_events/pics/people/sailor.png_mwidth_2__mheight_4.4bpp -mwidth 2 -mheight 4
tools/gbagfx/gbagfx.exe graphics/object_events/pics/people/running_triathlete_m.png build/assets/graphics/object_events/pics/people/running_triathlete_m.png_mwidth_2__mheight_4.4bpp -mwidth 2 -mheight 4
tools/gbagfx/gbagfx.exe graphics/object_events/pics/people/school_kid_m.png build/assets/graphics/object_events/pics/people/school_kid_m.png_mwidth_2__mheight_4.4bpp -mwidth 2 -mheight 4
tools/gbagfx/gbagfx.exe graphics/object_events/pics/people/scientist_1.png build/assets/graphics/object_events/pics/people/scientist_1.png_mwidth_2__mheight_4.4bpp -mwidth 2 -mheight 4
tools/gbagfx/gbagfx.exe graphics/object_events/pics/people/scientist_2.png build/assets/graphics/object_events/pics/people/scientist_2.png_mwidth_2__mheight_4.4bpp -mwidth 2 -mheight 4
tools/gbagfx/gbagfx.exe graphics/object_events/pics/people/scott.png build/assets/graphics/object_events/pics/people/scott.png_mwidth_2__mheight_4.4bpp -mwidth 2 -mheight 4
tools/gbagfx/gbagfx.exe graphics/object_events/pics/people/steven.png build/assets/graphics/object_events/pics/people/steven.png_mwidth_2__mheight_4.4bpp -mwidth 2 -mheight 4
tools/gbagfx/gbagfx.exe graphics/object_events/pics/people/swimmer_f.png build/assets/graphics/object_events/pics/people/swimmer_f.png_mwidth_2__mheight_4.4bpp -mwidth 2 -mheight 4
tools/gbagfx/gbagfx.exe graphics/object_events/pics/people/swimmer_m.png build/assets/graphics/object_events/pics/people/swimmer_m.png_mwidth_2__mheight_4.4bpp -mwidth 2 -mheight 4
tools/gbagfx/gbagfx.exe graphics/object_events/pics/people/team_aqua/aqua_member_f.png build/assets/graphics/object_events/pics/people/team_aqua/aqua_member_f.png_mwidth_2__mheight_4.4bpp -mwidth 2 -mheight 4
tools/gbagfx/gbagfx.exe graphics/object_events/pics/people/teala.png build/assets/graphics/object_events/pics/people/teala.png_mwidth_2__mheight_4.4bpp -mwidth 2 -mheight 4
tools/gbagfx/gbagfx.exe graphics/object_events/pics/people/team_aqua/aqua_member_m.png build/assets/graphics/object_events/pics/people/team_aqua/aqua_member_m.png_mwidth_2__mheight_4.4bpp -mwidth 2 -mheight 4
tools/gbagfx/gbagfx.exe graphics/object_events/pics/people/team_aqua/archie.png build/assets/graphics/object_events/pics/people/team_aqua/archie.png_mwidth_2__mheight_4.4bpp -mwidth 2 -mheight 4
tools/gbagfx/gbagfx.exe graphics/object_events/pics/people/team_magma/magma_member_f.png build/assets/graphics/object_events/pics/people/team_magma/magma_member_f.png_mwidth_2__mheight_4.4bpp -mwidth 2 -mheight 4
tools/gbagfx/gbagfx.exe graphics/object_events/pics/people/team_magma/maxie.png build/assets/graphics/object_events/pics/people/team_magma/maxie.png_mwidth_2__mheight_4.4bpp -mwidth 2 -mheight 4
tools/gbagfx/gbagfx.exe graphics/object_events/pics/people/team_magma/magma_member_m.png build/assets/graphics/object_events/pics/people/team_magma/magma_member_m.png_mwidth_2__mheight_4.4bpp -mwidth 2 -mheight 4
tools/gbagfx/gbagfx.exe graphics/object_events/pics/people/tuber_f.png build/assets/graphics/object_events/pics/people/tuber_f.png_mwidth_2__mheight_2.4bpp -mwidth 2 -mheight 2
tools/gbagfx/gbagfx.exe graphics/object_events/pics/people/tuber_m.png build/assets/graphics/object_events/pics/people/tuber_m.png_mwidth_2__mheight_2.4bpp -mwidth 2 -mheight 2
tools/gbagfx/gbagfx.exe graphics/object_events/pics/people/tuber_m_swimming.png build/assets/graphics/object_events/pics/people/tuber_m_swimming.png_mwidth_2__mheight_2.4bpp -mwidth 2 -mheight 2
tools/gbagfx/gbagfx.exe graphics/object_events/pics/people/twin.png build/assets/graphics/object_events/pics/people/twin.png_mwidth_2__mheight_4.4bpp -mwidth 2 -mheight 4
tools/gbagfx/gbagfx.exe graphics/object_events/pics/people/unused_woman.png build/assets/graphics/object_events/pics/people/unused_woman.png_mwidth_2__mheight_4.4bpp -mwidth 2 -mheight 4
tools/gbagfx/gbagfx.exe graphics/object_events/pics/people/wallace.png build/assets/graphics/object_events/pics/people/wallace.png_mwidth_2__mheight_4.4bpp -mwidth 2 -mheight 4
tools/gbagfx/gbagfx.exe graphics/object_events/pics/people/union_room_attendant.png build/assets/graphics/object_events/pics/people/union_room_attendant.png_mwidth_2__mheight_4.4bpp -mwidth 2 -mheight 4
tools/gbagfx/gbagfx.exe graphics/object_events/pics/people/wally.png build/assets/graphics/object_events/pics/people/wally.png_mwidth_2__mheight_4.4bpp -mwidth 2 -mheight 4
tools/gbagfx/gbagfx.exe graphics/object_events/pics/people/woman_1.png build/assets/graphics/object_events/pics/people/woman_1.png_mwidth_2__mheight_4.4bpp -mwidth 2 -mheight 4
tools/gbagfx/gbagfx.exe graphics/object_events/pics/people/woman_2.png build/assets/graphics/object_events/pics/people/woman_2.png_mwidth_2__mheight_4.4bpp -mwidth 2 -mheight 4
tools/gbagfx/gbagfx.exe graphics/object_events/pics/people/woman_4.png build/assets/graphics/object_events/pics/people/woman_4.png_mwidth_2__mheight_4.4bpp -mwidth 2 -mheight 4
tools/gbagfx/gbagfx.exe graphics/object_events/pics/people/woman_3.png build/assets/graphics/object_events/pics/people/woman_3.png_mwidth_2__mheight_4.4bpp -mwidth 2 -mheight 4
tools/gbagfx/gbagfx.exe graphics/object_events/pics/people/woman_5.png build/assets/graphics/object_events/pics/people/woman_5.png_mwidth_2__mheight_4.4bpp -mwidth 2 -mheight 4
tools/gbagfx/gbagfx.exe graphics/object_events/pics/pokemon/azumarill.png build/assets/graphics/object_events/pics/pokemon/azumarill.png_mwidth_2__mheight_2.4bpp -mwidth 2 -mheight 2
tools/gbagfx/gbagfx.exe graphics/object_events/pics/pokemon/azurill.png build/assets/graphics/object_events/pics/pokemon/azurill.png_mwidth_2__mheight_2.4bpp -mwidth 2 -mheight 2
tools/gbagfx/gbagfx.exe graphics/object_events/pics/people/youngster.png build/assets/graphics/object_events/pics/people/youngster.png_mwidth_2__mheight_4.4bpp -mwidth 2 -mheight 4
tools/gbagfx/gbagfx.exe graphics/object_events/pics/pokemon/deoxys.png build/assets/graphics/object_events/pics/pokemon/deoxys.png_mwidth_4__mheight_4.4bpp -mwidth 4 -mheight 4
tools/gbagfx/gbagfx.exe graphics/object_events/pics/pokemon/enemy_zigzagoon.png build/assets/graphics/object_events/pics/pokemon/enemy_zigzagoon.png_mwidth_4__mheight_4.4bpp -mwidth 4 -mheight 4
tools/gbagfx/gbagfx.exe graphics/object_events/pics/pokemon/dusclops.png build/assets/graphics/object_events/pics/pokemon/dusclops.png_mwidth_2__mheight_4.4bpp -mwidth 2 -mheight 4
tools/gbagfx/gbagfx.exe graphics/object_events/pics/pokemon/groudon.png build/assets/graphics/object_events/pics/pokemon/groudon.png_mwidth_4__mheight_4.4bpp -mwidth 4 -mheight 4
tools/gbagfx/gbagfx.exe graphics/object_events/pics/pokemon/ho_oh.png build/assets/graphics/object_events/pics/pokemon/ho_oh.png_mwidth_4__mheight_4.4bpp -mwidth 4 -mheight 4
tools/gbagfx/gbagfx.exe graphics/object_events/pics/pokemon/kecleon.png build/assets/graphics/object_events/pics/pokemon/kecleon.png_mwidth_2__mheight_2.4bpp -mwidth 2 -mheight 2
tools/gbagfx/gbagfx.exe graphics/object_events/pics/pokemon/kirlia.png build/assets/graphics/object_events/pics/pokemon/kirlia.png_mwidth_2__mheight_4.4bpp -mwidth 2 -mheight 4
tools/gbagfx/gbagfx.exe graphics/object_events/pics/pokemon/kyogre.png build/assets/graphics/object_events/pics/pokemon/kyogre.png_mwidth_4__mheight_4.4bpp -mwidth 4 -mheight 4
tools/gbagfx/gbagfx.exe graphics/object_events/pics/pokemon/latias_latios.png build/assets/graphics/object_events/pics/pokemon/latias_latios.png_mwidth_4__mheight_4.4bpp -mwidth 4 -mheight 4
tools/gbagfx/gbagfx.exe graphics/object_events/pics/pokemon/lugia.png build/assets/graphics/object_events/pics/pokemon/lugia.png_mwidth_4__mheight_4.4bpp -mwidth 4 -mheight 4
tools/gbagfx/gbagfx.exe graphics/object_events/pics/pokemon/mew.png build/assets/graphics/object_events/pics/pokemon/mew.png_mwidth_2__mheight_4.4bpp -mwidth 2 -mheight 4
tools/gbagfx/gbagfx.exe graphics/object_events/pics/pokemon/pikachu.png build/assets/graphics/object_events/pics/pokemon/pikachu.png_mwidth_2__mheight_2.4bpp -mwidth 2 -mheight 2
tools/gbagfx/gbagfx.exe graphics/object_events/pics/pokemon/poochyena.png build/assets/graphics/object_events/pics/pokemon/poochyena.png_mwidth_4__mheight_4.4bpp -mwidth 4 -mheight 4
tools/gbagfx/gbagfx.exe graphics/object_events/pics/pokemon/rayquaza.png build/assets/graphics/object_events/pics/pokemon/rayquaza.png_mwidth_8__mheight_8.4bpp -mwidth 8 -mheight 8
tools/gbagfx/gbagfx.exe graphics/object_events/pics/pokemon/rayquaza_still.png build/assets/graphics/object_events/pics/pokemon/rayquaza_still.png.4bpp 
tools/gbagfx/gbagfx.exe graphics/object_events/pics/pokemon/regi.png build/assets/graphics/object_events/pics/pokemon/regi.png.4bpp 
tools/gbagfx/gbagfx.exe graphics/object_events/pics/pokemon/skitty.png build/assets/graphics/object_events/pics/pokemon/skitty.png_mwidth_2__mheight_2.4bpp -mwidth 2 -mheight 2
tools/gbagfx/gbagfx.exe graphics/object_events/pics/pokemon/sudowoodo.png build/assets/graphics/object_events/pics/pokemon/sudowoodo.png_mwidth_2__mheight_4.4bpp -mwidth 2 -mheight 4
tools/gbagfx/gbagfx.exe graphics/object_events/pics/pokemon/vigoroth.png build/assets/graphics/object_events/pics/pokemon/vigoroth.png_mwidth_4__mheight_4.4bpp -mwidth 4 -mheight 4
tools/gbagfx/gbagfx.exe graphics/object_events/pics/pokemon/wingull.png build/assets/graphics/object_events/pics/pokemon/wingull.png_mwidth_2__mheight_2.4bpp -mwidth 2 -mheight 2
tools/gbagfx/gbagfx.exe graphics/object_events/pics/pokemon/zigzagoon.png build/assets/graphics/object_events/pics/pokemon/zigzagoon.png_mwidth_2__mheight_2.4bpp -mwidth 2 -mheight 2
tools/gbagfx/gbagfx.exe graphics/misc/evo_sparkle.png build/assets/graphics/misc/evo_sparkle.png.4bpp 
tools/gbagfx/gbagfx.exe graphics/misc/evo_sparkle.png build/assets/graphics/misc/evo_sparkle.png.gbapal 
tools/gbagfx/gbagfx.exe graphics/evolution_scene/bg.png build/assets/graphics/evolution_scene/bg.png.4bpp 
tools/gbagfx/gbagfx.exe graphics/evolution_scene/bg_anim.pal build/assets/graphics/evolution_scene/bg_anim.pal.gbapal 
tools/gbagfx/gbagfx.exe graphics/evolution_scene/bg_anim_intro.pal build/assets/graphics/evolution_scene/bg_anim_intro.pal.gbapal 
tools/gbagfx/gbagfx.exe graphics/evolution_scene/bg_inner.bin build/assets/graphics/evolution_scene/bg_inner.bin.lz 
tools/gbagfx/gbagfx.exe graphics/evolution_scene/unused_1.pal build/assets/graphics/evolution_scene/unused_1.pal.gbapal 
tools/gbagfx/gbagfx.exe graphics/evolution_scene/bg_outer.bin build/assets/graphics/evolution_scene/bg_outer.bin.lz 
tools/gbagfx/gbagfx.exe graphics/evolution_scene/unused_2.pal build/assets/graphics/evolution_scene/unused_2.pal.gbapal 
tools/gbagfx/gbagfx.exe graphics/evolution_scene/unused_3.pal build/assets/graphics/evolution_scene/unused_3.pal.gbapal 
tools/gbagfx/gbagfx.exe graphics/evolution_scene/unused_4.pal build/assets/graphics/evolution_scene/unused_4.pal.gbapal 
tools/agbcc/bin/agbcc.exe <flags> -o build/emerald/src/faraway_island.o src/faraway_island.c
tools/agbcc/bin/agbcc.exe <flags> -o build/emerald/src/field_camera.o src/field_camera.c
tools/agbcc/bin/agbcc.exe <flags> -o build/emerald/src/field_control_avatar.o src/field_control_avatar.c
tools/gbagfx/gbagfx.exe graphics/door_anims/abandoned_ship.png build/assets/graphics/door_anims/abandoned_ship.png.4bpp 
tools/gbagfx/gbagfx.exe graphics/door_anims/abandoned_ship_room.png build/assets/graphics/door_anims/abandoned_ship_room.png.4bpp 
tools/gbagfx/gbagfx.exe graphics/door_anims/battle_arena.png build/assets/graphics/door_anims/battle_arena.png.4bpp 
tools/gbagfx/gbagfx.exe graphics/door_anims/battle_arena_lobby.png build/assets/graphics/door_anims/battle_arena_lobby.png.4bpp 
tools/gbagfx/gbagfx.exe graphics/door_anims/battle_dome_corridor.png build/assets/graphics/door_anims/battle_dome_corridor.png.4bpp 
tools/gbagfx/gbagfx.exe graphics/door_anims/battle_dome_lobby.png build/assets/graphics/door_anims/battle_dome_lobby.png.4bpp 
tools/gbagfx/gbagfx.exe graphics/door_anims/battle_dome.png build/assets/graphics/door_anims/battle_dome.png.4bpp 
tools/gbagfx/gbagfx.exe graphics/door_anims/battle_dome_pre_battle_room.png build/assets/graphics/door_anims/battle_dome_pre_battle_room.png.4bpp 
tools/gbagfx/gbagfx.exe graphics/door_anims/battle_factory.png build/assets/graphics/door_anims/battle_factory.png.4bpp 
tools/gbagfx/gbagfx.exe graphics/door_anims/battle_frontier.png build/assets/graphics/door_anims/battle_frontier.png.4bpp 
tools/gbagfx/gbagfx.exe graphics/door_anims/battle_frontier_sliding.png build/assets/graphics/door_anims/battle_frontier_sliding.png.4bpp 
tools/gbagfx/gbagfx.exe graphics/door_anims/battle_palace_lobby.png build/assets/graphics/door_anims/battle_palace_lobby.png.4bpp 
tools/gbagfx/gbagfx.exe graphics/door_anims/battle_tent.png build/assets/graphics/door_anims/battle_tent.png.4bpp 
tools/gbagfx/gbagfx.exe graphics/door_anims/battle_tent_interior.png build/assets/graphics/door_anims/battle_tent_interior.png.4bpp 
tools/gbagfx/gbagfx.exe graphics/door_anims/battle_tower.png build/assets/graphics/door_anims/battle_tower.png.4bpp 
tools/gbagfx/gbagfx.exe graphics/door_anims/battle_tower_elevator.png build/assets/graphics/door_anims/battle_tower_elevator.png.4bpp 
tools/gbagfx/gbagfx.exe graphics/door_anims/battle_tower_multi_corridor.png build/assets/graphics/door_anims/battle_tower_multi_corridor.png_mwidth_2__mheight_4.4bpp -mwidth 2 -mheight 4
tools/gbagfx/gbagfx.exe graphics/door_anims/battle_tower_old.png build/assets/graphics/door_anims/battle_tower_old.png.4bpp 
tools/gbagfx/gbagfx.exe graphics/door_anims/birchs_lab.png build/assets/graphics/door_anims/birchs_lab.png.4bpp 
tools/gbagfx/gbagfx.exe graphics/door_anims/cable_club.png build/assets/graphics/door_anims/cable_club.png.4bpp 
tools/gbagfx/gbagfx.exe graphics/door_anims/contest.png build/assets/graphics/door_anims/contest.png.4bpp 
tools/gbagfx/gbagfx.exe graphics/door_anims/cycling_road.png build/assets/graphics/door_anims/cycling_road.png.4bpp 
tools/gbagfx/gbagfx.exe graphics/door_anims/dewford.png build/assets/graphics/door_anims/dewford.png.4bpp 
tools/gbagfx/gbagfx.exe graphics/door_anims/fallarbor_dark_roof.png build/assets/graphics/door_anims/fallarbor_dark_roof.png.4bpp 
tools/gbagfx/gbagfx.exe graphics/door_anims/fallarbor_light_roof.png build/assets/graphics/door_anims/fallarbor_light_roof.png.4bpp 
tools/gbagfx/gbagfx.exe graphics/door_anims/general.png build/assets/graphics/door_anims/general.png.4bpp 
tools/gbagfx/gbagfx.exe graphics/door_anims/gym.png build/assets/graphics/door_anims/gym.png.4bpp 
tools/gbagfx/gbagfx.exe graphics/door_anims/lilycove.png build/assets/graphics/door_anims/lilycove.png.4bpp 
tools/gbagfx/gbagfx.exe graphics/door_anims/lilycove_dept_store.png build/assets/graphics/door_anims/lilycove_dept_store.png.4bpp 
tools/gbagfx/gbagfx.exe graphics/door_anims/lilycove_dept_store_elevator.png build/assets/graphics/door_anims/lilycove_dept_store_elevator.png.4bpp 
tools/gbagfx/gbagfx.exe graphics/door_anims/lilycove_wooden.png build/assets/graphics/door_anims/lilycove_wooden.png.4bpp 
tools/gbagfx/gbagfx.exe graphics/door_anims/littleroot.png build/assets/graphics/door_anims/littleroot.png.4bpp 
tools/gbagfx/gbagfx.exe graphics/door_anims/mauville.png build/assets/graphics/door_anims/mauville.png.4bpp 
tools/gbagfx/gbagfx.exe graphics/door_anims/mossdeep.png build/assets/graphics/door_anims/mossdeep.png.4bpp 
tools/gbagfx/gbagfx.exe graphics/door_anims/mossdeep_space_center.png build/assets/graphics/door_anims/mossdeep_space_center.png.4bpp 
tools/gbagfx/gbagfx.exe graphics/door_anims/oldale.png build/assets/graphics/door_anims/oldale.png.4bpp 
tools/gbagfx/gbagfx.exe graphics/door_anims/pacifidlog.png build/assets/graphics/door_anims/pacifidlog.png.4bpp 
tools/gbagfx/gbagfx.exe graphics/door_anims/petalburg_gym.png build/assets/graphics/door_anims/petalburg_gym.png.4bpp 
tools/gbagfx/gbagfx.exe graphics/door_anims/poke_center.png build/assets/graphics/door_anims/poke_center.png.4bpp 
tools/gbagfx/gbagfx.exe graphics/door_anims/poke_mart.png build/assets/graphics/door_anims/poke_mart.png.4bpp 
tools/gbagfx/gbagfx.exe graphics/door_anims/pokemon_league.png build/assets/graphics/door_anims/pokemon_league.png.4bpp 
tools/gbagfx/gbagfx.exe graphics/door_anims/rustboro_gray.png build/assets/graphics/door_anims/rustboro_gray.png.4bpp 
tools/gbagfx/gbagfx.exe graphics/door_anims/rustboro_tan.png build/assets/graphics/door_anims/rustboro_tan.png.4bpp 
tools/gbagfx/gbagfx.exe graphics/door_anims/safari_zone.png build/assets/graphics/door_anims/safari_zone.png.4bpp 
tools/gbagfx/gbagfx.exe graphics/birch_speech/birch.png build/assets/graphics/birch_speech/birch.png.4bpp 
tools/gbagfx/gbagfx.exe graphics/birch_speech/unused_beauty.png build/assets/graphics/birch_speech/unused_beauty.png_num_tiles_822__Wnum_tiles.4bpp -num_tiles 822 -Wnum_tiles
tools/gbagfx/gbagfx.exe graphics/birch_speech/birch.png build/assets/graphics/birch_speech/birch.png.gbapal 
tools/gbagfx/gbagfx.exe graphics/door_anims/verdanturf.png build/assets/graphics/door_anims/verdanturf.png.4bpp 
tools/gbagfx/gbagfx.exe graphics/door_anims/slateport.png build/assets/graphics/door_anims/slateport.png.4bpp 
tools/gbagfx/gbagfx.exe graphics/door_anims/unused_top.png build/assets/graphics/door_anims/unused_top.png.4bpp 
tools/gbagfx/gbagfx.exe graphics/door_anims/unused_bottom.png build/assets/graphics/door_anims/unused_bottom.png.4bpp 
tools/gbagfx/gbagfx.exe graphics/field_effects/palettes/hof_monitor.pal build/assets/graphics/field_effects/palettes/hof_monitor.pal.gbapal 
tools/gbagfx/gbagfx.exe graphics/door_anims/trainer_hill_roof_elevator.png build/assets/graphics/door_anims/trainer_hill_roof_elevator.png.4bpp 
tools/gbagfx/gbagfx.exe graphics/door_anims/trainer_hill_lobby_elevator.png build/assets/graphics/door_anims/trainer_hill_lobby_elevator.png.4bpp 
tools/gbagfx/gbagfx.exe graphics/door_anims/sootopolis_peaked_roof.png build/assets/graphics/door_anims/sootopolis_peaked_roof.png.4bpp 
tools/gbagfx/gbagfx.exe graphics/door_anims/sootopolis.png build/assets/graphics/door_anims/sootopolis.png.4bpp 
tools/gbagfx/gbagfx.exe graphics/door_anims/unused_battle_frontier.png build/assets/graphics/door_anims/unused_battle_frontier.png.4bpp 
tools/gbagfx/gbagfx.exe graphics/field_effects/palettes/pokeball_glow.pal build/assets/graphics/field_effects/palettes/pokeball_glow.pal.gbapal 
tools/gbagfx/gbagfx.exe graphics/field_effects/pics/deoxys_rock_fragment_bottom_left.png build/assets/graphics/field_effects/pics/deoxys_rock_fragment_bottom_left.png.4bpp 
tools/gbagfx/gbagfx.exe graphics/field_effects/pics/deoxys_rock_fragment_bottom_right.png build/assets/graphics/field_effects/pics/deoxys_rock_fragment_bottom_right.png.4bpp 
tools/gbagfx/gbagfx.exe graphics/field_effects/pics/deoxys_rock_fragment_top_left.png build/assets/graphics/field_effects/pics/deoxys_rock_fragment_top_left.png.4bpp 
tools/gbagfx/gbagfx.exe graphics/field_effects/pics/deoxys_rock_fragment_top_right.png build/assets/graphics/field_effects/pics/deoxys_rock_fragment_top_right.png.4bpp 
tools/gbagfx/gbagfx.exe graphics/field_effects/pics/field_move_streaks.png build/assets/graphics/field_effects/pics/field_move_streaks.png.4bpp 
tools/gbagfx/gbagfx.exe graphics/field_effects/pics/field_move_streaks.png build/assets/graphics/field_effects/pics/field_move_streaks.png.gbapal 
tools/gbagfx/gbagfx.exe graphics/field_effects/pics/field_move_streaks_indoors.png build/assets/graphics/field_effects/pics/field_move_streaks_indoors.png.4bpp 
tools/gbagfx/gbagfx.exe graphics/field_effects/pics/hof_monitor_big.png build/assets/graphics/field_effects/pics/hof_monitor_big.png.4bpp 
tools/gbagfx/gbagfx.exe graphics/field_effects/pics/field_move_streaks_indoors.png build/assets/graphics/field_effects/pics/field_move_streaks_indoors.png.gbapal 
tools/gbagfx/gbagfx.exe graphics/field_effects/pics/hof_monitor_small.png build/assets/graphics/field_effects/pics/hof_monitor_small.png.4bpp 
tools/gbagfx/gbagfx.exe graphics/field_effects/pics/pokeball_glow.png build/assets/graphics/field_effects/pics/pokeball_glow.png.4bpp 
tools/gbagfx/gbagfx.exe graphics/field_effects/pics/pokecenter_monitor/0.png build/assets/graphics/field_effects/pics/pokecenter_monitor/0.png.4bpp 
tools/gbagfx/gbagfx.exe graphics/field_effects/pics/pokecenter_monitor/1.png build/assets/graphics/field_effects/pics/pokecenter_monitor/1.png.4bpp 
tools/gbagfx/gbagfx.exe graphics/field_effects/pics/spotlight.png build/assets/graphics/field_effects/pics/spotlight.png.gbapal 
tools/gbagfx/gbagfx.exe graphics/field_effects/pics/spotlight.png build/assets/graphics/field_effects/pics/spotlight.png.4bpp 
tools/agbcc/bin/agbcc.exe <flags> -o build/emerald/src/field_effect_helpers.o src/field_effect_helpers.c
tools/agbcc/bin/agbcc.exe <flags> -o build/emerald/src/field_player_avatar.o src/field_player_avatar.c
tools/agbcc/bin/agbcc.exe <flags> -o build/emerald/src/field_message_box.o src/field_message_box.c
tools/agbcc/bin/agbcc.exe <flags> -o build/emerald/src/field_special_scene.o src/field_special_scene.c
tools/agbcc/bin/agbcc.exe <flags> -o build/emerald/src/field_poison.o src/field_poison.c
tools/agbcc/bin/agbcc.exe <flags> -o build/emerald/src/field_screen_effect.o src/field_screen_effect.c
tools/agbcc/bin/agbcc.exe <flags> -o build/emerald/src/field_region_map.o src/field_region_map.c
tools/gbagfx/gbagfx.exe graphics/field_effects/palettes/deoxys_rock_3.pal build/assets/graphics/field_effects/palettes/deoxys_rock_3.pal.gbapal 
tools/gbagfx/gbagfx.exe graphics/field_effects/palettes/deoxys_rock_2.pal build/assets/graphics/field_effects/palettes/deoxys_rock_2.pal.gbapal 
tools/gbagfx/gbagfx.exe graphics/field_effects/palettes/deoxys_rock_10.pal build/assets/graphics/field_effects/palettes/deoxys_rock_10.pal.gbapal 
tools/gbagfx/gbagfx.exe graphics/field_effects/palettes/deoxys_rock_1.pal build/assets/graphics/field_effects/palettes/deoxys_rock_1.pal.gbapal 
tools/gbagfx/gbagfx.exe graphics/field_effects/palettes/deoxys_rock_11.pal build/assets/graphics/field_effects/palettes/deoxys_rock_11.pal.gbapal 
tools/gbagfx/gbagfx.exe graphics/field_effects/palettes/deoxys_rock_4.pal build/assets/graphics/field_effects/palettes/deoxys_rock_4.pal.gbapal 
tools/gbagfx/gbagfx.exe graphics/field_effects/palettes/deoxys_rock_5.pal build/assets/graphics/field_effects/palettes/deoxys_rock_5.pal.gbapal 
tools/gbagfx/gbagfx.exe graphics/field_effects/palettes/deoxys_rock_7.pal build/assets/graphics/field_effects/palettes/deoxys_rock_7.pal.gbapal 
tools/gbagfx/gbagfx.exe graphics/field_effects/palettes/deoxys_rock_8.pal build/assets/graphics/field_effects/palettes/deoxys_rock_8.pal.gbapal 
tools/gbagfx/gbagfx.exe graphics/field_effects/palettes/deoxys_rock_6.pal build/assets/graphics/field_effects/palettes/deoxys_rock_6.pal.gbapal 
tools/agbcc/bin/agbcc.exe <flags> -o build/emerald/src/field_tasks.o src/field_tasks.c
tools/gbagfx/gbagfx.exe graphics/field_effects/palettes/deoxys_rock_9.pal build/assets/graphics/field_effects/palettes/deoxys_rock_9.pal.gbapal 
tools/gbagfx/gbagfx.exe graphics/weather/ash.png build/assets/graphics/weather/ash.png.4bpp 
tools/gbagfx/gbagfx.exe graphics/weather/fog.pal build/assets/graphics/weather/fog.pal.gbapal 
tools/gbagfx/gbagfx.exe graphics/weather/cloud.png build/assets/graphics/weather/cloud.png.4bpp 
tools/gbagfx/gbagfx.exe graphics/weather/bubble.png build/assets/graphics/weather/bubble.png.4bpp 
tools/gbagfx/gbagfx.exe graphics/weather/cloud.png build/assets/graphics/weather/cloud.png.gbapal 
tools/gbagfx/gbagfx.exe graphics/weather/fog_diagonal.png build/assets/graphics/weather/fog_diagonal.png.4bpp 
tools/gbagfx/gbagfx.exe graphics/weather/fog_horizontal.png build/assets/graphics/weather/fog_horizontal.png.4bpp 
tools/gbagfx/gbagfx.exe graphics/weather/rain.png build/assets/graphics/weather/rain.png.4bpp 
tools/gbagfx/gbagfx.exe graphics/weather/sandstorm.png build/assets/graphics/weather/sandstorm.png.4bpp 
tools/gbagfx/gbagfx.exe graphics/weather/sandstorm.png build/assets/graphics/weather/sandstorm.png.gbapal 
tools/gbagfx/gbagfx.exe graphics/weather/snow0.png build/assets/graphics/weather/snow0.png.4bpp 
tools/agbcc/bin/agbcc.exe <flags> -o build/emerald/src/fieldmap.o src/fieldmap.c
tools/gbagfx/gbagfx.exe graphics/weather/snow1.png build/assets/graphics/weather/snow1.png.4bpp 
tools/agbcc/bin/agbcc.exe <flags> -o build/emerald/src/fldeff_cut.o src/fldeff_cut.c
tools/agbcc/bin/agbcc.exe <flags> -o build/emerald/src/fldeff_dig.o src/fldeff_dig.c
tools/agbcc/bin/agbcc.exe <flags> -o build/emerald/src/fldeff_escalator.o src/fldeff_escalator.c
tools/gbagfx/gbagfx.exe graphics/cave_transition/black.pal build/assets/graphics/cave_transition/black.pal.gbapal 
tools/gbagfx/gbagfx.exe graphics/cave_transition/enter.pal build/assets/graphics/cave_transition/enter.pal.gbapal 
tools/gbagfx/gbagfx.exe graphics/cave_transition/tilemap.bin build/assets/graphics/cave_transition/tilemap.bin.lz 
tools/gbagfx/gbagfx.exe graphics/cave_transition/white.pal build/assets/graphics/cave_transition/white.pal.gbapal 
tools/gbagfx/gbagfx.exe graphics/cave_transition/tiles.png build/assets/graphics/cave_transition/tiles.png.4bpp 
tools/gbagfx/gbagfx.exe graphics/field_effects/palettes/record_mix_lights.pal build/assets/graphics/field_effects/palettes/record_mix_lights.pal.gbapal 
tools/gbagfx/gbagfx.exe graphics/field_effects/palettes/secret_power_cave.pal build/assets/graphics/field_effects/palettes/secret_power_cave.pal.gbapal 
tools/gbagfx/gbagfx.exe graphics/field_effects/palettes/secret_power_plant.pal build/assets/graphics/field_effects/palettes/secret_power_plant.pal.gbapal 
tools/gbagfx/gbagfx.exe graphics/field_effects/pics/record_mix_lights.png build/assets/graphics/field_effects/pics/record_mix_lights.png_mwidth_4__mheight_1.4bpp -mwidth 4 -mheight 1
tools/gbagfx/gbagfx.exe graphics/field_effects/pics/sand_pillar/0.png build/assets/graphics/field_effects/pics/sand_pillar/0.png.4bpp 
tools/gbagfx/gbagfx.exe graphics/field_effects/pics/sand_pillar/1.png build/assets/graphics/field_effects/pics/sand_pillar/1.png.4bpp 
tools/gbagfx/gbagfx.exe graphics/field_effects/pics/sand_pillar/2.png build/assets/graphics/field_effects/pics/sand_pillar/2.png.4bpp 
tools/gbagfx/gbagfx.exe graphics/field_effects/pics/secret_power_cave.png build/assets/graphics/field_effects/pics/secret_power_cave.png_mwidth_2__mheight_2.4bpp -mwidth 2 -mheight 2
tools/gbagfx/gbagfx.exe graphics/field_effects/pics/secret_power_shrub.png build/assets/graphics/field_effects/pics/secret_power_shrub.png_mwidth_2__mheight_2.4bpp -mwidth 2 -mheight 2
tools/gbagfx/gbagfx.exe graphics/field_effects/pics/secret_power_tree.png build/assets/graphics/field_effects/pics/secret_power_tree.png_mwidth_2__mheight_2.4bpp -mwidth 2 -mheight 2
tools/agbcc/bin/agbcc.exe <flags> -o build/emerald/src/fldeff_rocksmash.o src/fldeff_rocksmash.c
tools/agbcc/bin/agbcc.exe <flags> -o build/emerald/src/fldeff_softboiled.o src/fldeff_softboiled.c
tools/agbcc/bin/agbcc.exe <flags> -o build/emerald/src/fldeff_strength.o src/fldeff_strength.c
tools/agbcc/bin/agbcc.exe <flags> -o build/emerald/src/fldeff_sweetscent.o src/fldeff_sweetscent.c
tools/agbcc/bin/agbcc.exe <flags> -o build/emerald/src/fldeff_teleport.o src/fldeff_teleport.c
tools/gbagfx/gbagfx.exe graphics/fonts/japanese_frlg_female.png build/assets/graphics/fonts/japanese_frlg_female.png.fwjpnfont 
tools/gbagfx/gbagfx.exe graphics/fonts/japanese_frlg_male.png build/assets/graphics/fonts/japanese_frlg_male.png.fwjpnfont 
tools/gbagfx/gbagfx.exe graphics/fonts/japanese_normal.png build/assets/graphics/fonts/japanese_normal.png.hwjpnfont 
tools/gbagfx/gbagfx.exe graphics/fonts/japanese_short.png build/assets/graphics/fonts/japanese_short.png.fwjpnfont 
tools/gbagfx/gbagfx.exe graphics/fonts/japanese_small.png build/assets/graphics/fonts/japanese_small.png.hwjpnfont 
tools/gbagfx/gbagfx.exe graphics/fonts/latin_narrow.png build/assets/graphics/fonts/latin_narrow.png.latfont 
tools/gbagfx/gbagfx.exe graphics/fonts/latin_normal.png build/assets/graphics/fonts/latin_normal.png.latfont 
tools/gbagfx/gbagfx.exe graphics/fonts/latin_short.png build/assets/graphics/fonts/latin_short.png.latfont 
tools/gbagfx/gbagfx.exe graphics/fonts/latin_small.png build/assets/graphics/fonts/latin_small.png.latfont 
tools/gbagfx/gbagfx.exe graphics/fonts/latin_small_narrow.png build/assets/graphics/fonts/latin_small_narrow.png.latfont 
tools/gbagfx/gbagfx.exe graphics/frontier_pass/cursor.png build/assets/graphics/frontier_pass/cursor.png.4bpp 
tools/gbagfx/gbagfx.exe graphics/frontier_pass/map_cursor.png build/assets/graphics/frontier_pass/map_cursor.png.4bpp 
tools/gbagfx/gbagfx.exe graphics/frontier_pass/map_heads.png build/assets/graphics/frontier_pass/map_heads.png.4bpp 
tools/gbagfx/gbagfx.exe graphics/frontier_pass/map_heads_female.pal build/assets/graphics/frontier_pass/map_heads_female.pal.gbapal 
tools/gbagfx/gbagfx.exe graphics/frontier_pass/map_heads.png build/assets/graphics/frontier_pass/map_heads.png.gbapal 
tools/gbagfx/gbagfx.exe graphics/frontier_pass/map_screen.bin build/assets/graphics/frontier_pass/map_screen.bin.lz 
tools/gbagfx/gbagfx.exe graphics/frontier_pass/map_screen.png build/assets/graphics/frontier_pass/map_screen.png.4bpp 
tools/gbagfx/gbagfx.exe graphics/frontier_pass/record_frame.bin build/assets/graphics/frontier_pass/record_frame.bin.lz 
tools/gbagfx/gbagfx.exe graphics/frontier_pass/small_map_and_card.bin build/assets/graphics/frontier_pass/small_map_and_card.bin.lz 
tools/gbagfx/gbagfx.exe graphics/frontier_pass/small_map_and_card_affine.bin build/assets/graphics/frontier_pass/small_map_and_card_affine.bin.lz 
tools/agbcc/bin/agbcc.exe <flags> -o build/emerald/src/frontier_util.o src/frontier_util.c
tools/agbcc/bin/agbcc.exe <flags> -o build/emerald/src/give_gift_ribbon_to_party.o src/give_gift_ribbon_to_party.c
tools/agbcc/bin/agbcc.exe <flags> -o build/emerald/src/gpu_regs.o src/gpu_regs.c
tools/gbagfx/gbagfx.exe data/tilesets/primary/general/palettes/00.pal build/assets/data/tilesets/primary/general/palettes/00.pal.gbapal 
tools/gbagfx/gbagfx.exe data/tilesets/primary/general/palettes/01.pal build/assets/data/tilesets/primary/general/palettes/01.pal.gbapal 
tools/gbagfx/gbagfx.exe data/tilesets/primary/general/palettes/02.pal build/assets/data/tilesets/primary/general/palettes/02.pal.gbapal 
tools/gbagfx/gbagfx.exe data/tilesets/primary/general/palettes/03.pal build/assets/data/tilesets/primary/general/palettes/03.pal.gbapal 
tools/gbagfx/gbagfx.exe data/tilesets/primary/general/palettes/04.pal build/assets/data/tilesets/primary/general/palettes/04.pal.gbapal 
tools/gbagfx/gbagfx.exe data/tilesets/primary/general/palettes/05.pal build/assets/data/tilesets/primary/general/palettes/05.pal.gbapal 
tools/gbagfx/gbagfx.exe data/tilesets/primary/general/palettes/06.pal build/assets/data/tilesets/primary/general/palettes/06.pal.gbapal 
tools/gbagfx/gbagfx.exe data/tilesets/primary/general/palettes/07.pal build/assets/data/tilesets/primary/general/palettes/07.pal.gbapal 
tools/gbagfx/gbagfx.exe data/tilesets/primary/general/palettes/08.pal build/assets/data/tilesets/primary/general/palettes/08.pal.gbapal 
tools/gbagfx/gbagfx.exe data/tilesets/primary/general/palettes/09.pal build/assets/data/tilesets/primary/general/palettes/09.pal.gbapal 
tools/gbagfx/gbagfx.exe data/tilesets/primary/general/palettes/10.pal build/assets/data/tilesets/primary/general/palettes/10.pal.gbapal 
tools/gbagfx/gbagfx.exe data/tilesets/primary/general/palettes/11.pal build/assets/data/tilesets/primary/general/palettes/11.pal.gbapal 
tools/gbagfx/gbagfx.exe data/tilesets/primary/general/palettes/12.pal build/assets/data/tilesets/primary/general/palettes/12.pal.gbapal 
tools/gbagfx/gbagfx.exe data/tilesets/primary/general/palettes/13.pal build/assets/data/tilesets/primary/general/palettes/13.pal.gbapal 
tools/gbagfx/gbagfx.exe data/tilesets/primary/general/palettes/14.pal build/assets/data/tilesets/primary/general/palettes/14.pal.gbapal 
tools/gbagfx/gbagfx.exe data/tilesets/primary/general/palettes/15.pal build/assets/data/tilesets/primary/general/palettes/15.pal.gbapal 
tools/gbagfx/gbagfx.exe data/tilesets/primary/general/tiles.png build/assets/data/tilesets/primary/general/tiles.png.4bpp 
tools/gbagfx/gbagfx.exe graphics/bag/bag.pal build/assets/graphics/bag/bag.pal.gbapal 
tools/gbagfx/gbagfx.exe graphics/bag/bag_female.png build/assets/graphics/bag/bag_female.png.4bpp 
tools/gbagfx/gbagfx.exe graphics/bag/bag_male.png build/assets/graphics/bag/bag_male.png.4bpp 
tools/gbagfx/gbagfx.exe graphics/bag/bag_pyramid.pal build/assets/graphics/bag/bag_pyramid.pal.gbapal 
tools/gbagfx/gbagfx.exe graphics/bag/bag_pyramid.png build/assets/graphics/bag/bag_pyramid.png.4bpp 
tools/gbagfx/gbagfx.exe graphics/bag/berry_tag.bin build/assets/graphics/bag/berry_tag.bin.lz 
tools/gbagfx/gbagfx.exe graphics/bag/berry_tag_title.bin build/assets/graphics/bag/berry_tag_title.bin.lz 
tools/gbagfx/gbagfx.exe graphics/bag/check_berry.pal build/assets/graphics/bag/check_berry.pal.gbapal 
tools/gbagfx/gbagfx.exe graphics/bag/check_berry.png build/assets/graphics/bag/check_berry.png.4bpp 
tools/gbagfx/gbagfx.exe graphics/bag/hm.png build/assets/graphics/bag/hm.png.4bpp 
tools/gbagfx/gbagfx.exe graphics/bag/check_berry_circle.png build/assets/graphics/bag/check_berry_circle.png.4bpp 
tools/gbagfx/gbagfx.exe graphics/bag/menu.bin build/assets/graphics/bag/menu.bin.lz 
tools/gbagfx/gbagfx.exe graphics/bag/menu.png build/assets/graphics/bag/menu.png_num_tiles_53__Wnum_tiles.4bpp -num_tiles 53 -Wnum_tiles
tools/gbagfx/gbagfx.exe graphics/bag/menu_female.pal build/assets/graphics/bag/menu_female.pal.gbapal 
tools/gbagfx/gbagfx.exe graphics/bag/menu_male.pal build/assets/graphics/bag/menu_male.pal.gbapal 
tools/gbagfx/gbagfx.exe graphics/bag/menu_pyramid.bin build/assets/graphics/bag/menu_pyramid.bin.lz 
tools/gbagfx/gbagfx.exe graphics/bag/menu_pyramid.pal build/assets/graphics/bag/menu_pyramid.pal.gbapal 
tools/gbagfx/gbagfx.exe graphics/balls/dive.png build/assets/graphics/balls/dive.png.gbapal 
tools/gbagfx/gbagfx.exe graphics/balls/great.png build/assets/graphics/balls/great.png.4bpp 
tools/gbagfx/gbagfx.exe graphics/balls/dive.png build/assets/graphics/balls/dive.png.4bpp 
tools/gbagfx/gbagfx.exe graphics/balls/great.png build/assets/graphics/balls/great.png.gbapal 
tools/gbagfx/gbagfx.exe graphics/balls/luxury.png build/assets/graphics/balls/luxury.png.4bpp 
tools/gbagfx/gbagfx.exe graphics/balls/master.png build/assets/graphics/balls/master.png.4bpp 
tools/gbagfx/gbagfx.exe graphics/balls/luxury.png build/assets/graphics/balls/luxury.png.gbapal 
tools/gbagfx/gbagfx.exe graphics/balls/master.png build/assets/graphics/balls/master.png.gbapal 
tools/gbagfx/gbagfx.exe graphics/balls/nest.png build/assets/graphics/balls/nest.png.4bpp 
tools/gbagfx/gbagfx.exe graphics/balls/nest.png build/assets/graphics/balls/nest.png.gbapal 
tools/gbagfx/gbagfx.exe graphics/balls/net.png build/assets/graphics/balls/net.png.4bpp 
tools/gbagfx/gbagfx.exe graphics/balls/net.png build/assets/graphics/balls/net.png.gbapal 
tools/gbagfx/gbagfx.exe graphics/balls/open.png build/assets/graphics/balls/open.png.4bpp 
tools/gbagfx/gbagfx.exe graphics/balls/poke.png build/assets/graphics/balls/poke.png.4bpp 
tools/gbagfx/gbagfx.exe graphics/balls/poke.png build/assets/graphics/balls/poke.png.gbapal 
tools/gbagfx/gbagfx.exe graphics/balls/premier.png build/assets/graphics/balls/premier.png.4bpp 
tools/gbagfx/gbagfx.exe graphics/balls/premier.png build/assets/graphics/balls/premier.png.gbapal 
tools/gbagfx/gbagfx.exe graphics/balls/repeat.png build/assets/graphics/balls/repeat.png.gbapal 
tools/gbagfx/gbagfx.exe graphics/balls/repeat.png build/assets/graphics/balls/repeat.png.4bpp 
tools/gbagfx/gbagfx.exe graphics/balls/safari.png build/assets/graphics/balls/safari.png.4bpp 
tools/gbagfx/gbagfx.exe graphics/balls/safari.png build/assets/graphics/balls/safari.png.gbapal 
tools/gbagfx/gbagfx.exe graphics/balls/timer.png build/assets/graphics/balls/timer.png.4bpp 
tools/gbagfx/gbagfx.exe graphics/balls/timer.png build/assets/graphics/balls/timer.png.gbapal 
tools/gbagfx/gbagfx.exe graphics/balls/ultra.png build/assets/graphics/balls/ultra.png.4bpp 
tools/gbagfx/gbagfx.exe graphics/balls/ultra.png build/assets/graphics/balls/ultra.png.gbapal 
tools/gbagfx/gbagfx.exe graphics/battle_anims/backgrounds/attract.bin build/assets/graphics/battle_anims/backgrounds/attract.bin.lz 
tools/gbagfx/gbagfx.exe graphics/battle_anims/backgrounds/attract.png build/assets/graphics/battle_anims/backgrounds/attract.png.4bpp 
tools/gbagfx/gbagfx.exe graphics/battle_anims/backgrounds/attract.png build/assets/graphics/battle_anims/backgrounds/attract.png.gbapal 
tools/gbagfx/gbagfx.exe graphics/battle_anims/backgrounds/aurora.bin build/assets/graphics/battle_anims/backgrounds/aurora.bin.lz 
tools/gbagfx/gbagfx.exe graphics/battle_anims/backgrounds/aurora.png build/assets/graphics/battle_anims/backgrounds/aurora.png.4bpp 
tools/gbagfx/gbagfx.exe graphics/battle_anims/backgrounds/aurora.png build/assets/graphics/battle_anims/backgrounds/aurora.png.gbapal 
tools/gbagfx/gbagfx.exe graphics/battle_anims/backgrounds/bug.pal build/assets/graphics/battle_anims/backgrounds/bug.pal.gbapal 
tools/gbagfx/gbagfx.exe graphics/battle_anims/backgrounds/cosmic.bin build/assets/graphics/battle_anims/backgrounds/cosmic.bin.lz 
tools/gbagfx/gbagfx.exe graphics/battle_anims/backgrounds/cosmic.png build/assets/graphics/battle_anims/backgrounds/cosmic.png.4bpp 
tools/gbagfx/gbagfx.exe graphics/battle_anims/backgrounds/dark.bin build/assets/graphics/battle_anims/backgrounds/dark.bin.lz 
tools/gbagfx/gbagfx.exe graphics/battle_anims/backgrounds/cosmic.png build/assets/graphics/battle_anims/backgrounds/cosmic.png.gbapal 
tools/gbagfx/gbagfx.exe graphics/battle_anims/backgrounds/dark.png build/assets/graphics/battle_anims/backgrounds/dark.png.4bpp 
tools/gbagfx/gbagfx.exe graphics/battle_anims/backgrounds/dark.png build/assets/graphics/battle_anims/backgrounds/dark.png.gbapal 
tools/gbagfx/gbagfx.exe graphics/battle_anims/backgrounds/drill.bin build/assets/graphics/battle_anims/backgrounds/drill.bin.lz 
tools/gbagfx/gbagfx.exe graphics/battle_anims/backgrounds/drill.png build/assets/graphics/battle_anims/backgrounds/drill.png.gbapal 
tools/gbagfx/gbagfx.exe graphics/battle_anims/backgrounds/drill.png build/assets/graphics/battle_anims/backgrounds/drill.png.4bpp 
tools/gbagfx/gbagfx.exe graphics/battle_anims/backgrounds/drill_contests.bin build/assets/graphics/battle_anims/backgrounds/drill_contests.bin.lz 
tools/gbagfx/gbagfx.exe graphics/battle_anims/backgrounds/fissure.bin build/assets/graphics/battle_anims/backgrounds/fissure.bin.lz 
tools/gbagfx/gbagfx.exe graphics/battle_anims/backgrounds/fissure.png build/assets/graphics/battle_anims/backgrounds/fissure.png.4bpp 
tools/gbagfx/gbagfx.exe graphics/battle_anims/backgrounds/fissure.png build/assets/graphics/battle_anims/backgrounds/fissure.png.gbapal 
tools/gbagfx/gbagfx.exe graphics/battle_anims/backgrounds/fog.bin build/assets/graphics/battle_anims/backgrounds/fog.bin.lz 
tools/gbagfx/gbagfx.exe graphics/battle_anims/backgrounds/ghost.bin build/assets/graphics/battle_anims/backgrounds/ghost.bin.lz 
tools/gbagfx/gbagfx.exe graphics/battle_anims/backgrounds/ghost.png build/assets/graphics/battle_anims/backgrounds/ghost.png.4bpp 
tools/gbagfx/gbagfx.exe graphics/battle_anims/backgrounds/ghost.png build/assets/graphics/battle_anims/backgrounds/ghost.png.gbapal 
tools/gbagfx/gbagfx.exe graphics/battle_anims/backgrounds/guillotine.png build/assets/graphics/battle_anims/backgrounds/guillotine.png.4bpp 
tools/gbagfx/gbagfx.exe graphics/battle_anims/backgrounds/guillotine.png build/assets/graphics/battle_anims/backgrounds/guillotine.png.gbapal 
tools/gbagfx/gbagfx.exe graphics/battle_anims/backgrounds/guillotine_opponent.bin build/assets/graphics/battle_anims/backgrounds/guillotine_opponent.bin.lz 
tools/gbagfx/gbagfx.exe graphics/battle_anims/backgrounds/guillotine_contests.bin build/assets/graphics/battle_anims/backgrounds/guillotine_contests.bin.lz 
tools/gbagfx/gbagfx.exe graphics/battle_anims/backgrounds/guillotine_player.bin build/assets/graphics/battle_anims/backgrounds/guillotine_player.bin.lz 
tools/gbagfx/gbagfx.exe graphics/battle_anims/backgrounds/highspeed.png build/assets/graphics/battle_anims/backgrounds/highspeed.png.4bpp 
tools/gbagfx/gbagfx.exe graphics/battle_anims/backgrounds/highspeed_opponent.bin build/assets/graphics/battle_anims/backgrounds/highspeed_opponent.bin.lz 
tools/gbagfx/gbagfx.exe graphics/battle_anims/backgrounds/highspeed_player.bin build/assets/graphics/battle_anims/backgrounds/highspeed_player.bin.lz 
tools/gbagfx/gbagfx.exe graphics/battle_anims/backgrounds/highspeed.png build/assets/graphics/battle_anims/backgrounds/highspeed.png.gbapal 
tools/gbagfx/gbagfx.exe graphics/battle_anims/backgrounds/ice.bin build/assets/graphics/battle_anims/backgrounds/ice.bin.lz 
tools/gbagfx/gbagfx.exe graphics/battle_anims/backgrounds/ice.png build/assets/graphics/battle_anims/backgrounds/ice.png.4bpp 
tools/gbagfx/gbagfx.exe graphics/battle_anims/backgrounds/ice.png build/assets/graphics/battle_anims/backgrounds/ice.png.gbapal 
tools/gbagfx/gbagfx.exe graphics/battle_anims/backgrounds/impact.png build/assets/graphics/battle_anims/backgrounds/impact.png.4bpp 
tools/gbagfx/gbagfx.exe graphics/battle_anims/backgrounds/impact.png build/assets/graphics/battle_anims/backgrounds/impact.png.gbapal 
tools/gbagfx/gbagfx.exe graphics/battle_anims/backgrounds/impact_contests.bin build/assets/graphics/battle_anims/backgrounds/impact_contests.bin.lz 
tools/gbagfx/gbagfx.exe graphics/battle_anims/backgrounds/impact_player.bin build/assets/graphics/battle_anims/backgrounds/impact_player.bin.lz 
tools/gbagfx/gbagfx.exe graphics/battle_anims/backgrounds/impact_opponent.bin build/assets/graphics/battle_anims/backgrounds/impact_opponent.bin.lz 
tools/gbagfx/gbagfx.exe graphics/battle_anims/backgrounds/in_air.bin build/assets/graphics/battle_anims/backgrounds/in_air.bin.lz 
tools/gbagfx/gbagfx.exe graphics/battle_anims/backgrounds/in_air.png build/assets/graphics/battle_anims/backgrounds/in_air.png.gbapal 
tools/gbagfx/gbagfx.exe graphics/battle_anims/backgrounds/in_air.png build/assets/graphics/battle_anims/backgrounds/in_air.png.4bpp 
tools/gbagfx/gbagfx.exe graphics/battle_anims/backgrounds/psychic.png build/assets/graphics/battle_anims/backgrounds/psychic.png.4bpp 
tools/gbagfx/gbagfx.exe graphics/battle_anims/backgrounds/psychic.bin build/assets/graphics/battle_anims/backgrounds/psychic.bin.lz 
tools/gbagfx/gbagfx.exe graphics/battle_anims/backgrounds/sandstorm_brew.bin build/assets/graphics/battle_anims/backgrounds/sandstorm_brew.bin.lz 
tools/gbagfx/gbagfx.exe graphics/battle_anims/backgrounds/psychic.png build/assets/graphics/battle_anims/backgrounds/psychic.png.gbapal 
tools/gbagfx/gbagfx.exe graphics/battle_anims/backgrounds/sandstorm_brew.png build/assets/graphics/battle_anims/backgrounds/sandstorm_brew.png.4bpp 
tools/gbagfx/gbagfx.exe graphics/battle_anims/backgrounds/scary_face.png build/assets/graphics/battle_anims/backgrounds/scary_face.png.4bpp 
tools/gbagfx/gbagfx.exe graphics/battle_anims/backgrounds/scary_face.png build/assets/graphics/battle_anims/backgrounds/scary_face.png.gbapal 
tools/gbagfx/gbagfx.exe graphics/battle_anims/backgrounds/scary_face_contest.bin build/assets/graphics/battle_anims/backgrounds/scary_face_contest.bin.lz 
tools/gbagfx/gbagfx.exe graphics/battle_anims/backgrounds/scary_face_opponent.bin build/assets/graphics/battle_anims/backgrounds/scary_face_opponent.bin.lz 
tools/gbagfx/gbagfx.exe graphics/battle_anims/backgrounds/scary_face_player.bin build/assets/graphics/battle_anims/backgrounds/scary_face_player.bin.lz 
tools/gbagfx/gbagfx.exe graphics/battle_anims/backgrounds/sky.pal build/assets/graphics/battle_anims/backgrounds/sky.pal.gbapal 
tools/gbagfx/gbagfx.exe graphics/battle_anims/backgrounds/solarbeam.pal build/assets/graphics/battle_anims/backgrounds/solarbeam.pal.gbapal 
tools/gbagfx/gbagfx.exe graphics/battle_anims/backgrounds/solarbeam.bin build/assets/graphics/battle_anims/backgrounds/solarbeam.bin.lz 
tools/gbagfx/gbagfx.exe graphics/battle_anims/backgrounds/thunder.bin build/assets/graphics/battle_anims/backgrounds/thunder.bin.lz 
tools/gbagfx/gbagfx.exe graphics/battle_anims/backgrounds/thunder.png build/assets/graphics/battle_anims/backgrounds/thunder.png.4bpp 
tools/gbagfx/gbagfx.exe graphics/battle_anims/backgrounds/thunder.png build/assets/graphics/battle_anims/backgrounds/thunder.png.gbapal 
tools/gbagfx/gbagfx.exe graphics/battle_anims/backgrounds/water.png build/assets/graphics/battle_anims/backgrounds/water.png.4bpp 
tools/gbagfx/gbagfx.exe graphics/battle_anims/backgrounds/water.png build/assets/graphics/battle_anims/backgrounds/water.png.gbapal 
tools/gbagfx/gbagfx.exe graphics/battle_anims/backgrounds/water_muddy.pal build/assets/graphics/battle_anims/backgrounds/water_muddy.pal.gbapal 
tools/gbagfx/gbagfx.exe graphics/battle_anims/backgrounds/water_contest.bin build/assets/graphics/battle_anims/backgrounds/water_contest.bin.lz 
tools/gbagfx/gbagfx.exe graphics/battle_anims/backgrounds/water_opponent.bin build/assets/graphics/battle_anims/backgrounds/water_opponent.bin.lz 
tools/gbagfx/gbagfx.exe graphics/battle_anims/backgrounds/water_player.bin build/assets/graphics/battle_anims/backgrounds/water_player.bin.lz 
tools/gbagfx/gbagfx.exe graphics/battle_anims/masks/cure_bubbles.bin build/assets/graphics/battle_anims/masks/cure_bubbles.bin.lz 
tools/gbagfx/gbagfx.exe graphics/battle_anims/masks/cure_bubbles.png build/assets/graphics/battle_anims/masks/cure_bubbles.png.4bpp 
tools/gbagfx/gbagfx.exe graphics/battle_anims/masks/cure_bubbles.png build/assets/graphics/battle_anims/masks/cure_bubbles.png.gbapal 
tools/gbagfx/gbagfx.exe graphics/battle_anims/masks/curse.bin build/assets/graphics/battle_anims/masks/curse.bin.lz 
tools/gbagfx/gbagfx.exe graphics/battle_anims/masks/curse.png build/assets/graphics/battle_anims/masks/curse.png.4bpp 
tools/gbagfx/gbagfx.exe graphics/battle_anims/masks/light_beam.png build/assets/graphics/battle_anims/masks/light_beam.png.4bpp 
tools/gbagfx/gbagfx.exe graphics/battle_anims/masks/light_beam.bin build/assets/graphics/battle_anims/masks/light_beam.bin.lz 
tools/gbagfx/gbagfx.exe graphics/battle_anims/masks/light_beam.png build/assets/graphics/battle_anims/masks/light_beam.png.gbapal 
tools/gbagfx/gbagfx.exe graphics/battle_anims/masks/metal_shine.png build/assets/graphics/battle_anims/masks/metal_shine.png.4bpp 
tools/gbagfx/gbagfx.exe graphics/battle_anims/masks/metal_shine.bin build/assets/graphics/battle_anims/masks/metal_shine.bin.lz 
tools/gbagfx/gbagfx.exe graphics/battle_anims/masks/metal_shine.png build/assets/graphics/battle_anims/masks/metal_shine.png.gbapal 
tools/gbagfx/gbagfx.exe graphics/battle_anims/masks/unused_level_up.bin build/assets/graphics/battle_anims/masks/unused_level_up.bin.lz 
tools/gbagfx/gbagfx.exe graphics/battle_anims/masks/unused_level_up.png build/assets/graphics/battle_anims/masks/unused_level_up.png_num_tiles_14__Wnum_tiles.4bpp -num_tiles 14 -Wnum_tiles
tools/gbagfx/gbagfx.exe graphics/battle_anims/sprites/air_slash.png build/assets/graphics/battle_anims/sprites/air_slash.png.4bpp 
tools/gbagfx/gbagfx.exe graphics/battle_anims/sprites/air_slash.png build/assets/graphics/battle_anims/sprites/air_slash.png.gbapal 
tools/gbagfx/gbagfx.exe graphics/battle_anims/sprites/air_wave.png build/assets/graphics/battle_anims/sprites/air_wave.png.4bpp 
tools/gbagfx/gbagfx.exe graphics/battle_anims/sprites/air_wave.png build/assets/graphics/battle_anims/sprites/air_wave.png.gbapal 
tools/gbagfx/gbagfx.exe graphics/battle_anims/sprites/air_wave_2.png build/assets/graphics/battle_anims/sprites/air_wave_2.png.4bpp 
tools/gbagfx/gbagfx.exe graphics/battle_anims/sprites/air_wave_2.png build/assets/graphics/battle_anims/sprites/air_wave_2.png.gbapal 
tools/gbagfx/gbagfx.exe graphics/battle_anims/sprites/alert.png build/assets/graphics/battle_anims/sprites/alert.png.4bpp 
tools/gbagfx/gbagfx.exe graphics/battle_anims/sprites/alert.png build/assets/graphics/battle_anims/sprites/alert.png.gbapal 
tools/gbagfx/gbagfx.exe graphics/battle_anims/sprites/amnesia.png build/assets/graphics/battle_anims/sprites/amnesia.png.4bpp 
tools/gbagfx/gbagfx.exe graphics/battle_anims/sprites/amnesia.png build/assets/graphics/battle_anims/sprites/amnesia.png.gbapal 
tools/gbagfx/gbagfx.exe graphics/battle_anims/sprites/angel.png build/assets/graphics/battle_anims/sprites/angel.png.gbapal 
tools/gbagfx/gbagfx.exe graphics/battle_anims/sprites/angel.png build/assets/graphics/battle_anims/sprites/angel.png.4bpp 
tools/gbagfx/gbagfx.exe graphics/battle_anims/sprites/anger.png build/assets/graphics/battle_anims/sprites/anger.png.4bpp 
tools/gbagfx/gbagfx.exe graphics/battle_anims/sprites/anger.png build/assets/graphics/battle_anims/sprites/anger.png.gbapal 
tools/gbagfx/gbagfx.exe graphics/battle_anims/sprites/bell.png build/assets/graphics/battle_anims/sprites/bell.png.4bpp 
tools/gbagfx/gbagfx.exe graphics/battle_anims/sprites/bell.png build/assets/graphics/battle_anims/sprites/bell.png.gbapal 
tools/gbagfx/gbagfx.exe graphics/battle_anims/sprites/bell_2.png build/assets/graphics/battle_anims/sprites/bell_2.png.4bpp 
tools/gbagfx/gbagfx.exe graphics/battle_anims/sprites/bell_2.png build/assets/graphics/battle_anims/sprites/bell_2.png.gbapal 
tools/gbagfx/gbagfx.exe graphics/battle_anims/sprites/bent_spoon.png build/assets/graphics/battle_anims/sprites/bent_spoon.png.4bpp 
tools/gbagfx/gbagfx.exe graphics/battle_anims/sprites/bent_spoon.png build/assets/graphics/battle_anims/sprites/bent_spoon.png.gbapal 
tools/gbagfx/gbagfx.exe graphics/battle_anims/sprites/bird.png build/assets/graphics/battle_anims/sprites/bird.png.4bpp 
tools/gbagfx/gbagfx.exe graphics/battle_anims/sprites/bird.png build/assets/graphics/battle_anims/sprites/bird.png.gbapal 
tools/gbagfx/gbagfx.exe graphics/battle_anims/sprites/black_ball.pal build/assets/graphics/battle_anims/sprites/black_ball.pal.gbapal 
tools/gbagfx/gbagfx.exe graphics/battle_anims/sprites/black_ball.png build/assets/graphics/battle_anims/sprites/black_ball.png.4bpp 
tools/gbagfx/gbagfx.exe graphics/battle_anims/sprites/black_ball_2.png build/assets/graphics/battle_anims/sprites/black_ball_2.png.4bpp 
tools/gbagfx/gbagfx.exe graphics/battle_anims/sprites/black_ball_2.png build/assets/graphics/battle_anims/sprites/black_ball_2.png.gbapal 
tools/gbagfx/gbagfx.exe graphics/battle_anims/sprites/black_smoke.png build/assets/graphics/battle_anims/sprites/black_smoke.png.gbapal 
tools/gbagfx/gbagfx.exe graphics/battle_anims/sprites/black_smoke.png build/assets/graphics/battle_anims/sprites/black_smoke.png.4bpp 
tools/gbagfx/gbagfx.exe graphics/battle_anims/sprites/blue_burst.png build/assets/graphics/battle_anims/sprites/blue_burst.png.gbapal 
tools/gbagfx/gbagfx.exe graphics/battle_anims/sprites/blue_burst.png build/assets/graphics/battle_anims/sprites/blue_burst.png.4bpp 
tools/gbagfx/gbagfx.exe graphics/battle_anims/sprites/blue_flames.png build/assets/graphics/battle_anims/sprites/blue_flames.png.4bpp 
tools/gbagfx/gbagfx.exe graphics/battle_anims/sprites/blue_flames_2.png build/assets/graphics/battle_anims/sprites/blue_flames_2.png.4bpp 
tools/gbagfx/gbagfx.exe graphics/battle_anims/sprites/blue_flames.png build/assets/graphics/battle_anims/sprites/blue_flames.png.gbapal 
tools/gbagfx/gbagfx.exe graphics/battle_anims/sprites/blue_light_wall.pal build/assets/graphics/battle_anims/sprites/blue_light_wall.pal.gbapal 
tools/gbagfx/gbagfx.exe graphics/battle_anims/sprites/blue_lines.png build/assets/graphics/battle_anims/sprites/blue_lines.png.4bpp 
tools/gbagfx/gbagfx.exe graphics/battle_anims/sprites/blue_lines.png build/assets/graphics/battle_anims/sprites/blue_lines.png.gbapal 
tools/gbagfx/gbagfx.exe graphics/battle_anims/sprites/blue_orb.pal build/assets/graphics/battle_anims/sprites/blue_orb.pal.gbapal 
tools/gbagfx/gbagfx.exe graphics/battle_anims/sprites/blue_ring.pal build/assets/graphics/battle_anims/sprites/blue_ring.pal.gbapal 
tools/gbagfx/gbagfx.exe graphics/battle_anims/sprites/blue_ring_2.pal build/assets/graphics/battle_anims/sprites/blue_ring_2.pal.gbapal 
tools/gbagfx/gbagfx.exe graphics/battle_anims/sprites/blue_shards.png build/assets/graphics/battle_anims/sprites/blue_shards.png.gbapal 
tools/gbagfx/gbagfx.exe graphics/battle_anims/sprites/blue_shards.png build/assets/graphics/battle_anims/sprites/blue_shards.png.4bpp 
tools/gbagfx/gbagfx.exe graphics/battle_anims/sprites/blue_star.png build/assets/graphics/battle_anims/sprites/blue_star.png.4bpp 
tools/gbagfx/gbagfx.exe graphics/battle_anims/sprites/bluegreen_orb.png build/assets/graphics/battle_anims/sprites/bluegreen_orb.png.4bpp 
tools/gbagfx/gbagfx.exe graphics/battle_anims/sprites/blue_star.png build/assets/graphics/battle_anims/sprites/blue_star.png.gbapal 
tools/gbagfx/gbagfx.exe graphics/battle_anims/sprites/bone.png build/assets/graphics/battle_anims/sprites/bone.png.4bpp 
tools/gbagfx/gbagfx.exe graphics/battle_anims/sprites/bluegreen_orb.png build/assets/graphics/battle_anims/sprites/bluegreen_orb.png.gbapal 
tools/gbagfx/gbagfx.exe graphics/battle_anims/sprites/bone.png build/assets/graphics/battle_anims/sprites/bone.png.gbapal 
tools/gbagfx/gbagfx.exe graphics/battle_anims/sprites/bone_2.png build/assets/graphics/battle_anims/sprites/bone_2.png.gbapal 
tools/gbagfx/gbagfx.exe graphics/battle_anims/sprites/bone_2.png build/assets/graphics/battle_anims/sprites/bone_2.png.4bpp 
tools/gbagfx/gbagfx.exe graphics/battle_anims/sprites/breaking_egg.png build/assets/graphics/battle_anims/sprites/breaking_egg.png.4bpp 
tools/gbagfx/gbagfx.exe graphics/battle_anims/sprites/breaking_egg.png build/assets/graphics/battle_anims/sprites/breaking_egg.png.gbapal 
tools/gbagfx/gbagfx.exe graphics/battle_anims/sprites/breath.png build/assets/graphics/battle_anims/sprites/breath.png.4bpp 
tools/gbagfx/gbagfx.exe graphics/battle_anims/sprites/breath.png build/assets/graphics/battle_anims/sprites/breath.png.gbapal 
tools/gbagfx/gbagfx.exe graphics/battle_anims/sprites/brown_orb.pal build/assets/graphics/battle_anims/sprites/brown_orb.pal.gbapal 
tools/gbagfx/gbagfx.exe graphics/battle_anims/sprites/brown_triangle.png build/assets/graphics/battle_anims/sprites/brown_triangle.png.4bpp 
tools/gbagfx/gbagfx.exe graphics/battle_anims/sprites/bubble.png build/assets/graphics/battle_anims/sprites/bubble.png.4bpp 
tools/gbagfx/gbagfx.exe graphics/battle_anims/sprites/bubble_burst.png build/assets/graphics/battle_anims/sprites/bubble_burst.png.4bpp 
tools/gbagfx/gbagfx.exe graphics/battle_anims/sprites/brown_triangle.png build/assets/graphics/battle_anims/sprites/brown_triangle.png.gbapal 
tools/gbagfx/gbagfx.exe graphics/battle_anims/sprites/bubble_burst_2.png build/assets/graphics/battle_anims/sprites/bubble_burst_2.png.4bpp 
tools/gbagfx/gbagfx.exe graphics/battle_anims/sprites/bubble_burst.png build/assets/graphics/battle_anims/sprites/bubble_burst.png.gbapal 
tools/gbagfx/gbagfx.exe graphics/battle_anims/sprites/bubble_burst_2.png build/assets/graphics/battle_anims/sprites/bubble_burst_2.png.gbapal 
tools/gbagfx/gbagfx.exe graphics/battle_anims/sprites/circle_impact.png build/assets/graphics/battle_anims/sprites/circle_impact.png.4bpp 
tools/gbagfx/gbagfx.exe graphics/battle_anims/sprites/circle_impact.png build/assets/graphics/battle_anims/sprites/circle_impact.png.gbapal 
tools/gbagfx/gbagfx.exe graphics/battle_anims/sprites/circle_of_light.png build/assets/graphics/battle_anims/sprites/circle_of_light.png.4bpp 
tools/gbagfx/gbagfx.exe graphics/battle_anims/sprites/clamp.png build/assets/graphics/battle_anims/sprites/clamp.png.4bpp 
tools/gbagfx/gbagfx.exe graphics/battle_anims/sprites/clapping.png build/assets/graphics/battle_anims/sprites/clapping.png.4bpp 
tools/gbagfx/gbagfx.exe graphics/battle_anims/sprites/clapping.png build/assets/graphics/battle_anims/sprites/clapping.png.gbapal 
tools/gbagfx/gbagfx.exe graphics/battle_anims/sprites/claw_slash.png build/assets/graphics/battle_anims/sprites/claw_slash.png.4bpp 
tools/gbagfx/gbagfx.exe graphics/battle_anims/sprites/claw_slash.png build/assets/graphics/battle_anims/sprites/claw_slash.png.gbapal 
tools/gbagfx/gbagfx.exe graphics/battle_anims/sprites/claw_slash_2.png build/assets/graphics/battle_anims/sprites/claw_slash_2.png.4bpp 
tools/gbagfx/gbagfx.exe graphics/battle_anims/sprites/claw_slash_2.png build/assets/graphics/battle_anims/sprites/claw_slash_2.png.gbapal 
tools/gbagfx/gbagfx.exe graphics/battle_anims/sprites/closing_eye.png build/assets/graphics/battle_anims/sprites/closing_eye.png.4bpp 
tools/gbagfx/gbagfx.exe graphics/battle_anims/sprites/closing_eye.png build/assets/graphics/battle_anims/sprites/closing_eye.png.gbapal 
tools/gbagfx/gbagfx.exe graphics/battle_anims/sprites/closing_eye_2.png build/assets/graphics/battle_anims/sprites/closing_eye_2.png.4bpp 
tools/gbagfx/gbagfx.exe graphics/battle_anims/sprites/closing_eye_2.png build/assets/graphics/battle_anims/sprites/closing_eye_2.png.gbapal 
tools/gbagfx/gbagfx.exe graphics/battle_anims/sprites/coin.png build/assets/graphics/battle_anims/sprites/coin.png.4bpp 
tools/gbagfx/gbagfx.exe graphics/battle_anims/sprites/coin.png build/assets/graphics/battle_anims/sprites/coin.png.gbapal 
tools/gbagfx/gbagfx.exe graphics/battle_anims/sprites/confetti.png build/assets/graphics/battle_anims/sprites/confetti.png.gbapal 
tools/gbagfx/gbagfx.exe graphics/battle_anims/sprites/confetti.png build/assets/graphics/battle_anims/sprites/confetti.png.4bpp 
tools/gbagfx/gbagfx.exe graphics/battle_anims/sprites/conversion.png build/assets/graphics/battle_anims/sprites/conversion.png.4bpp 
tools/gbagfx/gbagfx.exe graphics/battle_anims/sprites/conversion.png build/assets/graphics/battle_anims/sprites/conversion.png.gbapal 
tools/gbagfx/gbagfx.exe graphics/battle_anims/sprites/cracked_egg.png build/assets/graphics/battle_anims/sprites/cracked_egg.png.4bpp 
tools/gbagfx/gbagfx.exe graphics/battle_anims/sprites/cracked_egg.png build/assets/graphics/battle_anims/sprites/cracked_egg.png.gbapal 
tools/gbagfx/gbagfx.exe graphics/battle_anims/sprites/cross_impact.png build/assets/graphics/battle_anims/sprites/cross_impact.png.4bpp 
tools/gbagfx/gbagfx.exe graphics/battle_anims/sprites/cross_impact.png build/assets/graphics/battle_anims/sprites/cross_impact.png.gbapal 
tools/gbagfx/gbagfx.exe graphics/battle_anims/sprites/cut.png build/assets/graphics/battle_anims/sprites/cut.png.4bpp 
tools/gbagfx/gbagfx.exe graphics/battle_anims/sprites/devil.png build/assets/graphics/battle_anims/sprites/devil.png.4bpp 
tools/gbagfx/gbagfx.exe graphics/battle_anims/sprites/devil.png build/assets/graphics/battle_anims/sprites/devil.png.gbapal 
tools/gbagfx/gbagfx.exe graphics/battle_anims/sprites/dirt_mound.png build/assets/graphics/battle_anims/sprites/dirt_mound.png.4bpp 
tools/gbagfx/gbagfx.exe graphics/battle_anims/sprites/dirt_mound.png build/assets/graphics/battle_anims/sprites/dirt_mound.png.gbapal 
tools/gbagfx/gbagfx.exe graphics/battle_anims/sprites/duck.png build/assets/graphics/battle_anims/sprites/duck.png.4bpp 
tools/gbagfx/gbagfx.exe graphics/battle_anims/sprites/duck.png build/assets/graphics/battle_anims/sprites/duck.png.gbapal 
tools/gbagfx/gbagfx.exe graphics/battle_anims/sprites/eclipsing_orb.png build/assets/graphics/battle_anims/sprites/eclipsing_orb.png.gbapal 
tools/gbagfx/gbagfx.exe graphics/battle_anims/sprites/eclipsing_orb.png build/assets/graphics/battle_anims/sprites/eclipsing_orb.png.4bpp 
tools/gbagfx/gbagfx.exe graphics/battle_anims/sprites/electric_orbs.png build/assets/graphics/battle_anims/sprites/electric_orbs.png.4bpp 
tools/gbagfx/gbagfx.exe graphics/battle_anims/sprites/electric_orbs.png build/assets/graphics/battle_anims/sprites/electric_orbs.png.gbapal 
tools/gbagfx/gbagfx.exe graphics/battle_anims/sprites/electricity.png build/assets/graphics/battle_anims/sprites/electricity.png.4bpp 
tools/gbagfx/gbagfx.exe graphics/battle_anims/sprites/explosion.png build/assets/graphics/battle_anims/sprites/explosion.png.4bpp 
tools/gbagfx/gbagfx.exe graphics/battle_anims/sprites/explosion.png build/assets/graphics/battle_anims/sprites/explosion.png.gbapal 
tools/gbagfx/gbagfx.exe graphics/battle_anims/sprites/explosion_2.png build/assets/graphics/battle_anims/sprites/explosion_2.png.4bpp 
tools/gbagfx/gbagfx.exe graphics/battle_anims/sprites/explosion_2.png build/assets/graphics/battle_anims/sprites/explosion_2.png.gbapal 
tools/gbagfx/gbagfx.exe graphics/battle_anims/sprites/explosion_3.png build/assets/graphics/battle_anims/sprites/explosion_3.png.4bpp 
tools/gbagfx/gbagfx.exe graphics/battle_anims/sprites/explosion_4.png build/assets/graphics/battle_anims/sprites/explosion_4.png.4bpp 
tools/gbagfx/gbagfx.exe graphics/battle_anims/sprites/explosion_4.png build/assets/graphics/battle_anims/sprites/explosion_4.png.gbapal 
tools/gbagfx/gbagfx.exe graphics/battle_anims/sprites/explosion_5.png build/assets/graphics/battle_anims/sprites/explosion_5.png.4bpp 
tools/gbagfx/gbagfx.exe graphics/battle_anims/sprites/explosion_6.png build/assets/graphics/battle_anims/sprites/explosion_6.png.4bpp 
tools/gbagfx/gbagfx.exe graphics/battle_anims/sprites/explosion_6.png build/assets/graphics/battle_anims/sprites/explosion_6.png.gbapal 
tools/gbagfx/gbagfx.exe graphics/battle_anims/sprites/eye.png build/assets/graphics/battle_anims/sprites/eye.png.4bpp 
tools/gbagfx/gbagfx.exe graphics/battle_anims/sprites/eye.png build/assets/graphics/battle_anims/sprites/eye.png.gbapal 
tools/gbagfx/gbagfx.exe graphics/battle_anims/sprites/eye_sparkle.png build/assets/graphics/battle_anims/sprites/eye_sparkle.png.4bpp 
tools/gbagfx/gbagfx.exe graphics/battle_anims/sprites/eye_sparkle.png build/assets/graphics/battle_anims/sprites/eye_sparkle.png.gbapal 
tools/gbagfx/gbagfx.exe graphics/battle_anims/sprites/fang_attack.png build/assets/graphics/battle_anims/sprites/fang_attack.png.4bpp 
tools/gbagfx/gbagfx.exe graphics/battle_anims/sprites/fang_attack.png build/assets/graphics/battle_anims/sprites/fang_attack.png.gbapal 
tools/gbagfx/gbagfx.exe graphics/battle_anims/sprites/fangs.png build/assets/graphics/battle_anims/sprites/fangs.png.4bpp 
tools/gbagfx/gbagfx.exe graphics/battle_anims/sprites/fangs.png build/assets/graphics/battle_anims/sprites/fangs.png.gbapal 
tools/gbagfx/gbagfx.exe graphics/battle_anims/sprites/finger.png build/assets/graphics/battle_anims/sprites/finger.png.4bpp 
tools/gbagfx/gbagfx.exe graphics/battle_anims/sprites/finger.png build/assets/graphics/battle_anims/sprites/finger.png.gbapal 
tools/gbagfx/gbagfx.exe graphics/battle_anims/sprites/finger_2.png build/assets/graphics/battle_anims/sprites/finger_2.png.4bpp 
tools/gbagfx/gbagfx.exe graphics/battle_anims/sprites/fire.png build/assets/graphics/battle_anims/sprites/fire.png.4bpp 
tools/gbagfx/gbagfx.exe graphics/battle_anims/sprites/fire.png build/assets/graphics/battle_anims/sprites/fire.png.gbapal 
tools/gbagfx/gbagfx.exe graphics/battle_anims/sprites/fire_plume.png build/assets/graphics/battle_anims/sprites/fire_plume.png.4bpp 
tools/gbagfx/gbagfx.exe graphics/battle_anims/sprites/flat_rock.png build/assets/graphics/battle_anims/sprites/flat_rock.png.4bpp 
tools/gbagfx/gbagfx.exe graphics/battle_anims/sprites/flower_0.png graphics/battle_anims/sprites/flower_0.4bpp
tools/gbagfx/gbagfx.exe graphics/battle_anims/sprites/flower_1.png graphics/battle_anims/sprites/flower_1.4bpp
tools/gbagfx/gbagfx.exe graphics/battle_anims/sprites/flat_rock.png build/assets/graphics/battle_anims/sprites/flat_rock.png.gbapal 
tools/gbagfx/gbagfx.exe graphics/battle_anims/sprites/flower.pal build/assets/graphics/battle_anims/sprites/flower.pal.gbapal 
tools/gbagfx/gbagfx.exe graphics/battle_anims/sprites/flying_dirt.png build/assets/graphics/battle_anims/sprites/flying_dirt.png.4bpp 
tools/gbagfx/gbagfx.exe graphics/battle_anims/sprites/flying_dirt.png build/assets/graphics/battle_anims/sprites/flying_dirt.png.gbapal 
tools/gbagfx/gbagfx.exe graphics/battle_anims/sprites/focus_energy.png build/assets/graphics/battle_anims/sprites/focus_energy.png.gbapal 
tools/gbagfx/gbagfx.exe graphics/battle_anims/sprites/fresh_egg.png build/assets/graphics/battle_anims/sprites/fresh_egg.png.4bpp 
tools/gbagfx/gbagfx.exe graphics/battle_anims/sprites/focus_energy.png build/assets/graphics/battle_anims/sprites/focus_energy.png.4bpp 
tools/gbagfx/gbagfx.exe graphics/battle_anims/sprites/fresh_egg.png build/assets/graphics/battle_anims/sprites/fresh_egg.png.gbapal 
tools/gbagfx/gbagfx.exe graphics/battle_anims/sprites/fury_swipes.png build/assets/graphics/battle_anims/sprites/fury_swipes.png.4bpp 
tools/gbagfx/gbagfx.exe graphics/battle_anims/sprites/fury_swipes.png build/assets/graphics/battle_anims/sprites/fury_swipes.png.gbapal 
tools/gbagfx/gbagfx.exe graphics/battle_anims/sprites/gem_1.png build/assets/graphics/battle_anims/sprites/gem_1.png.4bpp 
tools/gbagfx/gbagfx.exe graphics/battle_anims/sprites/gem_1.png build/assets/graphics/battle_anims/sprites/gem_1.png.gbapal 
tools/gbagfx/gbagfx.exe graphics/battle_anims/sprites/gem_2.png build/assets/graphics/battle_anims/sprites/gem_2.png.4bpp 
tools/gbagfx/gbagfx.exe graphics/battle_anims/sprites/gem_3.png build/assets/graphics/battle_anims/sprites/gem_3.png.4bpp 
tools/gbagfx/gbagfx.exe graphics/battle_anims/sprites/ghostly_spirit.png build/assets/graphics/battle_anims/sprites/ghostly_spirit.png.4bpp 
tools/gbagfx/gbagfx.exe graphics/battle_anims/sprites/ghostly_spirit.png build/assets/graphics/battle_anims/sprites/ghostly_spirit.png.gbapal 
tools/gbagfx/gbagfx.exe graphics/battle_anims/sprites/glass.png build/assets/graphics/battle_anims/sprites/glass.png.4bpp 
tools/gbagfx/gbagfx.exe graphics/battle_anims/sprites/glass.png build/assets/graphics/battle_anims/sprites/glass.png.gbapal 
tools/gbagfx/gbagfx.exe graphics/battle_anims/sprites/glass_2.png build/assets/graphics/battle_anims/sprites/glass_2.png.4bpp 
tools/gbagfx/gbagfx.exe graphics/battle_anims/sprites/glass_2.png build/assets/graphics/battle_anims/sprites/glass_2.png.gbapal 
tools/gbagfx/gbagfx.exe graphics/battle_anims/sprites/glowy_green_orb.pal build/assets/graphics/battle_anims/sprites/glowy_green_orb.pal.gbapal 
tools/gbagfx/gbagfx.exe graphics/battle_anims/sprites/glowy_blue_orb.pal build/assets/graphics/battle_anims/sprites/glowy_blue_orb.pal.gbapal 
tools/gbagfx/gbagfx.exe graphics/battle_anims/sprites/glowy_red_orb.png build/assets/graphics/battle_anims/sprites/glowy_red_orb.png.gbapal 
tools/gbagfx/gbagfx.exe graphics/battle_anims/sprites/glowy_red_orb.png build/assets/graphics/battle_anims/sprites/glowy_red_orb.png.4bpp 
tools/gbagfx/gbagfx.exe graphics/battle_anims/sprites/gold_ring.png build/assets/graphics/battle_anims/sprites/gold_ring.png.4bpp 
tools/gbagfx/gbagfx.exe graphics/battle_anims/sprites/gold_ring.png build/assets/graphics/battle_anims/sprites/gold_ring.png.gbapal 
tools/gbagfx/gbagfx.exe graphics/battle_anims/sprites/gold_stars.png build/assets/graphics/battle_anims/sprites/gold_stars.png.4bpp 
tools/gbagfx/gbagfx.exe graphics/battle_anims/sprites/gold_stars.png build/assets/graphics/battle_anims/sprites/gold_stars.png.gbapal 
tools/gbagfx/gbagfx.exe graphics/battle_anims/sprites/gray_light_wall.pal build/assets/graphics/battle_anims/sprites/gray_light_wall.pal.gbapal 
tools/gbagfx/gbagfx.exe graphics/battle_anims/sprites/gray_orb.png build/assets/graphics/battle_anims/sprites/gray_orb.png.4bpp 
tools/gbagfx/gbagfx.exe graphics/battle_anims/sprites/gray_orb.png build/assets/graphics/battle_anims/sprites/gray_orb.png.gbapal 
tools/gbagfx/gbagfx.exe graphics/battle_anims/sprites/gray_smoke.png build/assets/graphics/battle_anims/sprites/gray_smoke.png.4bpp 
tools/gbagfx/gbagfx.exe graphics/battle_anims/sprites/gray_smoke.png build/assets/graphics/battle_anims/sprites/gray_smoke.png.gbapal 
tools/gbagfx/gbagfx.exe graphics/battle_anims/sprites/green_light_wall.png build/assets/graphics/battle_anims/sprites/green_light_wall.png.4bpp 
tools/gbagfx/gbagfx.exe graphics/battle_anims/sprites/green_light_wall.png build/assets/graphics/battle_anims/sprites/green_light_wall.png.gbapal 
tools/gbagfx/gbagfx.exe graphics/battle_anims/sprites/green_sparkle.png build/assets/graphics/battle_anims/sprites/green_sparkle.png.4bpp 
tools/gbagfx/gbagfx.exe graphics/battle_anims/sprites/green_sparkle.png build/assets/graphics/battle_anims/sprites/green_sparkle.png.gbapal 
tools/gbagfx/gbagfx.exe graphics/battle_anims/sprites/green_spike.png build/assets/graphics/battle_anims/sprites/green_spike.png.4bpp 
tools/gbagfx/gbagfx.exe graphics/battle_anims/sprites/green_spike.png build/assets/graphics/battle_anims/sprites/green_spike.png.gbapal 
tools/gbagfx/gbagfx.exe graphics/battle_anims/sprites/green_star.png build/assets/graphics/battle_anims/sprites/green_star.png.4bpp 
tools/gbagfx/gbagfx.exe graphics/battle_anims/sprites/green_star.png build/assets/graphics/battle_anims/sprites/green_star.png.gbapal 
tools/gbagfx/gbagfx.exe graphics/battle_anims/sprites/guard_ring.png build/assets/graphics/battle_anims/sprites/guard_ring.png.4bpp 
tools/gbagfx/gbagfx.exe graphics/battle_anims/sprites/guard_ring.png build/assets/graphics/battle_anims/sprites/guard_ring.png.gbapal 
tools/gbagfx/gbagfx.exe graphics/battle_anims/sprites/gust.png build/assets/graphics/battle_anims/sprites/gust.png.4bpp 
tools/gbagfx/gbagfx.exe graphics/battle_anims/sprites/gust.png build/assets/graphics/battle_anims/sprites/gust.png.gbapal 
tools/gbagfx/gbagfx.exe graphics/battle_anims/sprites/hail.png build/assets/graphics/battle_anims/sprites/hail.png.4bpp 
tools/gbagfx/gbagfx.exe graphics/battle_anims/sprites/hail.png build/assets/graphics/battle_anims/sprites/hail.png.gbapal 
tools/gbagfx/gbagfx.exe graphics/battle_anims/sprites/hands_and_feet.png build/assets/graphics/battle_anims/sprites/hands_and_feet.png.4bpp 
tools/gbagfx/gbagfx.exe graphics/battle_anims/sprites/hands_and_feet.png build/assets/graphics/battle_anims/sprites/hands_and_feet.png.gbapal 
tools/gbagfx/gbagfx.exe graphics/battle_anims/sprites/hatched_egg.png build/assets/graphics/battle_anims/sprites/hatched_egg.png.4bpp 
tools/gbagfx/gbagfx.exe graphics/battle_anims/sprites/hit.png build/assets/graphics/battle_anims/sprites/hit.png.4bpp 
tools/gbagfx/gbagfx.exe graphics/battle_anims/sprites/hit.png build/assets/graphics/battle_anims/sprites/hit.png.gbapal 
tools/gbagfx/gbagfx.exe graphics/battle_anims/sprites/hit_2.pal build/assets/graphics/battle_anims/sprites/hit_2.pal.gbapal 
tools/gbagfx/gbagfx.exe graphics/battle_anims/sprites/hit_duplicate.png build/assets/graphics/battle_anims/sprites/hit_duplicate.png.4bpp 
tools/gbagfx/gbagfx.exe graphics/battle_anims/sprites/hit_duplicate.png build/assets/graphics/battle_anims/sprites/hit_duplicate.png.gbapal 
tools/gbagfx/gbagfx.exe graphics/battle_anims/sprites/hollow_orb.png build/assets/graphics/battle_anims/sprites/hollow_orb.png.4bpp 
tools/gbagfx/gbagfx.exe graphics/battle_anims/sprites/hollow_orb.png build/assets/graphics/battle_anims/sprites/hollow_orb.png.gbapal 
tools/gbagfx/gbagfx.exe graphics/battle_anims/sprites/horn_hit.png build/assets/graphics/battle_anims/sprites/horn_hit.png.4bpp 
tools/gbagfx/gbagfx.exe graphics/battle_anims/sprites/horn_hit.png build/assets/graphics/battle_anims/sprites/horn_hit.png.gbapal 
tools/gbagfx/gbagfx.exe graphics/battle_anims/sprites/horn_hit_2.png build/assets/graphics/battle_anims/sprites/horn_hit_2.png.4bpp 
tools/gbagfx/gbagfx.exe graphics/battle_anims/sprites/horn_hit_2.png build/assets/graphics/battle_anims/sprites/horn_hit_2.png.gbapal 
tools/gbagfx/gbagfx.exe graphics/battle_anims/sprites/humanoid_foot.png build/assets/graphics/battle_anims/sprites/humanoid_foot.png.4bpp 
tools/gbagfx/gbagfx.exe graphics/battle_anims/sprites/humanoid_foot.png build/assets/graphics/battle_anims/sprites/humanoid_foot.png.gbapal 
tools/gbagfx/gbagfx.exe graphics/battle_anims/sprites/ice_crystals_0.png graphics/battle_anims/sprites/ice_crystals_0.4bpp
tools/gbagfx/gbagfx.exe graphics/battle_anims/sprites/humanoid_hand.png build/assets/graphics/battle_anims/sprites/humanoid_hand.png.4bpp 
tools/gbagfx/gbagfx.exe graphics/battle_anims/sprites/ice_chunk.png build/assets/graphics/battle_anims/sprites/ice_chunk.png.4bpp 
tools/gbagfx/gbagfx.exe graphics/battle_anims/sprites/ice_chunk.png build/assets/graphics/battle_anims/sprites/ice_chunk.png.gbapal 
tools/gbagfx/gbagfx.exe graphics/battle_anims/sprites/ice_crystals_1.png graphics/battle_anims/sprites/ice_crystals_1.4bpp
tools/gbagfx/gbagfx.exe graphics/battle_anims/sprites/ice_crystals_2.png graphics/battle_anims/sprites/ice_crystals_2.4bpp
tools/gbagfx/gbagfx.exe graphics/battle_anims/sprites/ice_crystals_3.png graphics/battle_anims/sprites/ice_crystals_3.4bpp
tools/gbagfx/gbagfx.exe graphics/battle_anims/sprites/ice_crystals_4.png graphics/battle_anims/sprites/ice_crystals_4.4bpp
tools/gbagfx/gbagfx.exe graphics/battle_anims/sprites/ice_cube_0.png graphics/battle_anims/sprites/ice_cube_0.4bpp
tools/gbagfx/gbagfx.exe graphics/battle_anims/sprites/ice_cube_1.png graphics/battle_anims/sprites/ice_cube_1.4bpp
tools/gbagfx/gbagfx.exe graphics/battle_anims/sprites/ice_cube_2.png graphics/battle_anims/sprites/ice_cube_2.4bpp
tools/gbagfx/gbagfx.exe graphics/battle_anims/sprites/ice_cube_3.png graphics/battle_anims/sprites/ice_cube_3.4bpp
tools/gbagfx/gbagfx.exe graphics/battle_anims/sprites/ice_crystals.pal build/assets/graphics/battle_anims/sprites/ice_crystals.pal.gbapal 
tools/gbagfx/gbagfx.exe graphics/battle_anims/sprites/ice_cube.pal build/assets/graphics/battle_anims/sprites/ice_cube.pal.gbapal 
tools/gbagfx/gbagfx.exe graphics/battle_anims/sprites/ice_spikes.png build/assets/graphics/battle_anims/sprites/ice_spikes.png.4bpp 
tools/gbagfx/gbagfx.exe graphics/battle_anims/sprites/icicle_spear.png build/assets/graphics/battle_anims/sprites/icicle_spear.png.4bpp 
tools/gbagfx/gbagfx.exe graphics/battle_anims/sprites/icicle_spear.png build/assets/graphics/battle_anims/sprites/icicle_spear.png.gbapal 
tools/gbagfx/gbagfx.exe graphics/battle_anims/sprites/impact.png build/assets/graphics/battle_anims/sprites/impact.png.4bpp 
tools/gbagfx/gbagfx.exe graphics/battle_anims/sprites/impact.png build/assets/graphics/battle_anims/sprites/impact.png.gbapal 
tools/gbagfx/gbagfx.exe graphics/battle_anims/sprites/impact_2.png build/assets/graphics/battle_anims/sprites/impact_2.png.4bpp 
tools/gbagfx/gbagfx.exe graphics/battle_anims/sprites/impact_2.png build/assets/graphics/battle_anims/sprites/impact_2.png.gbapal 
tools/gbagfx/gbagfx.exe graphics/battle_anims/sprites/impact_3.png build/assets/graphics/battle_anims/sprites/impact_3.png.4bpp 
tools/gbagfx/gbagfx.exe graphics/battle_anims/sprites/item_bag.png build/assets/graphics/battle_anims/sprites/item_bag.png.4bpp 
tools/gbagfx/gbagfx.exe graphics/battle_anims/sprites/impact_3.png build/assets/graphics/battle_anims/sprites/impact_3.png.gbapal 
tools/gbagfx/gbagfx.exe graphics/battle_anims/sprites/item_bag.png build/assets/graphics/battle_anims/sprites/item_bag.png.gbapal 
tools/gbagfx/gbagfx.exe graphics/battle_anims/sprites/jagged_music_note.png build/assets/graphics/battle_anims/sprites/jagged_music_note.png.4bpp 
tools/gbagfx/gbagfx.exe graphics/battle_anims/sprites/jagged_music_note.png build/assets/graphics/battle_anims/sprites/jagged_music_note.png.gbapal 
tools/gbagfx/gbagfx.exe graphics/battle_anims/sprites/large_fresh_egg.png build/assets/graphics/battle_anims/sprites/large_fresh_egg.png.4bpp 
tools/gbagfx/gbagfx.exe graphics/battle_anims/sprites/large_fresh_egg.png build/assets/graphics/battle_anims/sprites/large_fresh_egg.png.gbapal 
tools/gbagfx/gbagfx.exe graphics/battle_anims/sprites/leaf.png build/assets/graphics/battle_anims/sprites/leaf.png.4bpp 
tools/gbagfx/gbagfx.exe graphics/battle_anims/sprites/leaf.png build/assets/graphics/battle_anims/sprites/leaf.png.gbapal 
tools/gbagfx/gbagfx.exe graphics/battle_anims/sprites/leer.png build/assets/graphics/battle_anims/sprites/leer.png.4bpp 
tools/gbagfx/gbagfx.exe graphics/battle_anims/sprites/leer.png build/assets/graphics/battle_anims/sprites/leer.png.gbapal 
tools/gbagfx/gbagfx.exe graphics/battle_anims/sprites/letter_z.png build/assets/graphics/battle_anims/sprites/letter_z.png.4bpp 
tools/gbagfx/gbagfx.exe graphics/battle_anims/sprites/letter_z.png build/assets/graphics/battle_anims/sprites/letter_z.png.gbapal 
tools/gbagfx/gbagfx.exe graphics/battle_anims/sprites/lick.png build/assets/graphics/battle_anims/sprites/lick.png.4bpp 
tools/gbagfx/gbagfx.exe graphics/battle_anims/sprites/lick.png build/assets/graphics/battle_anims/sprites/lick.png.gbapal 
tools/gbagfx/gbagfx.exe graphics/battle_anims/sprites/lightbulb.png build/assets/graphics/battle_anims/sprites/lightbulb.png.4bpp 
tools/gbagfx/gbagfx.exe graphics/battle_anims/sprites/lightbulb.png build/assets/graphics/battle_anims/sprites/lightbulb.png.gbapal 
tools/gbagfx/gbagfx.exe graphics/battle_anims/sprites/lightning.png build/assets/graphics/battle_anims/sprites/lightning.png.4bpp 
tools/gbagfx/gbagfx.exe graphics/battle_anims/sprites/lightning_2.png build/assets/graphics/battle_anims/sprites/lightning_2.png.gbapal 
tools/gbagfx/gbagfx.exe graphics/battle_anims/sprites/lightning_2.png build/assets/graphics/battle_anims/sprites/lightning_2.png.4bpp 
tools/gbagfx/gbagfx.exe graphics/battle_anims/sprites/lock_on.png build/assets/graphics/battle_anims/sprites/lock_on.png.4bpp 
tools/gbagfx/gbagfx.exe graphics/battle_anims/sprites/magenta_heart.png build/assets/graphics/battle_anims/sprites/magenta_heart.png.4bpp 
tools/gbagfx/gbagfx.exe graphics/battle_anims/sprites/lock_on.png build/assets/graphics/battle_anims/sprites/lock_on.png.gbapal 
tools/gbagfx/gbagfx.exe graphics/battle_anims/sprites/magenta_heart.png build/assets/graphics/battle_anims/sprites/magenta_heart.png.gbapal 
tools/gbagfx/gbagfx.exe graphics/battle_anims/sprites/magnifying_glass.png build/assets/graphics/battle_anims/sprites/magnifying_glass.png.4bpp 
tools/gbagfx/gbagfx.exe graphics/battle_anims/sprites/magnifying_glass.png build/assets/graphics/battle_anims/sprites/magnifying_glass.png.gbapal 
tools/gbagfx/gbagfx.exe graphics/battle_anims/sprites/metal_ball.png build/assets/graphics/battle_anims/sprites/metal_ball.png.4bpp 
tools/gbagfx/gbagfx.exe graphics/battle_anims/sprites/metal_ball.png build/assets/graphics/battle_anims/sprites/metal_ball.png.gbapal 
tools/gbagfx/gbagfx.exe graphics/battle_anims/sprites/metal_sound_waves.png build/assets/graphics/battle_anims/sprites/metal_sound_waves.png.4bpp 
tools/gbagfx/gbagfx.exe graphics/battle_anims/sprites/metal_sound_waves.png build/assets/graphics/battle_anims/sprites/metal_sound_waves.png.gbapal 
tools/gbagfx/gbagfx.exe graphics/battle_anims/sprites/meteor.png build/assets/graphics/battle_anims/sprites/meteor.png.4bpp 
tools/gbagfx/gbagfx.exe graphics/battle_anims/sprites/meteor.png build/assets/graphics/battle_anims/sprites/meteor.png.gbapal 
tools/gbagfx/gbagfx.exe graphics/battle_anims/sprites/milk_bottle.png build/assets/graphics/battle_anims/sprites/milk_bottle.png.4bpp 
tools/gbagfx/gbagfx.exe graphics/battle_anims/sprites/milk_bottle.png build/assets/graphics/battle_anims/sprites/milk_bottle.png.gbapal 
tools/gbagfx/gbagfx.exe graphics/battle_anims/sprites/mist_cloud.png build/assets/graphics/battle_anims/sprites/mist_cloud.png.gbapal 
tools/gbagfx/gbagfx.exe graphics/battle_anims/sprites/mist_cloud.png build/assets/graphics/battle_anims/sprites/mist_cloud.png.4bpp 
tools/gbagfx/gbagfx.exe graphics/battle_anims/sprites/monster_doll.png build/assets/graphics/battle_anims/sprites/monster_doll.png.4bpp 
tools/gbagfx/gbagfx.exe graphics/battle_anims/sprites/monster_foot.png build/assets/graphics/battle_anims/sprites/monster_foot.png.4bpp 
tools/gbagfx/gbagfx.exe graphics/battle_anims/sprites/monster_doll.png build/assets/graphics/battle_anims/sprites/monster_doll.png.gbapal 
tools/gbagfx/gbagfx.exe graphics/battle_anims/sprites/moon.png build/assets/graphics/battle_anims/sprites/moon.png.4bpp 
tools/gbagfx/gbagfx.exe graphics/battle_anims/sprites/mud_sand_0.png graphics/battle_anims/sprites/mud_sand_0.4bpp
tools/gbagfx/gbagfx.exe graphics/battle_anims/sprites/moon.png build/assets/graphics/battle_anims/sprites/moon.png.gbapal 
tools/gbagfx/gbagfx.exe graphics/battle_anims/sprites/movement_waves.png build/assets/graphics/battle_anims/sprites/movement_waves.png.4bpp 
tools/gbagfx/gbagfx.exe graphics/battle_anims/sprites/mud_sand_1.png graphics/battle_anims/sprites/mud_sand_1.4bpp
tools/gbagfx/gbagfx.exe graphics/battle_anims/sprites/movement_waves.png build/assets/graphics/battle_anims/sprites/movement_waves.png.gbapal 
tools/gbagfx/gbagfx.exe graphics/battle_anims/sprites/mud_sand.pal build/assets/graphics/battle_anims/sprites/mud_sand.pal.gbapal 
tools/gbagfx/gbagfx.exe graphics/battle_anims/sprites/mud_unk.png build/assets/graphics/battle_anims/sprites/mud_unk.png.gbapal 
tools/gbagfx/gbagfx.exe graphics/battle_anims/sprites/mud_unk.png build/assets/graphics/battle_anims/sprites/mud_unk.png.4bpp 
tools/gbagfx/gbagfx.exe graphics/battle_anims/sprites/music_notes.png build/assets/graphics/battle_anims/sprites/music_notes.png.4bpp 
tools/gbagfx/gbagfx.exe graphics/battle_anims/sprites/music_notes.png build/assets/graphics/battle_anims/sprites/music_notes.png.gbapal 
tools/gbagfx/gbagfx.exe graphics/battle_anims/sprites/music_notes_2.pal build/assets/graphics/battle_anims/sprites/music_notes_2.pal.gbapal 
tools/gbagfx/gbagfx.exe graphics/battle_anims/sprites/music_notes_2.png build/assets/graphics/battle_anims/sprites/music_notes_2.png.4bpp 
tools/gbagfx/gbagfx.exe graphics/battle_anims/sprites/nail.png build/assets/graphics/battle_anims/sprites/nail.png.4bpp 
tools/gbagfx/gbagfx.exe graphics/battle_anims/sprites/nail.png build/assets/graphics/battle_anims/sprites/nail.png.gbapal 
tools/gbagfx/gbagfx.exe graphics/battle_anims/sprites/needle.png build/assets/graphics/battle_anims/sprites/needle.png.4bpp 
tools/gbagfx/gbagfx.exe graphics/battle_anims/sprites/needle.png build/assets/graphics/battle_anims/sprites/needle.png.gbapal 
tools/gbagfx/gbagfx.exe graphics/battle_anims/sprites/opening_eye.png build/assets/graphics/battle_anims/sprites/opening_eye.png.4bpp 
tools/gbagfx/gbagfx.exe graphics/battle_anims/sprites/noise_line.png build/assets/graphics/battle_anims/sprites/noise_line.png.4bpp 
tools/gbagfx/gbagfx.exe graphics/battle_anims/sprites/orange.png build/assets/graphics/battle_anims/sprites/orange.png.4bpp 
tools/gbagfx/gbagfx.exe graphics/battle_anims/sprites/opening_eye.png build/assets/graphics/battle_anims/sprites/opening_eye.png.gbapal 
tools/gbagfx/gbagfx.exe graphics/battle_anims/sprites/orange.png build/assets/graphics/battle_anims/sprites/orange.png.gbapal 
tools/gbagfx/gbagfx.exe graphics/battle_anims/sprites/orange_light_wall.pal build/assets/graphics/battle_anims/sprites/orange_light_wall.pal.gbapal 
tools/gbagfx/gbagfx.exe graphics/battle_anims/sprites/orb.png build/assets/graphics/battle_anims/sprites/orb.png.4bpp 
tools/gbagfx/gbagfx.exe graphics/battle_anims/sprites/orb.png build/assets/graphics/battle_anims/sprites/orb.png.gbapal 
tools/gbagfx/gbagfx.exe graphics/battle_anims/sprites/orbs.png build/assets/graphics/battle_anims/sprites/orbs.png.4bpp 
tools/gbagfx/gbagfx.exe graphics/battle_anims/sprites/pain_split.png build/assets/graphics/battle_anims/sprites/pain_split.png.4bpp 
tools/gbagfx/gbagfx.exe graphics/battle_anims/sprites/orbs.png build/assets/graphics/battle_anims/sprites/orbs.png.gbapal 
tools/gbagfx/gbagfx.exe graphics/battle_anims/sprites/pain_split.png build/assets/graphics/battle_anims/sprites/pain_split.png.gbapal 
tools/gbagfx/gbagfx.exe graphics/battle_anims/sprites/particles.png build/assets/graphics/battle_anims/sprites/particles.png.4bpp 
tools/gbagfx/gbagfx.exe graphics/battle_anims/sprites/paw_print.png build/assets/graphics/battle_anims/sprites/paw_print.png.gbapal 
tools/gbagfx/gbagfx.exe graphics/battle_anims/sprites/paw_print.png build/assets/graphics/battle_anims/sprites/paw_print.png.4bpp 
tools/gbagfx/gbagfx.exe graphics/battle_anims/sprites/pencil.png build/assets/graphics/battle_anims/sprites/pencil.png.4bpp 
tools/gbagfx/gbagfx.exe graphics/battle_anims/sprites/pencil.png build/assets/graphics/battle_anims/sprites/pencil.png.gbapal 
tools/gbagfx/gbagfx.exe graphics/battle_anims/sprites/pencil_2.png build/assets/graphics/battle_anims/sprites/pencil_2.png.4bpp 
tools/gbagfx/gbagfx.exe graphics/battle_anims/sprites/pencil_2.png build/assets/graphics/battle_anims/sprites/pencil_2.png.gbapal 
tools/gbagfx/gbagfx.exe graphics/battle_anims/sprites/petal.png build/assets/graphics/battle_anims/sprites/petal.png.4bpp 
tools/gbagfx/gbagfx.exe graphics/battle_anims/sprites/petal.png build/assets/graphics/battle_anims/sprites/petal.png.gbapal 
tools/gbagfx/gbagfx.exe graphics/battle_anims/sprites/pink_cloud.png build/assets/graphics/battle_anims/sprites/pink_cloud.png.gbapal 
tools/gbagfx/gbagfx.exe graphics/battle_anims/sprites/pink_cloud.png build/assets/graphics/battle_anims/sprites/pink_cloud.png.4bpp 
tools/gbagfx/gbagfx.exe graphics/battle_anims/sprites/pink_glove.png build/assets/graphics/battle_anims/sprites/pink_glove.png.4bpp 
tools/gbagfx/gbagfx.exe graphics/battle_anims/sprites/pink_glove.png build/assets/graphics/battle_anims/sprites/pink_glove.png.gbapal 
tools/gbagfx/gbagfx.exe graphics/battle_anims/sprites/pink_heart_2.png build/assets/graphics/battle_anims/sprites/pink_heart_2.png.4bpp 
tools/gbagfx/gbagfx.exe graphics/battle_anims/sprites/pink_heart.pal build/assets/graphics/battle_anims/sprites/pink_heart.pal.gbapal 
tools/gbagfx/gbagfx.exe graphics/battle_anims/sprites/pink_heart_2.png build/assets/graphics/battle_anims/sprites/pink_heart_2.png.gbapal 
tools/gbagfx/gbagfx.exe graphics/battle_anims/sprites/pink_orb.png build/assets/graphics/battle_anims/sprites/pink_orb.png.4bpp 
tools/gbagfx/gbagfx.exe graphics/battle_anims/sprites/pink_orb.png build/assets/graphics/battle_anims/sprites/pink_orb.png.gbapal 
tools/gbagfx/gbagfx.exe graphics/battle_anims/sprites/pink_petal.png build/assets/graphics/battle_anims/sprites/pink_petal.png.4bpp 
tools/gbagfx/gbagfx.exe graphics/battle_anims/sprites/pink_petal.png build/assets/graphics/battle_anims/sprites/pink_petal.png.gbapal 
tools/gbagfx/gbagfx.exe graphics/battle_anims/sprites/poison_bubble.png build/assets/graphics/battle_anims/sprites/poison_bubble.png.4bpp 
tools/gbagfx/gbagfx.exe graphics/battle_anims/sprites/poison_bubble.png build/assets/graphics/battle_anims/sprites/poison_bubble.png.gbapal 
tools/gbagfx/gbagfx.exe graphics/battle_anims/sprites/poison_powder.png build/assets/graphics/battle_anims/sprites/poison_powder.png.4bpp 
tools/gbagfx/gbagfx.exe graphics/battle_anims/sprites/poison_powder.png build/assets/graphics/battle_anims/sprites/poison_powder.png.gbapal 
tools/gbagfx/gbagfx.exe graphics/battle_anims/sprites/pokeball.png build/assets/graphics/battle_anims/sprites/pokeball.png.4bpp 
tools/gbagfx/gbagfx.exe graphics/battle_anims/sprites/pokeball.png build/assets/graphics/battle_anims/sprites/pokeball.png.gbapal 
tools/gbagfx/gbagfx.exe graphics/battle_anims/sprites/pokeblock.png build/assets/graphics/battle_anims/sprites/pokeblock.png.4bpp 
tools/gbagfx/gbagfx.exe graphics/battle_anims/sprites/pokeblock.png build/assets/graphics/battle_anims/sprites/pokeblock.png.gbapal 
tools/gbagfx/gbagfx.exe graphics/battle_anims/sprites/protect.png build/assets/graphics/battle_anims/sprites/protect.png.4bpp 
tools/gbagfx/gbagfx.exe graphics/battle_anims/sprites/protect.png build/assets/graphics/battle_anims/sprites/protect.png.gbapal 
tools/gbagfx/gbagfx.exe graphics/battle_anims/sprites/punch_impact.png build/assets/graphics/battle_anims/sprites/punch_impact.png.4bpp 
tools/gbagfx/gbagfx.exe graphics/battle_anims/sprites/punch_impact.png build/assets/graphics/battle_anims/sprites/punch_impact.png.gbapal 
tools/gbagfx/gbagfx.exe graphics/battle_anims/sprites/purple_coral.png build/assets/graphics/battle_anims/sprites/purple_coral.png.4bpp 
tools/gbagfx/gbagfx.exe graphics/battle_anims/sprites/purple_coral.png build/assets/graphics/battle_anims/sprites/purple_coral.png.gbapal 
tools/gbagfx/gbagfx.exe graphics/battle_anims/sprites/purple_droplet.png build/assets/graphics/battle_anims/sprites/purple_droplet.png.4bpp 
tools/gbagfx/gbagfx.exe graphics/battle_anims/sprites/purple_flame.png build/assets/graphics/battle_anims/sprites/purple_flame.png.4bpp 
tools/gbagfx/gbagfx.exe graphics/battle_anims/sprites/purple_flame.png build/assets/graphics/battle_anims/sprites/purple_flame.png.gbapal 
tools/gbagfx/gbagfx.exe graphics/battle_anims/sprites/purple_gas_cloud.pal build/assets/graphics/battle_anims/sprites/purple_gas_cloud.pal.gbapal 
tools/gbagfx/gbagfx.exe graphics/battle_anims/sprites/purple_green_unk.png build/assets/graphics/battle_anims/sprites/purple_green_unk.png.4bpp 
tools/gbagfx/gbagfx.exe graphics/battle_anims/sprites/purple_green_unk.png build/assets/graphics/battle_anims/sprites/purple_green_unk.png.gbapal 
tools/gbagfx/gbagfx.exe graphics/battle_anims/sprites/purple_hand_outline.png build/assets/graphics/battle_anims/sprites/purple_hand_outline.png.4bpp 
tools/gbagfx/gbagfx.exe graphics/battle_anims/sprites/purple_hand_outline.png build/assets/graphics/battle_anims/sprites/purple_hand_outline.png.gbapal 
tools/gbagfx/gbagfx.exe graphics/battle_anims/sprites/purple_ring.pal build/assets/graphics/battle_anims/sprites/purple_ring.pal.gbapal 
tools/gbagfx/gbagfx.exe graphics/battle_anims/sprites/purple_scratch.png build/assets/graphics/battle_anims/sprites/purple_scratch.png.4bpp 
tools/gbagfx/gbagfx.exe graphics/battle_anims/sprites/purple_scratch.png build/assets/graphics/battle_anims/sprites/purple_scratch.png.gbapal 
tools/gbagfx/gbagfx.exe graphics/battle_anims/sprites/purple_swipe.png build/assets/graphics/battle_anims/sprites/purple_swipe.png.4bpp 
tools/gbagfx/gbagfx.exe graphics/battle_anims/sprites/rain_drops.png build/assets/graphics/battle_anims/sprites/rain_drops.png.4bpp 
tools/gbagfx/gbagfx.exe graphics/battle_anims/sprites/rain_drops.png build/assets/graphics/battle_anims/sprites/rain_drops.png.gbapal 
tools/gbagfx/gbagfx.exe graphics/battle_anims/sprites/rainbow_rings.png build/assets/graphics/battle_anims/sprites/rainbow_rings.png.4bpp 
tools/gbagfx/gbagfx.exe graphics/battle_anims/sprites/rainbow_rings.png build/assets/graphics/battle_anims/sprites/rainbow_rings.png.gbapal 
tools/gbagfx/gbagfx.exe graphics/battle_anims/sprites/rapid_spin.png build/assets/graphics/battle_anims/sprites/rapid_spin.png.4bpp 
tools/gbagfx/gbagfx.exe graphics/battle_anims/sprites/rapid_spin.png build/assets/graphics/battle_anims/sprites/rapid_spin.png.gbapal 
tools/gbagfx/gbagfx.exe graphics/battle_anims/sprites/razor_leaf.png build/assets/graphics/battle_anims/sprites/razor_leaf.png.4bpp 
tools/gbagfx/gbagfx.exe graphics/battle_anims/sprites/razor_leaf.png build/assets/graphics/battle_anims/sprites/razor_leaf.png.gbapal 
tools/gbagfx/gbagfx.exe graphics/battle_anims/sprites/recycle.png build/assets/graphics/battle_anims/sprites/recycle.png.4bpp 
tools/gbagfx/gbagfx.exe graphics/battle_anims/sprites/recycle.png build/assets/graphics/battle_anims/sprites/recycle.png.gbapal 
tools/gbagfx/gbagfx.exe graphics/battle_anims/sprites/red_ball.png build/assets/graphics/battle_anims/sprites/red_ball.png.4bpp 
tools/gbagfx/gbagfx.exe graphics/battle_anims/sprites/red_ball.png build/assets/graphics/battle_anims/sprites/red_ball.png.gbapal 
tools/gbagfx/gbagfx.exe graphics/battle_anims/sprites/red_fist.png build/assets/graphics/battle_anims/sprites/red_fist.png.4bpp 
tools/gbagfx/gbagfx.exe graphics/battle_anims/sprites/red_heart.pal build/assets/graphics/battle_anims/sprites/red_heart.pal.gbapal 
tools/gbagfx/gbagfx.exe graphics/battle_anims/sprites/red_light_wall.pal build/assets/graphics/battle_anims/sprites/red_light_wall.pal.gbapal 
tools/gbagfx/gbagfx.exe graphics/battle_anims/sprites/red_orb.png build/assets/graphics/battle_anims/sprites/red_orb.png.gbapal 
tools/gbagfx/gbagfx.exe graphics/battle_anims/sprites/red_orb.png build/assets/graphics/battle_anims/sprites/red_orb.png.4bpp 
tools/gbagfx/gbagfx.exe graphics/battle_anims/sprites/red_orb_2.pal build/assets/graphics/battle_anims/sprites/red_orb_2.pal.gbapal 
tools/gbagfx/gbagfx.exe graphics/battle_anims/sprites/red_particles.png build/assets/graphics/battle_anims/sprites/red_particles.png.4bpp 
tools/gbagfx/gbagfx.exe graphics/battle_anims/sprites/red_particles.png build/assets/graphics/battle_anims/sprites/red_particles.png.gbapal 
tools/gbagfx/gbagfx.exe graphics/battle_anims/sprites/red_tube.png build/assets/graphics/battle_anims/sprites/red_tube.png.4bpp 
tools/gbagfx/gbagfx.exe graphics/battle_anims/sprites/red_tube.png build/assets/graphics/battle_anims/sprites/red_tube.png.gbapal 
tools/gbagfx/gbagfx.exe graphics/battle_anims/sprites/red_wand.png build/assets/graphics/battle_anims/sprites/red_wand.png.4bpp 
tools/gbagfx/gbagfx.exe graphics/battle_anims/sprites/red_wand.png build/assets/graphics/battle_anims/sprites/red_wand.png.gbapal 
tools/gbagfx/gbagfx.exe graphics/battle_anims/sprites/reticle.png build/assets/graphics/battle_anims/sprites/reticle.png.4bpp 
tools/gbagfx/gbagfx.exe graphics/battle_anims/sprites/reticle.png build/assets/graphics/battle_anims/sprites/reticle.png.gbapal 
tools/gbagfx/gbagfx.exe graphics/battle_anims/sprites/ring.png build/assets/graphics/battle_anims/sprites/ring.png.4bpp 
tools/gbagfx/gbagfx.exe graphics/battle_anims/sprites/ring.png build/assets/graphics/battle_anims/sprites/ring.png.gbapal 
tools/gbagfx/gbagfx.exe graphics/battle_anims/sprites/rocks.png build/assets/graphics/battle_anims/sprites/rocks.png.4bpp 
tools/gbagfx/gbagfx.exe graphics/battle_anims/sprites/rocks.png build/assets/graphics/battle_anims/sprites/rocks.png.gbapal 
tools/gbagfx/gbagfx.exe graphics/battle_anims/sprites/roots.png build/assets/graphics/battle_anims/sprites/roots.png.4bpp 
tools/gbagfx/gbagfx.exe graphics/battle_anims/sprites/roots.png build/assets/graphics/battle_anims/sprites/roots.png.gbapal 
tools/gbagfx/gbagfx.exe graphics/battle_anims/sprites/round_shadow.png build/assets/graphics/battle_anims/sprites/round_shadow.png.4bpp 
tools/gbagfx/gbagfx.exe graphics/battle_anims/sprites/round_shadow.png build/assets/graphics/battle_anims/sprites/round_shadow.png.gbapal 
tools/gbagfx/gbagfx.exe graphics/battle_anims/sprites/round_white_halo.png build/assets/graphics/battle_anims/sprites/round_white_halo.png.4bpp 
tools/gbagfx/gbagfx.exe graphics/battle_anims/sprites/sap_drip.png build/assets/graphics/battle_anims/sprites/sap_drip.png.4bpp 
tools/gbagfx/gbagfx.exe graphics/battle_anims/sprites/round_white_halo.png build/assets/graphics/battle_anims/sprites/round_white_halo.png.gbapal 
tools/gbagfx/gbagfx.exe graphics/battle_anims/sprites/sap_drip.png build/assets/graphics/battle_anims/sprites/sap_drip.png.gbapal 
tools/gbagfx/gbagfx.exe graphics/battle_anims/sprites/sap_drip_2.pal build/assets/graphics/battle_anims/sprites/sap_drip_2.pal.gbapal 
tools/gbagfx/gbagfx.exe graphics/battle_anims/sprites/scratch.png build/assets/graphics/battle_anims/sprites/scratch.png.4bpp 
tools/gbagfx/gbagfx.exe graphics/battle_anims/sprites/scratch_2.png build/assets/graphics/battle_anims/sprites/scratch_2.png.4bpp 
tools/gbagfx/gbagfx.exe graphics/battle_anims/sprites/scratch_3.png build/assets/graphics/battle_anims/sprites/scratch_3.png.4bpp 
tools/gbagfx/gbagfx.exe graphics/battle_anims/sprites/seed.png build/assets/graphics/battle_anims/sprites/seed.png.4bpp 
tools/gbagfx/gbagfx.exe graphics/battle_anims/sprites/seed.png build/assets/graphics/battle_anims/sprites/seed.png.gbapal 
tools/gbagfx/gbagfx.exe graphics/battle_anims/sprites/seed_2.png build/assets/graphics/battle_anims/sprites/seed_2.png.4bpp 
tools/gbagfx/gbagfx.exe graphics/battle_anims/sprites/seed_2.png build/assets/graphics/battle_anims/sprites/seed_2.png.gbapal 
tools/gbagfx/gbagfx.exe graphics/battle_anims/sprites/shadow_ball.png build/assets/graphics/battle_anims/sprites/shadow_ball.png.4bpp 
tools/gbagfx/gbagfx.exe graphics/battle_anims/sprites/shadow_ball.png build/assets/graphics/battle_anims/sprites/shadow_ball.png.gbapal 
tools/gbagfx/gbagfx.exe graphics/battle_anims/sprites/sharp_teeth.png build/assets/graphics/battle_anims/sprites/sharp_teeth.png.4bpp 
tools/gbagfx/gbagfx.exe graphics/battle_anims/sprites/sharp_teeth.png build/assets/graphics/battle_anims/sprites/sharp_teeth.png.gbapal 
tools/gbagfx/gbagfx.exe graphics/battle_anims/sprites/shock.png build/assets/graphics/battle_anims/sprites/shock.png.4bpp 
tools/gbagfx/gbagfx.exe graphics/battle_anims/sprites/shock_2.png build/assets/graphics/battle_anims/sprites/shock_2.png.4bpp 
tools/gbagfx/gbagfx.exe graphics/battle_anims/sprites/shock_2.png build/assets/graphics/battle_anims/sprites/shock_2.png.gbapal 
tools/gbagfx/gbagfx.exe graphics/battle_anims/sprites/shock_3.png build/assets/graphics/battle_anims/sprites/shock_3.png.4bpp 
tools/gbagfx/gbagfx.exe graphics/battle_anims/sprites/shock_3.png build/assets/graphics/battle_anims/sprites/shock_3.png.gbapal 
tools/gbagfx/gbagfx.exe graphics/battle_anims/sprites/shock_4.png build/assets/graphics/battle_anims/sprites/shock_4.png.4bpp 
tools/gbagfx/gbagfx.exe graphics/battle_anims/sprites/shock_4.png build/assets/graphics/battle_anims/sprites/shock_4.png.gbapal 
tools/gbagfx/gbagfx.exe graphics/battle_anims/sprites/slam_hit.png build/assets/graphics/battle_anims/sprites/slam_hit.png.4bpp 
tools/gbagfx/gbagfx.exe graphics/battle_anims/sprites/slam_hit.png build/assets/graphics/battle_anims/sprites/slam_hit.png.gbapal 
tools/gbagfx/gbagfx.exe graphics/battle_anims/sprites/slam_hit_2.png build/assets/graphics/battle_anims/sprites/slam_hit_2.png.4bpp 
tools/gbagfx/gbagfx.exe graphics/battle_anims/sprites/slam_hit_2.png build/assets/graphics/battle_anims/sprites/slam_hit_2.png.gbapal 
tools/gbagfx/gbagfx.exe graphics/battle_anims/sprites/slash.png build/assets/graphics/battle_anims/sprites/slash.png.4bpp 
tools/gbagfx/gbagfx.exe graphics/battle_anims/sprites/slash.png build/assets/graphics/battle_anims/sprites/slash.png.gbapal 
tools/gbagfx/gbagfx.exe graphics/battle_anims/sprites/slash_2.pal build/assets/graphics/battle_anims/sprites/slash_2.pal.gbapal 
tools/gbagfx/gbagfx.exe graphics/battle_anims/sprites/sleep_powder.pal build/assets/graphics/battle_anims/sprites/sleep_powder.pal.gbapal 
tools/gbagfx/gbagfx.exe graphics/battle_anims/sprites/small_bubbles.png build/assets/graphics/battle_anims/sprites/small_bubbles.png.4bpp 
tools/gbagfx/gbagfx.exe graphics/battle_anims/sprites/small_bubbles.png build/assets/graphics/battle_anims/sprites/small_bubbles.png.gbapal 
tools/gbagfx/gbagfx.exe graphics/battle_anims/sprites/small_ember.png build/assets/graphics/battle_anims/sprites/small_ember.png.4bpp 
tools/gbagfx/gbagfx.exe graphics/battle_anims/sprites/small_ember.png build/assets/graphics/battle_anims/sprites/small_ember.png.gbapal 
tools/gbagfx/gbagfx.exe graphics/battle_anims/sprites/small_red_eye.png build/assets/graphics/battle_anims/sprites/small_red_eye.png.4bpp 
tools/gbagfx/gbagfx.exe graphics/battle_anims/sprites/small_red_eye.png build/assets/graphics/battle_anims/sprites/small_red_eye.png.gbapal 
tools/gbagfx/gbagfx.exe graphics/battle_anims/sprites/smellingsalt_effect.png build/assets/graphics/battle_anims/sprites/smellingsalt_effect.png.4bpp 
tools/gbagfx/gbagfx.exe graphics/battle_anims/sprites/smellingsalt_effect.png build/assets/graphics/battle_anims/sprites/smellingsalt_effect.png.gbapal 
tools/gbagfx/gbagfx.exe graphics/battle_anims/sprites/smoke.png build/assets/graphics/battle_anims/sprites/smoke.png.4bpp 
tools/gbagfx/gbagfx.exe graphics/battle_anims/sprites/smoke.png build/assets/graphics/battle_anims/sprites/smoke.png.gbapal 
tools/gbagfx/gbagfx.exe graphics/battle_anims/sprites/smoke_2.png build/assets/graphics/battle_anims/sprites/smoke_2.png.4bpp 
tools/gbagfx/gbagfx.exe graphics/battle_anims/sprites/smokescreen_impact.png build/assets/graphics/battle_anims/sprites/smokescreen_impact.png.4bpp 
tools/gbagfx/gbagfx.exe graphics/battle_anims/sprites/smokescreen_impact.png build/assets/graphics/battle_anims/sprites/smokescreen_impact.png.gbapal 
tools/gbagfx/gbagfx.exe graphics/battle_anims/sprites/snore_z.png build/assets/graphics/battle_anims/sprites/snore_z.png.4bpp 
tools/gbagfx/gbagfx.exe graphics/battle_anims/sprites/snore_z.png build/assets/graphics/battle_anims/sprites/snore_z.png.gbapal 
tools/gbagfx/gbagfx.exe graphics/battle_anims/sprites/snowball.png build/assets/graphics/battle_anims/sprites/snowball.png.gbapal 
tools/gbagfx/gbagfx.exe graphics/battle_anims/sprites/snowball.png build/assets/graphics/battle_anims/sprites/snowball.png.4bpp 
tools/gbagfx/gbagfx.exe graphics/battle_anims/sprites/spark_0.png graphics/battle_anims/sprites/spark_0.4bpp
tools/gbagfx/gbagfx.exe graphics/battle_anims/sprites/spark_1.png graphics/battle_anims/sprites/spark_1.4bpp
tools/gbagfx/gbagfx.exe graphics/battle_anims/sprites/spark.pal build/assets/graphics/battle_anims/sprites/spark.pal.gbapal 
tools/gbagfx/gbagfx.exe graphics/battle_anims/sprites/spark_2.png build/assets/graphics/battle_anims/sprites/spark_2.png.4bpp 
tools/gbagfx/gbagfx.exe graphics/battle_anims/sprites/spark_h.png build/assets/graphics/battle_anims/sprites/spark_h.png.4bpp 
tools/gbagfx/gbagfx.exe graphics/battle_anims/sprites/spark_2.png build/assets/graphics/battle_anims/sprites/spark_2.png.gbapal 
tools/gbagfx/gbagfx.exe graphics/battle_anims/sprites/sparkle_1.png build/assets/graphics/battle_anims/sprites/sparkle_1.png.4bpp 
tools/gbagfx/gbagfx.exe graphics/battle_anims/sprites/sparkle_1.png build/assets/graphics/battle_anims/sprites/sparkle_1.png.gbapal 
tools/gbagfx/gbagfx.exe graphics/battle_anims/sprites/sparkle_2.pal build/assets/graphics/battle_anims/sprites/sparkle_2.pal.gbapal 
tools/gbagfx/gbagfx.exe graphics/battle_anims/sprites/sparkle_3.png build/assets/graphics/battle_anims/sprites/sparkle_3.png.4bpp 
tools/gbagfx/gbagfx.exe graphics/battle_anims/sprites/sparkle_3.png build/assets/graphics/battle_anims/sprites/sparkle_3.png.gbapal 
tools/gbagfx/gbagfx.exe graphics/battle_anims/sprites/sparkle_4.png build/assets/graphics/battle_anims/sprites/sparkle_4.png.4bpp 
tools/gbagfx/gbagfx.exe graphics/battle_anims/sprites/sparkle_6.png build/assets/graphics/battle_anims/sprites/sparkle_6.png.4bpp 
tools/gbagfx/gbagfx.exe graphics/battle_anims/sprites/sparkle_6.png build/assets/graphics/battle_anims/sprites/sparkle_6.png.gbapal 
tools/gbagfx/gbagfx.exe graphics/battle_anims/sprites/speed_dust.png build/assets/graphics/battle_anims/sprites/speed_dust.png.gbapal 
tools/gbagfx/gbagfx.exe graphics/battle_anims/sprites/speed_dust.png build/assets/graphics/battle_anims/sprites/speed_dust.png.4bpp 
tools/gbagfx/gbagfx.exe graphics/battle_anims/sprites/sphere_to_cube.png build/assets/graphics/battle_anims/sprites/sphere_to_cube.png.4bpp 
tools/gbagfx/gbagfx.exe graphics/battle_anims/sprites/sphere_to_cube.png build/assets/graphics/battle_anims/sprites/sphere_to_cube.png.gbapal 
tools/gbagfx/gbagfx.exe graphics/battle_anims/sprites/spider_web.png build/assets/graphics/battle_anims/sprites/spider_web.png.4bpp 
tools/gbagfx/gbagfx.exe graphics/battle_anims/sprites/spikes.png build/assets/graphics/battle_anims/sprites/spikes.png.4bpp 
tools/gbagfx/gbagfx.exe graphics/battle_anims/sprites/spikes.png build/assets/graphics/battle_anims/sprites/spikes.png.gbapal 
tools/gbagfx/gbagfx.exe graphics/battle_anims/sprites/spinning_fire.png build/assets/graphics/battle_anims/sprites/spinning_fire.png.4bpp 
tools/gbagfx/gbagfx.exe graphics/battle_anims/sprites/spinning_green_orbs.png build/assets/graphics/battle_anims/sprites/spinning_green_orbs.png.4bpp 
tools/gbagfx/gbagfx.exe graphics/battle_anims/sprites/spinning_green_orbs.png build/assets/graphics/battle_anims/sprites/spinning_green_orbs.png.gbapal 
tools/gbagfx/gbagfx.exe graphics/battle_anims/sprites/spiral.png build/assets/graphics/battle_anims/sprites/spiral.png.4bpp 
tools/gbagfx/gbagfx.exe graphics/battle_anims/sprites/spiral.png build/assets/graphics/battle_anims/sprites/spiral.png.gbapal 
tools/gbagfx/gbagfx.exe graphics/battle_anims/sprites/splash.png build/assets/graphics/battle_anims/sprites/splash.png.4bpp 
tools/gbagfx/gbagfx.exe graphics/battle_anims/sprites/splash.png build/assets/graphics/battle_anims/sprites/splash.png.gbapal 
tools/gbagfx/gbagfx.exe graphics/battle_anims/sprites/spore.png build/assets/graphics/battle_anims/sprites/spore.png.gbapal 
tools/gbagfx/gbagfx.exe graphics/battle_anims/sprites/spore.png build/assets/graphics/battle_anims/sprites/spore.png.4bpp 
tools/gbagfx/gbagfx.exe graphics/battle_anims/sprites/spotlight.png build/assets/graphics/battle_anims/sprites/spotlight.png.4bpp 
tools/gbagfx/gbagfx.exe graphics/battle_anims/sprites/sprout.png build/assets/graphics/battle_anims/sprites/sprout.png.4bpp 
tools/gbagfx/gbagfx.exe graphics/battle_anims/sprites/string.png build/assets/graphics/battle_anims/sprites/string.png.4bpp 
tools/gbagfx/gbagfx.exe graphics/battle_anims/sprites/string.png build/assets/graphics/battle_anims/sprites/string.png.gbapal 
tools/gbagfx/gbagfx.exe graphics/battle_anims/sprites/string_2.png build/assets/graphics/battle_anims/sprites/string_2.png.4bpp 
tools/gbagfx/gbagfx.exe graphics/battle_anims/sprites/string_2.png build/assets/graphics/battle_anims/sprites/string_2.png.gbapal 
tools/gbagfx/gbagfx.exe graphics/battle_anims/sprites/stun_spore.pal build/assets/graphics/battle_anims/sprites/stun_spore.pal.gbapal 
tools/gbagfx/gbagfx.exe graphics/battle_anims/sprites/substitute.png build/assets/graphics/battle_anims/sprites/substitute.png.4bpp 
tools/gbagfx/gbagfx.exe graphics/battle_anims/sprites/substitute.png build/assets/graphics/battle_anims/sprites/substitute.png.gbapal 
tools/gbagfx/gbagfx.exe graphics/battle_anims/sprites/substitute_back.png build/assets/graphics/battle_anims/sprites/substitute_back.png.4bpp 
tools/gbagfx/gbagfx.exe graphics/battle_anims/sprites/sunlight.png build/assets/graphics/battle_anims/sprites/sunlight.png.4bpp 
tools/gbagfx/gbagfx.exe graphics/battle_anims/sprites/sunlight.png build/assets/graphics/battle_anims/sprites/sunlight.png.gbapal 
tools/gbagfx/gbagfx.exe graphics/battle_anims/sprites/sweat_bead.png build/assets/graphics/battle_anims/sprites/sweat_bead.png.4bpp 
tools/gbagfx/gbagfx.exe graphics/battle_anims/sprites/sweat_drop.png build/assets/graphics/battle_anims/sprites/sweat_drop.png.4bpp 
tools/gbagfx/gbagfx.exe graphics/battle_anims/sprites/sweat_drop.png build/assets/graphics/battle_anims/sprites/sweat_drop.png.gbapal 
tools/gbagfx/gbagfx.exe graphics/battle_anims/sprites/swipe.png build/assets/graphics/battle_anims/sprites/swipe.png.4bpp 
tools/gbagfx/gbagfx.exe graphics/battle_anims/sprites/swipe.png build/assets/graphics/battle_anims/sprites/swipe.png.gbapal 
tools/gbagfx/gbagfx.exe graphics/battle_anims/sprites/sword.png build/assets/graphics/battle_anims/sprites/sword.png.4bpp 
tools/gbagfx/gbagfx.exe graphics/battle_anims/sprites/sword.png build/assets/graphics/battle_anims/sprites/sword.png.gbapal 
tools/gbagfx/gbagfx.exe graphics/battle_anims/sprites/sword_2.png build/assets/graphics/battle_anims/sprites/sword_2.png.4bpp 
tools/gbagfx/gbagfx.exe graphics/battle_anims/sprites/tag_hand.png build/assets/graphics/battle_anims/sprites/tag_hand.png.4bpp 
tools/gbagfx/gbagfx.exe graphics/battle_anims/sprites/sword_2.png build/assets/graphics/battle_anims/sprites/sword_2.png.gbapal 
tools/gbagfx/gbagfx.exe graphics/battle_anims/sprites/teal_alert.png build/assets/graphics/battle_anims/sprites/teal_alert.png.4bpp 
tools/gbagfx/gbagfx.exe graphics/battle_anims/sprites/teal_alert.png build/assets/graphics/battle_anims/sprites/teal_alert.png.gbapal 
tools/gbagfx/gbagfx.exe graphics/battle_anims/sprites/teeth.png build/assets/graphics/battle_anims/sprites/teeth.png.4bpp 
tools/gbagfx/gbagfx.exe graphics/battle_anims/sprites/teeth.png build/assets/graphics/battle_anims/sprites/teeth.png.gbapal 
tools/gbagfx/gbagfx.exe graphics/battle_anims/sprites/tendrils.png build/assets/graphics/battle_anims/sprites/tendrils.png.4bpp 
tools/gbagfx/gbagfx.exe graphics/battle_anims/sprites/tendrils.png build/assets/graphics/battle_anims/sprites/tendrils.png.gbapal 
tools/gbagfx/gbagfx.exe graphics/battle_anims/sprites/thin_ring.png build/assets/graphics/battle_anims/sprites/thin_ring.png.gbapal 
tools/gbagfx/gbagfx.exe graphics/battle_anims/sprites/thin_ring.png build/assets/graphics/battle_anims/sprites/thin_ring.png.4bpp 
tools/gbagfx/gbagfx.exe graphics/battle_anims/sprites/thought_bubble.png build/assets/graphics/battle_anims/sprites/thought_bubble.png.4bpp 
tools/gbagfx/gbagfx.exe graphics/battle_anims/sprites/thought_bubble.png build/assets/graphics/battle_anims/sprites/thought_bubble.png.gbapal 
tools/gbagfx/gbagfx.exe graphics/battle_anims/sprites/tied_bag.png build/assets/graphics/battle_anims/sprites/tied_bag.png.4bpp 
tools/gbagfx/gbagfx.exe graphics/battle_anims/sprites/tied_bag.png build/assets/graphics/battle_anims/sprites/tied_bag.png.gbapal 
tools/gbagfx/gbagfx.exe graphics/battle_anims/sprites/tongue.png build/assets/graphics/battle_anims/sprites/tongue.png.4bpp 
tools/gbagfx/gbagfx.exe graphics/battle_anims/sprites/tongue.png build/assets/graphics/battle_anims/sprites/tongue.png.gbapal 
tools/gbagfx/gbagfx.exe graphics/battle_anims/sprites/torn_metal.png build/assets/graphics/battle_anims/sprites/torn_metal.png.4bpp 
tools/gbagfx/gbagfx.exe graphics/battle_anims/sprites/toxic_bubble.png build/assets/graphics/battle_anims/sprites/toxic_bubble.png.4bpp 
tools/gbagfx/gbagfx.exe graphics/battle_anims/sprites/tri_attack_triangle.png build/assets/graphics/battle_anims/sprites/tri_attack_triangle.png.4bpp 
tools/gbagfx/gbagfx.exe graphics/battle_anims/sprites/tri_attack_triangle.png build/assets/graphics/battle_anims/sprites/tri_attack_triangle.png.gbapal 
tools/gbagfx/gbagfx.exe graphics/battle_anims/sprites/unknown.png build/assets/graphics/battle_anims/sprites/unknown.png.4bpp 
tools/gbagfx/gbagfx.exe graphics/battle_anims/sprites/unknown.png build/assets/graphics/battle_anims/sprites/unknown.png.gbapal 
tools/gbagfx/gbagfx.exe graphics/battle_anims/sprites/vine.png build/assets/graphics/battle_anims/sprites/vine.png.4bpp 
tools/gbagfx/gbagfx.exe graphics/battle_anims/sprites/vine.png build/assets/graphics/battle_anims/sprites/vine.png.gbapal 
tools/gbagfx/gbagfx.exe graphics/battle_anims/sprites/vine_2.png build/assets/graphics/battle_anims/sprites/vine_2.png.4bpp 
tools/gbagfx/gbagfx.exe graphics/battle_anims/sprites/vine_2.png build/assets/graphics/battle_anims/sprites/vine_2.png.gbapal 
tools/gbagfx/gbagfx.exe graphics/battle_anims/sprites/void_lines.png build/assets/graphics/battle_anims/sprites/void_lines.png.4bpp 
tools/gbagfx/gbagfx.exe graphics/battle_anims/sprites/void_lines.png build/assets/graphics/battle_anims/sprites/void_lines.png.gbapal 
tools/gbagfx/gbagfx.exe graphics/battle_anims/sprites/warm_rock.png build/assets/graphics/battle_anims/sprites/warm_rock.png.4bpp 
tools/gbagfx/gbagfx.exe graphics/battle_anims/sprites/warm_rock.png build/assets/graphics/battle_anims/sprites/warm_rock.png.gbapal 
tools/gbagfx/gbagfx.exe graphics/battle_anims/sprites/water_column.png build/assets/graphics/battle_anims/sprites/water_column.png.4bpp 
tools/gbagfx/gbagfx.exe graphics/battle_anims/sprites/water_column.png build/assets/graphics/battle_anims/sprites/water_column.png.gbapal 
tools/gbagfx/gbagfx.exe graphics/battle_anims/sprites/water_droplet.png build/assets/graphics/battle_anims/sprites/water_droplet.png.gbapal 
tools/gbagfx/gbagfx.exe graphics/battle_anims/sprites/water_droplet.png build/assets/graphics/battle_anims/sprites/water_droplet.png.4bpp 
tools/gbagfx/gbagfx.exe graphics/battle_anims/sprites/water_droplet_2.png build/assets/graphics/battle_anims/sprites/water_droplet_2.png.4bpp 
tools/gbagfx/gbagfx.exe graphics/battle_anims/sprites/water_impact.png build/assets/graphics/battle_anims/sprites/water_impact.png.4bpp 
tools/gbagfx/gbagfx.exe graphics/battle_anims/sprites/water_impact.png build/assets/graphics/battle_anims/sprites/water_impact.png.gbapal 
tools/gbagfx/gbagfx.exe graphics/battle_anims/sprites/water_orb.png build/assets/graphics/battle_anims/sprites/water_orb.png.4bpp 
tools/gbagfx/gbagfx.exe graphics/battle_anims/sprites/waving_hand.png build/assets/graphics/battle_anims/sprites/waving_hand.png.4bpp 
tools/gbagfx/gbagfx.exe graphics/battle_anims/sprites/waving_hand.png build/assets/graphics/battle_anims/sprites/waving_hand.png.gbapal 
tools/gbagfx/gbagfx.exe graphics/battle_anims/sprites/weather_ball.png build/assets/graphics/battle_anims/sprites/weather_ball.png.4bpp 
tools/gbagfx/gbagfx.exe graphics/battle_anims/sprites/web.png build/assets/graphics/battle_anims/sprites/web.png.4bpp 
tools/gbagfx/gbagfx.exe graphics/battle_anims/sprites/web_thread.png build/assets/graphics/battle_anims/sprites/web_thread.png.4bpp 
tools/gbagfx/gbagfx.exe graphics/battle_anims/sprites/weather_ball.png build/assets/graphics/battle_anims/sprites/weather_ball.png.gbapal 
tools/gbagfx/gbagfx.exe graphics/battle_anims/sprites/whip_hit.pal build/assets/graphics/battle_anims/sprites/whip_hit.pal.gbapal 
tools/gbagfx/gbagfx.exe graphics/battle_anims/sprites/whirlwind.png build/assets/graphics/battle_anims/sprites/whirlwind.png.4bpp 
tools/gbagfx/gbagfx.exe graphics/battle_anims/sprites/whirlwind.png build/assets/graphics/battle_anims/sprites/whirlwind.png.gbapal 
tools/gbagfx/gbagfx.exe graphics/battle_anims/sprites/whirlwind_2.png build/assets/graphics/battle_anims/sprites/whirlwind_2.png.4bpp 
tools/gbagfx/gbagfx.exe graphics/battle_anims/sprites/whirlwind_lines.png build/assets/graphics/battle_anims/sprites/whirlwind_lines.png.4bpp 
tools/gbagfx/gbagfx.exe graphics/battle_anims/sprites/whirlwind_lines.png build/assets/graphics/battle_anims/sprites/whirlwind_lines.png.gbapal 
tools/gbagfx/gbagfx.exe graphics/battle_anims/sprites/white_bag.png build/assets/graphics/battle_anims/sprites/white_bag.png.4bpp 
tools/gbagfx/gbagfx.exe graphics/battle_anims/sprites/white_bag.png build/assets/graphics/battle_anims/sprites/white_bag.png.gbapal 
tools/gbagfx/gbagfx.exe graphics/battle_anims/sprites/white_circle_of_light.pal build/assets/graphics/battle_anims/sprites/white_circle_of_light.pal.gbapal 
tools/gbagfx/gbagfx.exe graphics/battle_anims/sprites/white_feather.png build/assets/graphics/battle_anims/sprites/white_feather.png.4bpp 
tools/gbagfx/gbagfx.exe graphics/battle_anims/sprites/white_feather.png build/assets/graphics/battle_anims/sprites/white_feather.png.gbapal 
tools/gbagfx/gbagfx.exe graphics/battle_anims/sprites/white_shadow.png build/assets/graphics/battle_anims/sprites/white_shadow.png.4bpp 
tools/gbagfx/gbagfx.exe graphics/battle_anims/sprites/white_shadow.png build/assets/graphics/battle_anims/sprites/white_shadow.png.gbapal 
tools/gbagfx/gbagfx.exe graphics/battle_anims/sprites/wisp_fire.png build/assets/graphics/battle_anims/sprites/wisp_fire.png.4bpp 
tools/gbagfx/gbagfx.exe graphics/battle_anims/sprites/wisp_orb.png build/assets/graphics/battle_anims/sprites/wisp_orb.png.4bpp 
tools/gbagfx/gbagfx.exe graphics/battle_anims/sprites/wisp_orb.png build/assets/graphics/battle_anims/sprites/wisp_orb.png.gbapal 
tools/gbagfx/gbagfx.exe graphics/battle_anims/sprites/x_sign.png build/assets/graphics/battle_anims/sprites/x_sign.png.4bpp 
tools/gbagfx/gbagfx.exe graphics/battle_anims/sprites/yellow_ball.png build/assets/graphics/battle_anims/sprites/yellow_ball.png.4bpp 
tools/gbagfx/gbagfx.exe graphics/battle_anims/sprites/yellow_ball.png build/assets/graphics/battle_anims/sprites/yellow_ball.png.gbapal 
tools/gbagfx/gbagfx.exe graphics/battle_anims/sprites/yellow_star.png build/assets/graphics/battle_anims/sprites/yellow_star.png.4bpp 
tools/gbagfx/gbagfx.exe graphics/battle_anims/sprites/yellow_star.png build/assets/graphics/battle_anims/sprites/yellow_star.png.gbapal 
tools/gbagfx/gbagfx.exe graphics/battle_anims/sprites/yellow_unk.png build/assets/graphics/battle_anims/sprites/yellow_unk.png.4bpp 
tools/gbagfx/gbagfx.exe graphics/battle_anims/sprites/yellow_unk.png build/assets/graphics/battle_anims/sprites/yellow_unk.png.gbapal 
tools/gbagfx/gbagfx.exe graphics/battle_anims/sprites/yellow_unk_2.png build/assets/graphics/battle_anims/sprites/yellow_unk_2.png.4bpp 
tools/gbagfx/gbagfx.exe graphics/battle_anims/sprites/yellow_unk_2.png build/assets/graphics/battle_anims/sprites/yellow_unk_2.png.gbapal 
tools/gbagfx/gbagfx.exe graphics/battle_anims/sprites/z.png build/assets/graphics/battle_anims/sprites/z.png.4bpp 
tools/gbagfx/gbagfx.exe graphics/battle_anims/sprites/z.png build/assets/graphics/battle_anims/sprites/z.png.gbapal 
tools/gbagfx/gbagfx.exe graphics/battle_anims/stat_change/accuracy.pal build/assets/graphics/battle_anims/stat_change/accuracy.pal.gbapal 
tools/gbagfx/gbagfx.exe graphics/battle_anims/stat_change/attack.pal build/assets/graphics/battle_anims/stat_change/attack.pal.gbapal 
tools/gbagfx/gbagfx.exe graphics/battle_anims/stat_change/decrease.bin build/assets/graphics/battle_anims/stat_change/decrease.bin.lz 
tools/gbagfx/gbagfx.exe graphics/battle_anims/stat_change/defense.pal build/assets/graphics/battle_anims/stat_change/defense.pal.gbapal 
tools/gbagfx/gbagfx.exe graphics/battle_anims/stat_change/evasion.pal build/assets/graphics/battle_anims/stat_change/evasion.pal.gbapal 
tools/gbagfx/gbagfx.exe graphics/battle_anims/stat_change/increase.bin build/assets/graphics/battle_anims/stat_change/increase.bin.lz 
tools/gbagfx/gbagfx.exe graphics/battle_anims/stat_change/multiple.pal build/assets/graphics/battle_anims/stat_change/multiple.pal.gbapal 
tools/gbagfx/gbagfx.exe graphics/battle_anims/stat_change/sp_attack.pal build/assets/graphics/battle_anims/stat_change/sp_attack.pal.gbapal 
tools/gbagfx/gbagfx.exe graphics/battle_anims/stat_change/sp_defense.pal build/assets/graphics/battle_anims/stat_change/sp_defense.pal.gbapal 
tools/gbagfx/gbagfx.exe graphics/battle_anims/stat_change/speed.pal build/assets/graphics/battle_anims/stat_change/speed.pal.gbapal 
tools/gbagfx/gbagfx.exe graphics/battle_anims/stat_change/tiles.png build/assets/graphics/battle_anims/stat_change/tiles.png.4bpp 
tools/gbagfx/gbagfx.exe graphics/battle_anims/unused/goosuto.bin build/assets/graphics/battle_anims/unused/goosuto.bin.lz 
tools/gbagfx/gbagfx.exe graphics/battle_anims/unused/goosuto.png build/assets/graphics/battle_anims/unused/goosuto.png.4bpp 
tools/gbagfx/gbagfx.exe graphics/battle_anims/unused/goosuto.png build/assets/graphics/battle_anims/unused/goosuto.png.gbapal 
tools/gbagfx/gbagfx.exe graphics/battle_anims/unused/lights.bin build/assets/graphics/battle_anims/unused/lights.bin.lz 
tools/gbagfx/gbagfx.exe graphics/battle_anims/unused/lights.png build/assets/graphics/battle_anims/unused/lights.png.4bpp 
tools/gbagfx/gbagfx.exe graphics/battle_anims/unused/lights.png build/assets/graphics/battle_anims/unused/lights.png.gbapal 
tools/gbagfx/gbagfx.exe graphics/battle_anims/unused/line_sketch.png build/assets/graphics/battle_anims/unused/line_sketch.png.4bpp 
tools/gbagfx/gbagfx.exe graphics/battle_anims/unused/line_sketch.png build/assets/graphics/battle_anims/unused/line_sketch.png.gbapal 
tools/gbagfx/gbagfx.exe graphics/battle_anims/unused/line_sketch_2.bin build/assets/graphics/battle_anims/unused/line_sketch_2.bin.lz 
tools/gbagfx/gbagfx.exe graphics/battle_anims/unused/line_sketch_2.pal build/assets/graphics/battle_anims/unused/line_sketch_2.pal.gbapal 
tools/gbagfx/gbagfx.exe graphics/battle_anims/unused/metronome_hand_small.png build/assets/graphics/battle_anims/unused/metronome_hand_small.png.4bpp 
tools/gbagfx/gbagfx.exe graphics/battle_anims/unused/line_sketch_2.png build/assets/graphics/battle_anims/unused/line_sketch_2.png.8bpp 
tools/gbagfx/gbagfx.exe graphics/battle_anims/unused/old_beatup.png build/assets/graphics/battle_anims/unused/old_beatup.png.4bpp 
tools/gbagfx/gbagfx.exe graphics/battle_anims/unused/music_notes.pal build/assets/graphics/battle_anims/unused/music_notes.pal.gbapal 
tools/gbagfx/gbagfx.exe graphics/battle_anims/unused/music_notes.png build/assets/graphics/battle_anims/unused/music_notes.png.4bpp 
tools/gbagfx/gbagfx.exe graphics/battle_anims/unused/spinning_ball.png build/assets/graphics/battle_anims/unused/spinning_ball.png.4bpp 
tools/gbagfx/gbagfx.exe graphics/battle_anims/unused/old_beatup.png build/assets/graphics/battle_anims/unused/old_beatup.png.gbapal 
tools/gbagfx/gbagfx.exe graphics/battle_anims/unused/spinning_ball.png build/assets/graphics/battle_anims/unused/spinning_ball.png.gbapal 
tools/gbagfx/gbagfx.exe graphics/battle_anims/unused/spinning_ball_2.pal build/assets/graphics/battle_anims/unused/spinning_ball_2.pal.gbapal 
tools/gbagfx/gbagfx.exe graphics/battle_anims/unused/unknown_2.pal build/assets/graphics/battle_anims/unused/unknown_2.pal.gbapal 
tools/gbagfx/gbagfx.exe graphics/battle_anims/unused/unknown_4.bin build/assets/graphics/battle_anims/unused/unknown_4.bin.lz 
tools/gbagfx/gbagfx.exe graphics/battle_anims/unused/water_splash.bin build/assets/graphics/battle_anims/unused/water_splash.bin.lz 
tools/gbagfx/gbagfx.exe graphics/battle_anims/unused/water_splash.png build/assets/graphics/battle_anims/unused/water_splash.png.8bpp 
tools/gbagfx/gbagfx.exe graphics/battle_anims/unused/water_splash.png build/assets/graphics/battle_anims/unused/water_splash.png.gbapal 
tools/gbagfx/gbagfx.exe graphics/battle_environment/building/anim_map.bin build/assets/graphics/battle_environment/building/anim_map.bin.lz 
tools/gbagfx/gbagfx.exe graphics/battle_environment/building/anim_tiles.png build/assets/graphics/battle_environment/building/anim_tiles.png.4bpp 
tools/gbagfx/gbagfx.exe graphics/battle_environment/building/leader.pal build/assets/graphics/battle_environment/building/leader.pal.gbapal 
tools/gbagfx/gbagfx.exe graphics/battle_environment/building/gym.pal build/assets/graphics/battle_environment/building/gym.pal.gbapal 
tools/gbagfx/gbagfx.exe graphics/battle_environment/building/map.bin build/assets/graphics/battle_environment/building/map.bin.lz 
tools/gbagfx/gbagfx.exe graphics/battle_environment/building/palette.pal build/assets/graphics/battle_environment/building/palette.pal.gbapal 
tools/gbagfx/gbagfx.exe graphics/battle_environment/building/tiles.png build/assets/graphics/battle_environment/building/tiles.png.4bpp 
tools/gbagfx/gbagfx.exe graphics/battle_environment/cave/anim_map.bin build/assets/graphics/battle_environment/cave/anim_map.bin.lz 
tools/gbagfx/gbagfx.exe graphics/battle_environment/cave/anim_tiles.png build/assets/graphics/battle_environment/cave/anim_tiles.png.4bpp 
tools/gbagfx/gbagfx.exe graphics/battle_environment/cave/groudon.pal build/assets/graphics/battle_environment/cave/groudon.pal.gbapal 
tools/gbagfx/gbagfx.exe graphics/battle_environment/cave/map.bin build/assets/graphics/battle_environment/cave/map.bin.lz 
tools/gbagfx/gbagfx.exe graphics/battle_environment/cave/palette.pal build/assets/graphics/battle_environment/cave/palette.pal.gbapal 
tools/gbagfx/gbagfx.exe graphics/battle_environment/cave/tiles.png build/assets/graphics/battle_environment/cave/tiles.png.4bpp 
tools/gbagfx/gbagfx.exe graphics/battle_environment/long_grass/anim_tiles.png build/assets/graphics/battle_environment/long_grass/anim_tiles.png.4bpp 
tools/gbagfx/gbagfx.exe graphics/battle_environment/long_grass/anim_map.bin build/assets/graphics/battle_environment/long_grass/anim_map.bin.lz 
tools/gbagfx/gbagfx.exe graphics/battle_environment/pond_water/tiles.png build/assets/graphics/battle_environment/pond_water/tiles.png.4bpp 
tools/gbagfx/gbagfx.exe graphics/battle_environment/rock/anim_map.bin build/assets/graphics/battle_environment/rock/anim_map.bin.lz 
tools/gbagfx/gbagfx.exe graphics/battle_environment/pond_water/map.bin build/assets/graphics/battle_environment/pond_water/map.bin.lz 
tools/gbagfx/gbagfx.exe graphics/battle_environment/pond_water/anim_tiles.png build/assets/graphics/battle_environment/pond_water/anim_tiles.png.4bpp 
tools/gbagfx/gbagfx.exe graphics/battle_environment/pond_water/palette.pal build/assets/graphics/battle_environment/pond_water/palette.pal.gbapal 
tools/gbagfx/gbagfx.exe graphics/battle_environment/pond_water/anim_map.bin build/assets/graphics/battle_environment/pond_water/anim_map.bin.lz 
tools/gbagfx/gbagfx.exe graphics/battle_environment/plain/palette.pal build/assets/graphics/battle_environment/plain/palette.pal.gbapal 
tools/gbagfx/gbagfx.exe graphics/battle_environment/long_grass/tiles.png build/assets/graphics/battle_environment/long_grass/tiles.png.4bpp 
tools/gbagfx/gbagfx.exe graphics/battle_environment/long_grass/palette.pal build/assets/graphics/battle_environment/long_grass/palette.pal.gbapal 
tools/gbagfx/gbagfx.exe graphics/battle_environment/long_grass/map.bin build/assets/graphics/battle_environment/long_grass/map.bin.lz 
tools/gbagfx/gbagfx.exe graphics/battle_environment/rock/anim_tiles.png build/assets/graphics/battle_environment/rock/anim_tiles.png.4bpp 
tools/gbagfx/gbagfx.exe graphics/battle_environment/rock/map.bin build/assets/graphics/battle_environment/rock/map.bin.lz 
tools/gbagfx/gbagfx.exe graphics/battle_environment/rock/palette.pal build/assets/graphics/battle_environment/rock/palette.pal.gbapal 
tools/gbagfx/gbagfx.exe graphics/battle_environment/rock/tiles.png build/assets/graphics/battle_environment/rock/tiles.png.4bpp 
tools/gbagfx/gbagfx.exe graphics/battle_environment/sand/anim_map.bin build/assets/graphics/battle_environment/sand/anim_map.bin.lz 
tools/gbagfx/gbagfx.exe graphics/battle_environment/sand/anim_tiles.png build/assets/graphics/battle_environment/sand/anim_tiles.png.4bpp 
tools/gbagfx/gbagfx.exe graphics/battle_environment/sand/map.bin build/assets/graphics/battle_environment/sand/map.bin.lz 
tools/gbagfx/gbagfx.exe graphics/battle_environment/sand/palette.pal build/assets/graphics/battle_environment/sand/palette.pal.gbapal 
tools/gbagfx/gbagfx.exe graphics/battle_environment/sand/tiles.png build/assets/graphics/battle_environment/sand/tiles.png.4bpp 
tools/gbagfx/gbagfx.exe graphics/battle_environment/sky/anim_map.bin build/assets/graphics/battle_environment/sky/anim_map.bin.lz 
tools/gbagfx/gbagfx.exe graphics/battle_environment/sky/anim_tiles.png build/assets/graphics/battle_environment/sky/anim_tiles.png.4bpp 
tools/gbagfx/gbagfx.exe graphics/battle_environment/sky/map.bin build/assets/graphics/battle_environment/sky/map.bin.lz 
tools/gbagfx/gbagfx.exe graphics/battle_environment/sky/palette.pal build/assets/graphics/battle_environment/sky/palette.pal.gbapal 
tools/gbagfx/gbagfx.exe graphics/battle_environment/sky/tiles.png build/assets/graphics/battle_environment/sky/tiles.png.4bpp 
tools/gbagfx/gbagfx.exe graphics/battle_environment/stadium/aqua.pal build/assets/graphics/battle_environment/stadium/aqua.pal.gbapal 
tools/gbagfx/gbagfx.exe graphics/battle_environment/stadium/battle_frontier.pal build/assets/graphics/battle_environment/stadium/battle_frontier.pal.gbapal 
tools/gbagfx/gbagfx.exe graphics/battle_environment/stadium/drake.pal build/assets/graphics/battle_environment/stadium/drake.pal.gbapal 
tools/gbagfx/gbagfx.exe graphics/battle_environment/stadium/phoebe.pal build/assets/graphics/battle_environment/stadium/phoebe.pal.gbapal 
tools/gbagfx/gbagfx.exe graphics/battle_environment/stadium/glacia.pal build/assets/graphics/battle_environment/stadium/glacia.pal.gbapal 
tools/gbagfx/gbagfx.exe graphics/battle_environment/underwater/map.bin build/assets/graphics/battle_environment/underwater/map.bin.lz 
tools/gbagfx/gbagfx.exe graphics/battle_environment/stadium/magma.pal build/assets/graphics/battle_environment/stadium/magma.pal.gbapal 
tools/gbagfx/gbagfx.exe graphics/battle_environment/stadium/map.bin build/assets/graphics/battle_environment/stadium/map.bin.lz 
tools/gbagfx/gbagfx.exe graphics/battle_environment/underwater/anim_tiles.png build/assets/graphics/battle_environment/underwater/anim_tiles.png.4bpp 
tools/gbagfx/gbagfx.exe graphics/battle_environment/underwater/anim_map.bin build/assets/graphics/battle_environment/underwater/anim_map.bin.lz 
tools/gbagfx/gbagfx.exe graphics/battle_environment/tall_grass/tiles.png build/assets/graphics/battle_environment/tall_grass/tiles.png.4bpp 
tools/gbagfx/gbagfx.exe graphics/battle_environment/tall_grass/palette.pal build/assets/graphics/battle_environment/tall_grass/palette.pal.gbapal 
tools/gbagfx/gbagfx.exe graphics/battle_environment/tall_grass/map.bin build/assets/graphics/battle_environment/tall_grass/map.bin.lz 
tools/gbagfx/gbagfx.exe graphics/battle_environment/tall_grass/anim_tiles.png build/assets/graphics/battle_environment/tall_grass/anim_tiles.png.4bpp 
tools/gbagfx/gbagfx.exe graphics/battle_environment/tall_grass/anim_map.bin build/assets/graphics/battle_environment/tall_grass/anim_map.bin.lz 
tools/gbagfx/gbagfx.exe graphics/battle_environment/stadium/wallace.pal build/assets/graphics/battle_environment/stadium/wallace.pal.gbapal 
tools/gbagfx/gbagfx.exe graphics/battle_environment/stadium/tiles.png build/assets/graphics/battle_environment/stadium/tiles.png.4bpp 
tools/gbagfx/gbagfx.exe graphics/battle_environment/stadium/sidney.pal build/assets/graphics/battle_environment/stadium/sidney.pal.gbapal 
tools/gbagfx/gbagfx.exe graphics/battle_environment/underwater/palette.pal build/assets/graphics/battle_environment/underwater/palette.pal.gbapal 
tools/gbagfx/gbagfx.exe graphics/battle_environment/water/anim_map.bin build/assets/graphics/battle_environment/water/anim_map.bin.lz 
tools/gbagfx/gbagfx.exe graphics/battle_environment/underwater/tiles.png build/assets/graphics/battle_environment/underwater/tiles.png.4bpp 
tools/gbagfx/gbagfx.exe graphics/battle_environment/water/anim_tiles.png build/assets/graphics/battle_environment/water/anim_tiles.png.4bpp 
tools/gbagfx/gbagfx.exe graphics/battle_environment/water/kyogre.pal build/assets/graphics/battle_environment/water/kyogre.pal.gbapal 
tools/gbagfx/gbagfx.exe graphics/battle_environment/water/map.bin build/assets/graphics/battle_environment/water/map.bin.lz 
tools/gbagfx/gbagfx.exe graphics/battle_environment/water/palette.pal build/assets/graphics/battle_environment/water/palette.pal.gbapal 
tools/gbagfx/gbagfx.exe graphics/battle_frontier/arena_judgment_symbols.png build/assets/graphics/battle_frontier/arena_judgment_symbols.png.4bpp 
tools/gbagfx/gbagfx.exe graphics/battle_environment/water/tiles.png build/assets/graphics/battle_environment/water/tiles.png.4bpp 
tools/gbagfx/gbagfx.exe graphics/battle_frontier/arena_judgment_symbols.png build/assets/graphics/battle_frontier/arena_judgment_symbols.png.gbapal 
tools/gbagfx/gbagfx.exe graphics/battle_frontier/dome_anim1.pal build/assets/graphics/battle_frontier/dome_anim1.pal.gbapal 
tools/gbagfx/gbagfx.exe graphics/battle_frontier/dome_anim2.pal build/assets/graphics/battle_frontier/dome_anim2.pal.gbapal 
tools/gbagfx/gbagfx.exe graphics/battle_frontier/dome_anim4.pal build/assets/graphics/battle_frontier/dome_anim4.pal.gbapal 
tools/gbagfx/gbagfx.exe graphics/battle_frontier/factory_screen/menu.png build/assets/graphics/battle_frontier/factory_screen/menu.png.gbapal 
tools/gbagfx/gbagfx.exe graphics/battle_frontier/dome_anim3.pal build/assets/graphics/battle_frontier/dome_anim3.pal.gbapal 
tools/gbagfx/gbagfx.exe graphics/battle_frontier/factory_screen/menu.png build/assets/graphics/battle_frontier/factory_screen/menu.png.4bpp 
tools/gbagfx/gbagfx.exe graphics/battle_frontier/multi_battle_intro_bg_opponent.bin build/assets/graphics/battle_frontier/multi_battle_intro_bg_opponent.bin.lz 
tools/gbagfx/gbagfx.exe graphics/battle_frontier/multi_battle_intro_bg_player.bin build/assets/graphics/battle_frontier/multi_battle_intro_bg_player.bin.lz 
tools/gbagfx/gbagfx.exe graphics/battle_frontier/pyramid_floor.pal build/assets/graphics/battle_frontier/pyramid_floor.pal.gbapal 
tools/gbagfx/gbagfx.exe graphics/battle_frontier/tourney_buttons.pal build/assets/graphics/battle_frontier/tourney_buttons.pal.gbapal 
tools/gbagfx/gbagfx.exe graphics/battle_frontier/tourney_buttons.png build/assets/graphics/battle_frontier/tourney_buttons.png.4bpp 
tools/gbagfx/gbagfx.exe graphics/battle_frontier/tourney_info_card.png build/assets/graphics/battle_frontier/tourney_info_card.png.4bpp 
tools/gbagfx/gbagfx.exe graphics/battle_frontier/tourney_info_card_bg.bin build/assets/graphics/battle_frontier/tourney_info_card_bg.bin.lz 
tools/gbagfx/gbagfx.exe graphics/battle_frontier/tourney_info_card_tilemap.bin build/assets/graphics/battle_frontier/tourney_info_card_tilemap.bin.lz 
tools/gbagfx/gbagfx.exe graphics/battle_frontier/tourney_line.png build/assets/graphics/battle_frontier/tourney_line.png.4bpp 
tools/gbagfx/gbagfx.exe graphics/battle_frontier/tourney_line_up_map.bin build/assets/graphics/battle_frontier/tourney_line_up_map.bin.lz 
tools/gbagfx/gbagfx.exe graphics/battle_frontier/tourney_line_down_map.bin build/assets/graphics/battle_frontier/tourney_line_down_map.bin.lz 
tools/gbagfx/gbagfx.exe graphics/battle_frontier/tourney_match_card_bg.pal build/assets/graphics/battle_frontier/tourney_match_card_bg.pal.gbapal 
tools/gbagfx/gbagfx.exe graphics/battle_frontier/tourney_tree.bin build/assets/graphics/battle_frontier/tourney_tree.bin.lz 
tools/gbagfx/gbagfx.exe graphics/battle_frontier/tourney_tree.png build/assets/graphics/battle_frontier/tourney_tree.png.gbapal 
tools/gbagfx/gbagfx.exe graphics/battle_frontier/tourney_tree.png build/assets/graphics/battle_frontier/tourney_tree.png.4bpp 
tools/gbagfx/gbagfx.exe graphics/battle_interface/ball_display.png build/assets/graphics/battle_interface/ball_display.png.gbapal 
tools/gbagfx/gbagfx.exe graphics/battle_interface/hpbar_anim_unused.png graphics/battle_interface/hpbar_anim_unused.4bpp
tools/gbagfx/gbagfx.exe graphics/battle_interface/ball_status_bar.png build/assets/graphics/battle_interface/ball_status_bar.png.4bpp 
tools/gbagfx/gbagfx.exe graphics/battle_interface/numbers1.png graphics/battle_interface/numbers1.4bpp
tools/gbagfx/gbagfx.exe graphics/battle_interface/numbers2.png graphics/battle_interface/numbers2.4bpp
tools/gbagfx/gbagfx.exe graphics/battle_interface/ball_status_bar.png build/assets/graphics/battle_interface/ball_status_bar.png.gbapal 
tools/gbagfx/gbagfx.exe graphics/battle_interface/enemy_mon_shadow.png build/assets/graphics/battle_interface/enemy_mon_shadow.png.4bpp 
tools/gbagfx/gbagfx.exe graphics/battle_interface/healthbox_doubles_opponent.png build/assets/graphics/battle_interface/healthbox_doubles_opponent.png_mwidth_8__mheight_4.4bpp -mwidth 8 -mheight 4
tools/gbagfx/gbagfx.exe graphics/battle_interface/healthbox_doubles_player.png build/assets/graphics/battle_interface/healthbox_doubles_player.png_mwidth_8__mheight_4.4bpp -mwidth 8 -mheight 4
tools/gbagfx/gbagfx.exe graphics/battle_interface/healthbox_safari.png build/assets/graphics/battle_interface/healthbox_safari.png_mwidth_8__mheight_8.4bpp -mwidth 8 -mheight 8
tools/gbagfx/gbagfx.exe graphics/battle_interface/healthbox_singles_opponent.png build/assets/graphics/battle_interface/healthbox_singles_opponent.png_mwidth_8__mheight_4.4bpp -mwidth 8 -mheight 4
tools/gbagfx/gbagfx.exe graphics/battle_interface/healthbox_singles_player.png build/assets/graphics/battle_interface/healthbox_singles_player.png_mwidth_8__mheight_8.4bpp -mwidth 8 -mheight 8
tools/gbagfx/gbagfx.exe graphics/battle_interface/hpbar_unused.png build/assets/graphics/battle_interface/hpbar_unused.png.4bpp 
tools/gbagfx/gbagfx.exe graphics/battle_interface/text.pal build/assets/graphics/battle_interface/text.pal.gbapal 
tools/gbagfx/gbagfx.exe graphics/battle_interface/textbox_0.pal graphics/battle_interface/textbox_0.gbapal
tools/gbagfx/gbagfx.exe graphics/battle_interface/textbox_1.pal graphics/battle_interface/textbox_1.gbapal
tools/gbagfx/gbagfx.exe graphics/battle_interface/text_pp.pal build/assets/graphics/battle_interface/text_pp.pal.gbapal 
tools/gbagfx/gbagfx.exe graphics/battle_interface/textbox.png build/assets/graphics/battle_interface/textbox.png.4bpp 
tools/gbagfx/gbagfx.exe graphics/battle_interface/textbox_map.bin build/assets/graphics/battle_interface/textbox_map.bin.lz 
tools/gbagfx/gbagfx.exe graphics/battle_interface/unused_window.png build/assets/graphics/battle_interface/unused_window.png.4bpp 
tools/gbagfx/gbagfx.exe graphics/battle_interface/unused_window.png build/assets/graphics/battle_interface/unused_window.png.gbapal 
tools/gbagfx/gbagfx.exe graphics/battle_interface/unused_window2.png build/assets/graphics/battle_interface/unused_window2.png.4bpp 
tools/gbagfx/gbagfx.exe graphics/battle_interface/unused_window2bar.png build/assets/graphics/battle_interface/unused_window2bar.png_num_tiles_5__Wnum_tiles.4bpp -num_tiles 5 -Wnum_tiles
tools/gbagfx/gbagfx.exe graphics/battle_interface/unused_window3.png build/assets/graphics/battle_interface/unused_window3.png.4bpp 
tools/gbagfx/gbagfx.exe graphics/battle_interface/unused_window4.png build/assets/graphics/battle_interface/unused_window4.png.4bpp 
tools/gbagfx/gbagfx.exe graphics/battle_transitions/vs.png build/assets/graphics/battle_transitions/vs.png.4bpp 
tools/gbagfx/gbagfx.exe graphics/battle_transitions/vs_frame.bin build/assets/graphics/battle_transitions/vs_frame.bin.lz 
tools/gbagfx/gbagfx.exe graphics/battle_transitions/vs_frame.png build/assets/graphics/battle_transitions/vs_frame.png.gbapal 
tools/gbagfx/gbagfx.exe graphics/battle_transitions/vs_frame.png build/assets/graphics/battle_transitions/vs_frame.png_num_tiles_16__Wnum_tiles.4bpp -num_tiles 16 -Wnum_tiles
tools/gbagfx/gbagfx.exe graphics/berries/aguav.png build/assets/graphics/berries/aguav.png.4bpp 
tools/gbagfx/gbagfx.exe graphics/berries/aguav.png build/assets/graphics/berries/aguav.png.gbapal 
tools/gbagfx/gbagfx.exe graphics/berries/apicot.png build/assets/graphics/berries/apicot.png.4bpp 
tools/gbagfx/gbagfx.exe graphics/berries/aspear.png build/assets/graphics/berries/aspear.png.4bpp 
tools/gbagfx/gbagfx.exe graphics/berries/aspear.png build/assets/graphics/berries/aspear.png.gbapal 
tools/gbagfx/gbagfx.exe graphics/berries/apicot.png build/assets/graphics/berries/apicot.png.gbapal 
tools/gbagfx/gbagfx.exe graphics/berries/belue.png build/assets/graphics/berries/belue.png.4bpp 
tools/gbagfx/gbagfx.exe graphics/berries/bluk.png build/assets/graphics/berries/bluk.png.4bpp 
tools/gbagfx/gbagfx.exe graphics/berries/belue.png build/assets/graphics/berries/belue.png.gbapal 
tools/gbagfx/gbagfx.exe graphics/berries/bluk.png build/assets/graphics/berries/bluk.png.gbapal 
tools/gbagfx/gbagfx.exe graphics/berries/cheri.png build/assets/graphics/berries/cheri.png.4bpp 
tools/gbagfx/gbagfx.exe graphics/berries/cheri.png build/assets/graphics/berries/cheri.png.gbapal 
tools/gbagfx/gbagfx.exe graphics/berries/chesto.png build/assets/graphics/berries/chesto.png.gbapal 
tools/gbagfx/gbagfx.exe graphics/berries/chesto.png build/assets/graphics/berries/chesto.png.4bpp 
tools/gbagfx/gbagfx.exe graphics/berries/cornn.png build/assets/graphics/berries/cornn.png.4bpp 
tools/gbagfx/gbagfx.exe graphics/berries/cornn.png build/assets/graphics/berries/cornn.png.gbapal 
tools/gbagfx/gbagfx.exe graphics/berries/durin.png build/assets/graphics/berries/durin.png.4bpp 
tools/gbagfx/gbagfx.exe graphics/berries/durin.png build/assets/graphics/berries/durin.png.gbapal 
tools/gbagfx/gbagfx.exe graphics/berries/enigma.png build/assets/graphics/berries/enigma.png.gbapal 
tools/gbagfx/gbagfx.exe graphics/berries/enigma.png build/assets/graphics/berries/enigma.png.4bpp 
tools/gbagfx/gbagfx.exe graphics/berries/figy.png build/assets/graphics/berries/figy.png.4bpp 
tools/gbagfx/gbagfx.exe graphics/berries/figy.png build/assets/graphics/berries/figy.png.gbapal 
tools/gbagfx/gbagfx.exe graphics/berries/ganlon.png build/assets/graphics/berries/ganlon.png.gbapal 
tools/gbagfx/gbagfx.exe graphics/berries/grepa.png build/assets/graphics/berries/grepa.png.4bpp 
tools/gbagfx/gbagfx.exe graphics/berries/ganlon.png build/assets/graphics/berries/ganlon.png.4bpp 
tools/gbagfx/gbagfx.exe graphics/berries/grepa.png build/assets/graphics/berries/grepa.png.gbapal 
tools/gbagfx/gbagfx.exe graphics/berries/hondew.png build/assets/graphics/berries/hondew.png.4bpp 
tools/gbagfx/gbagfx.exe graphics/berries/hondew.png build/assets/graphics/berries/hondew.png.gbapal 
tools/gbagfx/gbagfx.exe graphics/berries/iapapa.png build/assets/graphics/berries/iapapa.png.4bpp 
tools/gbagfx/gbagfx.exe graphics/berries/iapapa.png build/assets/graphics/berries/iapapa.png.gbapal 
tools/gbagfx/gbagfx.exe graphics/berries/kelpsy.png build/assets/graphics/berries/kelpsy.png.4bpp 
tools/gbagfx/gbagfx.exe graphics/berries/kelpsy.png build/assets/graphics/berries/kelpsy.png.gbapal 
tools/gbagfx/gbagfx.exe graphics/berries/lansat.png build/assets/graphics/berries/lansat.png.4bpp 
tools/gbagfx/gbagfx.exe graphics/berries/lansat.png build/assets/graphics/berries/lansat.png.gbapal 
tools/gbagfx/gbagfx.exe graphics/berries/leppa.png build/assets/graphics/berries/leppa.png.gbapal 
tools/gbagfx/gbagfx.exe graphics/berries/leppa.png build/assets/graphics/berries/leppa.png.4bpp 
tools/gbagfx/gbagfx.exe graphics/berries/liechi.png build/assets/graphics/berries/liechi.png.gbapal 
tools/gbagfx/gbagfx.exe graphics/berries/liechi.png build/assets/graphics/berries/liechi.png.4bpp 
tools/gbagfx/gbagfx.exe graphics/berries/lum.png build/assets/graphics/berries/lum.png.4bpp 
tools/gbagfx/gbagfx.exe graphics/berries/lum.png build/assets/graphics/berries/lum.png.gbapal 
tools/gbagfx/gbagfx.exe graphics/berries/mago.png build/assets/graphics/berries/mago.png.4bpp 
tools/gbagfx/gbagfx.exe graphics/berries/mago.png build/assets/graphics/berries/mago.png.gbapal 
tools/gbagfx/gbagfx.exe graphics/berries/magost.png build/assets/graphics/berries/magost.png.4bpp 
tools/gbagfx/gbagfx.exe graphics/berries/magost.png build/assets/graphics/berries/magost.png.gbapal 
tools/gbagfx/gbagfx.exe graphics/berries/nanab.png build/assets/graphics/berries/nanab.png.gbapal 
tools/gbagfx/gbagfx.exe graphics/berries/nanab.png build/assets/graphics/berries/nanab.png.4bpp 
tools/gbagfx/gbagfx.exe graphics/berries/nomel.png build/assets/graphics/berries/nomel.png.4bpp 
tools/gbagfx/gbagfx.exe graphics/berries/nomel.png build/assets/graphics/berries/nomel.png.gbapal 
tools/gbagfx/gbagfx.exe graphics/berries/oran.png build/assets/graphics/berries/oran.png.4bpp 
tools/gbagfx/gbagfx.exe graphics/berries/oran.png build/assets/graphics/berries/oran.png.gbapal 
tools/gbagfx/gbagfx.exe graphics/berries/pamtre.png build/assets/graphics/berries/pamtre.png.4bpp 
tools/gbagfx/gbagfx.exe graphics/berries/pamtre.png build/assets/graphics/berries/pamtre.png.gbapal 
tools/gbagfx/gbagfx.exe graphics/berries/pecha.png build/assets/graphics/berries/pecha.png.4bpp 
tools/gbagfx/gbagfx.exe graphics/berries/pecha.png build/assets/graphics/berries/pecha.png.gbapal 
tools/gbagfx/gbagfx.exe graphics/berries/persim.png build/assets/graphics/berries/persim.png.4bpp 
tools/gbagfx/gbagfx.exe graphics/berries/persim.png build/assets/graphics/berries/persim.png.gbapal 
tools/gbagfx/gbagfx.exe graphics/berries/petaya.png build/assets/graphics/berries/petaya.png.4bpp 
tools/gbagfx/gbagfx.exe graphics/berries/petaya.png build/assets/graphics/berries/petaya.png.gbapal 
tools/gbagfx/gbagfx.exe graphics/berries/pinap.png build/assets/graphics/berries/pinap.png.4bpp 
tools/gbagfx/gbagfx.exe graphics/berries/pinap.png build/assets/graphics/berries/pinap.png.gbapal 
tools/gbagfx/gbagfx.exe graphics/berries/pomeg.png build/assets/graphics/berries/pomeg.png.gbapal 
tools/gbagfx/gbagfx.exe graphics/berries/pomeg.png build/assets/graphics/berries/pomeg.png.4bpp 
tools/gbagfx/gbagfx.exe graphics/berries/qualot.png build/assets/graphics/berries/qualot.png.4bpp 
tools/gbagfx/gbagfx.exe graphics/berries/rabuta.png build/assets/graphics/berries/rabuta.png.4bpp 
tools/gbagfx/gbagfx.exe graphics/berries/qualot.png build/assets/graphics/berries/qualot.png.gbapal 
tools/gbagfx/gbagfx.exe graphics/berries/rabuta.png build/assets/graphics/berries/rabuta.png.gbapal 
tools/gbagfx/gbagfx.exe graphics/berries/rawst.png build/assets/graphics/berries/rawst.png.4bpp 
tools/gbagfx/gbagfx.exe graphics/berries/rawst.png build/assets/graphics/berries/rawst.png.gbapal 
tools/gbagfx/gbagfx.exe graphics/berries/razz.png build/assets/graphics/berries/razz.png.4bpp 
tools/gbagfx/gbagfx.exe graphics/berries/razz.png build/assets/graphics/berries/razz.png.gbapal 
tools/gbagfx/gbagfx.exe graphics/berries/salac.png build/assets/graphics/berries/salac.png.4bpp 
tools/gbagfx/gbagfx.exe graphics/berries/salac.png build/assets/graphics/berries/salac.png.gbapal 
tools/gbagfx/gbagfx.exe graphics/berries/sitrus.png build/assets/graphics/berries/sitrus.png.4bpp 
tools/gbagfx/gbagfx.exe graphics/berries/sitrus.png build/assets/graphics/berries/sitrus.png.gbapal 
tools/gbagfx/gbagfx.exe graphics/berries/spelon.png build/assets/graphics/berries/spelon.png.4bpp 
tools/gbagfx/gbagfx.exe graphics/berries/spelon.png build/assets/graphics/berries/spelon.png.gbapal 
tools/gbagfx/gbagfx.exe graphics/berries/starf.png build/assets/graphics/berries/starf.png.4bpp 
tools/gbagfx/gbagfx.exe graphics/berries/starf.png build/assets/graphics/berries/starf.png.gbapal 
tools/gbagfx/gbagfx.exe graphics/berries/tamato.png build/assets/graphics/berries/tamato.png.4bpp 
tools/gbagfx/gbagfx.exe graphics/berries/tamato.png build/assets/graphics/berries/tamato.png.gbapal 
tools/gbagfx/gbagfx.exe graphics/berries/watmel.png build/assets/graphics/berries/watmel.png.4bpp 
tools/gbagfx/gbagfx.exe graphics/berries/watmel.png build/assets/graphics/berries/watmel.png.gbapal 
tools/gbagfx/gbagfx.exe graphics/berries/wepear.png build/assets/graphics/berries/wepear.png.4bpp 
tools/gbagfx/gbagfx.exe graphics/berries/wiki.png build/assets/graphics/berries/wiki.png.4bpp 
tools/gbagfx/gbagfx.exe graphics/berries/wepear.png build/assets/graphics/berries/wepear.png.gbapal 
tools/gbagfx/gbagfx.exe graphics/berries/wiki.png build/assets/graphics/berries/wiki.png.gbapal 
tools/gbagfx/gbagfx.exe graphics/berry_blender/arrow.png build/assets/graphics/berry_blender/arrow.png.4bpp 
tools/gbagfx/gbagfx.exe graphics/berry_blender/arrow_old.png build/assets/graphics/berry_blender/arrow_old.png.4bpp 
tools/gbagfx/gbagfx.exe graphics/berry_blender/arrow.png build/assets/graphics/berry_blender/arrow.png.gbapal 
tools/gbagfx/gbagfx.exe graphics/berry_blender/center.png build/assets/graphics/berry_blender/center.png.8bpp 
tools/gbagfx/gbagfx.exe graphics/berry_blender/countdown_numbers.png build/assets/graphics/berry_blender/countdown_numbers.png.4bpp 
tools/gbagfx/gbagfx.exe graphics/berry_blender/misc.pal build/assets/graphics/berry_blender/misc.pal.gbapal 
tools/gbagfx/gbagfx.exe graphics/berry_blender/outer.png build/assets/graphics/berry_blender/outer.png.4bpp 
tools/gbagfx/gbagfx.exe graphics/berry_blender/outer_map.bin build/assets/graphics/berry_blender/outer_map.bin.lz 
tools/gbagfx/gbagfx.exe graphics/berry_blender/particles.png build/assets/graphics/berry_blender/particles.png.4bpp 
tools/gbagfx/gbagfx.exe graphics/berry_blender/score_symbols.png build/assets/graphics/berry_blender/score_symbols.png.4bpp 
tools/gbagfx/gbagfx.exe graphics/berry_blender/start.png build/assets/graphics/berry_blender/start.png.4bpp 
tools/gbagfx/gbagfx.exe graphics/berry_crush/crusher.png build/assets/graphics/berry_crush/crusher.png.gbapal 
tools/gbagfx/gbagfx.exe graphics/berry_crush/crusher.png build/assets/graphics/berry_crush/crusher.png.4bpp 
tools/gbagfx/gbagfx.exe graphics/berry_fix/gba_connect.bin build/assets/graphics/berry_fix/gba_connect.bin.lz 
tools/gbagfx/gbagfx.exe graphics/berry_crush/text_windows.bin build/assets/graphics/berry_crush/text_windows.bin.lz 
tools/gbagfx/gbagfx.exe graphics/berry_fix/gba_connect.png build/assets/graphics/berry_fix/gba_connect.png.4bpp 
tools/gbagfx/gbagfx.exe graphics/berry_fix/gba_connect.png build/assets/graphics/berry_fix/gba_connect.png.gbapal 
tools/gbagfx/gbagfx.exe graphics/berry_fix/gba_transfer.bin build/assets/graphics/berry_fix/gba_transfer.bin.lz 
tools/gbagfx/gbagfx.exe graphics/berry_fix/gba_transfer.png build/assets/graphics/berry_fix/gba_transfer.png.4bpp 
tools/gbagfx/gbagfx.exe graphics/berry_fix/gba_transfer.png build/assets/graphics/berry_fix/gba_transfer.png.gbapal 
tools/gbagfx/gbagfx.exe graphics/berry_fix/gba_transfer_error.bin build/assets/graphics/berry_fix/gba_transfer_error.bin.lz 
tools/gbagfx/gbagfx.exe graphics/berry_fix/gba_transfer_error.png build/assets/graphics/berry_fix/gba_transfer_error.png.4bpp 
tools/gbagfx/gbagfx.exe graphics/berry_fix/gba_transfer_highlight.bin build/assets/graphics/berry_fix/gba_transfer_highlight.bin.lz 
tools/gbagfx/gbagfx.exe graphics/berry_fix/gba_transfer_error.png build/assets/graphics/berry_fix/gba_transfer_error.png.gbapal 
tools/gbagfx/gbagfx.exe graphics/berry_fix/gba_transfer_highlight.png build/assets/graphics/berry_fix/gba_transfer_highlight.png.4bpp 
tools/gbagfx/gbagfx.exe graphics/berry_fix/gba_transfer_highlight.png build/assets/graphics/berry_fix/gba_transfer_highlight.png.gbapal 
tools/gbagfx/gbagfx.exe graphics/berry_fix/logo.bin build/assets/graphics/berry_fix/logo.bin.lz 
tools/gbagfx/gbagfx.exe graphics/berry_fix/logo.png build/assets/graphics/berry_fix/logo.png.4bpp 
tools/gbagfx/gbagfx.exe graphics/berry_fix/logo.png build/assets/graphics/berry_fix/logo.png.gbapal 
tools/gbagfx/gbagfx.exe graphics/berry_fix/window.bin build/assets/graphics/berry_fix/window.bin.lz 
tools/gbagfx/gbagfx.exe graphics/berry_fix/window.png build/assets/graphics/berry_fix/window.png.4bpp 
tools/gbagfx/gbagfx.exe graphics/berry_fix/window.png build/assets/graphics/berry_fix/window.png.gbapal 
tools/gbagfx/gbagfx.exe graphics/cable_car/bg.png build/assets/graphics/cable_car/bg.png.4bpp 
tools/gbagfx/gbagfx.exe graphics/cable_car/bg.png build/assets/graphics/cable_car/bg.png.gbapal 
tools/gbagfx/gbagfx.exe graphics/cable_car/cable.png build/assets/graphics/cable_car/cable.png.4bpp 
tools/gbagfx/gbagfx.exe graphics/cable_car/cable_car.png build/assets/graphics/cable_car/cable_car.png.4bpp 
tools/gbagfx/gbagfx.exe graphics/cable_car/cable_car.png build/assets/graphics/cable_car/cable_car.png.gbapal 
tools/gbagfx/gbagfx.exe graphics/cable_car/door.png build/assets/graphics/cable_car/door.png.4bpp 
tools/gbagfx/gbagfx.exe graphics/contest/applause.png build/assets/graphics/contest/applause.png.4bpp 
tools/gbagfx/gbagfx.exe graphics/contest/applause_meter.png build/assets/graphics/contest/applause_meter.png.4bpp 
tools/gbagfx/gbagfx.exe graphics/contest/audience.bin build/assets/graphics/contest/audience.bin.lz 
tools/gbagfx/gbagfx.exe graphics/contest/audience.png build/assets/graphics/contest/audience.png.4bpp 
tools/gbagfx/gbagfx.exe graphics/contest/faces.png build/assets/graphics/contest/faces.png.4bpp 
tools/gbagfx/gbagfx.exe graphics/contest/curtain.bin build/assets/graphics/contest/curtain.bin.lz 
tools/gbagfx/gbagfx.exe graphics/contest/interface.bin build/assets/graphics/contest/interface.bin.lz 
tools/gbagfx/gbagfx.exe graphics/contest/interface.png build/assets/graphics/contest/interface.png.4bpp 
tools/gbagfx/gbagfx.exe graphics/contest/interface.png build/assets/graphics/contest/interface.png.gbapal 
tools/gbagfx/gbagfx.exe graphics/contest/japanese/frame_1.png graphics/contest/japanese/frame_1.4bpp
tools/gbagfx/gbagfx.exe graphics/contest/japanese/audience.bin build/assets/graphics/contest/japanese/audience.bin.lz 
tools/gbagfx/gbagfx.exe graphics/contest/japanese/floor.png graphics/contest/japanese/floor.4bpp
tools/gbagfx/gbagfx.exe graphics/contest/japanese/bg.bin build/assets/graphics/contest/japanese/bg.bin.lz 
tools/gbagfx/gbagfx.exe graphics/contest/japanese/frame_2.png graphics/contest/japanese/frame_2.4bpp
tools/gbagfx/gbagfx.exe graphics/contest/japanese/symbols.png graphics/contest/japanese/symbols.4bpp
tools/gbagfx/gbagfx.exe graphics/contest/japanese/meter.png graphics/contest/japanese/meter.4bpp
tools/gbagfx/gbagfx.exe graphics/contest/japanese/letters.png graphics/contest/japanese/letters.4bpp
tools/gbagfx/gbagfx.exe graphics/contest/japanese/numbers.png graphics/contest/japanese/numbers.4bpp
tools/gbagfx/gbagfx.exe graphics/contest/japanese/interface.png graphics/contest/japanese/interface.4bpp
tools/gbagfx/gbagfx.exe graphics/contest/japanese/audience.png graphics/contest/japanese/audience.4bpp
tools/gbagfx/gbagfx.exe graphics/contest/japanese/palette.pal build/assets/graphics/contest/japanese/palette.pal.gbapal 
tools/gbagfx/gbagfx.exe graphics/contest/japanese/interface.bin build/assets/graphics/contest/japanese/interface.bin.lz 
tools/gbagfx/gbagfx.exe graphics/contest/japanese/voltage.png build/assets/graphics/contest/japanese/voltage.png.gbapal 
tools/gbagfx/gbagfx.exe graphics/contest/japanese/voltage.png build/assets/graphics/contest/japanese/voltage.png_num_tiles_36__Wnum_tiles.4bpp -num_tiles 36 -Wnum_tiles
tools/gbagfx/gbagfx.exe graphics/contest/japanese/windows.bin build/assets/graphics/contest/japanese/windows.bin.lz 
tools/gbagfx/gbagfx.exe graphics/contest/judge.png build/assets/graphics/contest/judge.png.4bpp 
tools/gbagfx/gbagfx.exe graphics/contest/judge_symbols.png build/assets/graphics/contest/judge_symbols.png.4bpp 
tools/gbagfx/gbagfx.exe graphics/contest/judge.png build/assets/graphics/contest/judge.png.gbapal 
tools/gbagfx/gbagfx.exe graphics/contest/judge_symbols.png build/assets/graphics/contest/judge_symbols.png.gbapal 
tools/gbagfx/gbagfx.exe graphics/contest/nextturn.png build/assets/graphics/contest/nextturn.png.4bpp 
tools/gbagfx/gbagfx.exe graphics/contest/nextturn.png build/assets/graphics/contest/nextturn.png.gbapal 
tools/gbagfx/gbagfx.exe graphics/contest/nextturn_numbers.png build/assets/graphics/contest/nextturn_numbers.png.4bpp 
tools/gbagfx/gbagfx.exe graphics/contest/nextturn_random.png build/assets/graphics/contest/nextturn_random.png.4bpp 
tools/gbagfx/gbagfx.exe graphics/contest/results_screen/interface.bin build/assets/graphics/contest/results_screen/interface.bin.lz 
tools/gbagfx/gbagfx.exe graphics/contest/results_screen/bg.bin build/assets/graphics/contest/results_screen/bg.bin.lz 
tools/gbagfx/gbagfx.exe graphics/contest/results_screen/tiles.png build/assets/graphics/contest/results_screen/tiles.png.4bpp 
tools/gbagfx/gbagfx.exe graphics/contest/results_screen/tiles.png build/assets/graphics/contest/results_screen/tiles.png.gbapal 
tools/gbagfx/gbagfx.exe graphics/contest/results_screen/winner_banner.bin build/assets/graphics/contest/results_screen/winner_banner.bin.lz 
tools/gbagfx/gbagfx.exe graphics/contest/slider_heart.png build/assets/graphics/contest/slider_heart.png.4bpp 
tools/gbagfx/gbagfx.exe graphics/decorations/attract_mat.png build/assets/graphics/decorations/attract_mat.png.4bpp 
tools/gbagfx/gbagfx.exe graphics/decorations/attract_mat.png build/assets/graphics/decorations/attract_mat.png.gbapal 
tools/gbagfx/gbagfx.exe graphics/decorations/big_plant.png build/assets/graphics/decorations/big_plant.png.4bpp 
tools/gbagfx/gbagfx.exe graphics/decorations/big_plant.png build/assets/graphics/decorations/big_plant.png.gbapal 
tools/gbagfx/gbagfx.exe graphics/decorations/blastoise_doll.png build/assets/graphics/decorations/blastoise_doll.png.4bpp 
tools/gbagfx/gbagfx.exe graphics/decorations/blastoise_doll.png build/assets/graphics/decorations/blastoise_doll.png.gbapal 
tools/gbagfx/gbagfx.exe graphics/decorations/blue_brick.png build/assets/graphics/decorations/blue_brick.png.4bpp 
tools/gbagfx/gbagfx.exe graphics/decorations/blue_brick.png build/assets/graphics/decorations/blue_brick.png.gbapal 
tools/gbagfx/gbagfx.exe graphics/decorations/blue_tent.png build/assets/graphics/decorations/blue_tent.png.4bpp 
tools/gbagfx/gbagfx.exe graphics/decorations/blue_tent.png build/assets/graphics/decorations/blue_tent.png.gbapal 
tools/gbagfx/gbagfx.exe graphics/decorations/breakable_door.png build/assets/graphics/decorations/breakable_door.png.4bpp 
tools/gbagfx/gbagfx.exe graphics/decorations/breakable_door.png build/assets/graphics/decorations/breakable_door.png.gbapal 
tools/gbagfx/gbagfx.exe graphics/decorations/brick_desk.png build/assets/graphics/decorations/brick_desk.png.4bpp 
tools/gbagfx/gbagfx.exe graphics/decorations/brick_desk.png build/assets/graphics/decorations/brick_desk.png.gbapal 
tools/gbagfx/gbagfx.exe graphics/decorations/camp_desk.png build/assets/graphics/decorations/camp_desk.png.4bpp 
tools/gbagfx/gbagfx.exe graphics/decorations/camp_desk.png build/assets/graphics/decorations/camp_desk.png.gbapal 
tools/gbagfx/gbagfx.exe graphics/decorations/charizard_doll.png build/assets/graphics/decorations/charizard_doll.png.gbapal 
tools/gbagfx/gbagfx.exe graphics/decorations/charizard_doll.png build/assets/graphics/decorations/charizard_doll.png.4bpp 
tools/gbagfx/gbagfx.exe graphics/decorations/colorful_plant.png build/assets/graphics/decorations/colorful_plant.png.4bpp 
tools/gbagfx/gbagfx.exe graphics/decorations/colorful_plant.png build/assets/graphics/decorations/colorful_plant.png.gbapal 
tools/gbagfx/gbagfx.exe graphics/decorations/comfort_desk.png build/assets/graphics/decorations/comfort_desk.png.4bpp 
tools/gbagfx/gbagfx.exe graphics/decorations/comfort_desk.png build/assets/graphics/decorations/comfort_desk.png.gbapal 
tools/gbagfx/gbagfx.exe graphics/decorations/fire_blast_mat.png build/assets/graphics/decorations/fire_blast_mat.png.4bpp 
tools/gbagfx/gbagfx.exe graphics/decorations/fire_blast_mat.png build/assets/graphics/decorations/fire_blast_mat.png.gbapal 
tools/gbagfx/gbagfx.exe graphics/decorations/fissure_mat.png build/assets/graphics/decorations/fissure_mat.png.4bpp 
tools/gbagfx/gbagfx.exe graphics/decorations/fissure_mat.png build/assets/graphics/decorations/fissure_mat.png.gbapal 
tools/gbagfx/gbagfx.exe graphics/decorations/glass_ornament.png build/assets/graphics/decorations/glass_ornament.png.4bpp 
tools/gbagfx/gbagfx.exe graphics/decorations/glass_ornament.png build/assets/graphics/decorations/glass_ornament.png.gbapal 
tools/gbagfx/gbagfx.exe graphics/decorations/gorgeous_plant.png build/assets/graphics/decorations/gorgeous_plant.png.4bpp 
tools/gbagfx/gbagfx.exe graphics/decorations/gorgeous_plant.png build/assets/graphics/decorations/gorgeous_plant.png.gbapal 
tools/gbagfx/gbagfx.exe graphics/decorations/hard_desk.png build/assets/graphics/decorations/hard_desk.png.4bpp 
tools/gbagfx/gbagfx.exe graphics/decorations/hard_desk.png build/assets/graphics/decorations/hard_desk.png.gbapal 
tools/gbagfx/gbagfx.exe graphics/decorations/heavy_desk.png build/assets/graphics/decorations/heavy_desk.png.4bpp 
tools/gbagfx/gbagfx.exe graphics/decorations/heavy_desk.png build/assets/graphics/decorations/heavy_desk.png.gbapal 
tools/gbagfx/gbagfx.exe graphics/decorations/lapras_doll.png build/assets/graphics/decorations/lapras_doll.png.4bpp 
tools/gbagfx/gbagfx.exe graphics/decorations/lapras_doll.png build/assets/graphics/decorations/lapras_doll.png.gbapal 
tools/gbagfx/gbagfx.exe graphics/decorations/powder_snow_mat.png build/assets/graphics/decorations/powder_snow_mat.png.4bpp 
tools/gbagfx/gbagfx.exe graphics/decorations/pretty_desk.png build/assets/graphics/decorations/pretty_desk.png.4bpp 
tools/gbagfx/gbagfx.exe graphics/decorations/powder_snow_mat.png build/assets/graphics/decorations/powder_snow_mat.png.gbapal 
tools/gbagfx/gbagfx.exe graphics/decorations/pretty_desk.png build/assets/graphics/decorations/pretty_desk.png.gbapal 
tools/gbagfx/gbagfx.exe graphics/decorations/pretty_flowers.png build/assets/graphics/decorations/pretty_flowers.png.4bpp 
tools/gbagfx/gbagfx.exe graphics/decorations/pretty_flowers.png build/assets/graphics/decorations/pretty_flowers.png.gbapal 
tools/gbagfx/gbagfx.exe graphics/decorations/ragged_desk.png build/assets/graphics/decorations/ragged_desk.png.4bpp 
tools/gbagfx/gbagfx.exe graphics/decorations/ragged_desk.png build/assets/graphics/decorations/ragged_desk.png.gbapal 
tools/gbagfx/gbagfx.exe graphics/decorations/red_brick.png build/assets/graphics/decorations/red_brick.png.4bpp 
tools/gbagfx/gbagfx.exe graphics/decorations/red_brick.png build/assets/graphics/decorations/red_brick.png.gbapal 
tools/gbagfx/gbagfx.exe graphics/decorations/red_plant.png build/assets/graphics/decorations/red_plant.png.4bpp 
tools/gbagfx/gbagfx.exe graphics/decorations/red_plant.png build/assets/graphics/decorations/red_plant.png.gbapal 
tools/gbagfx/gbagfx.exe graphics/decorations/red_tent.png build/assets/graphics/decorations/red_tent.png.4bpp 
tools/gbagfx/gbagfx.exe graphics/decorations/red_tent.png build/assets/graphics/decorations/red_tent.png.gbapal 
tools/gbagfx/gbagfx.exe graphics/decorations/regice_doll.png build/assets/graphics/decorations/regice_doll.png.4bpp 
tools/gbagfx/gbagfx.exe graphics/decorations/regice_doll.png build/assets/graphics/decorations/regice_doll.png.gbapal 
tools/gbagfx/gbagfx.exe graphics/decorations/regirock_doll.png build/assets/graphics/decorations/regirock_doll.png.4bpp 
tools/gbagfx/gbagfx.exe graphics/decorations/registeel_doll.png build/assets/graphics/decorations/registeel_doll.png.4bpp 
tools/gbagfx/gbagfx.exe graphics/decorations/regirock_doll.png build/assets/graphics/decorations/regirock_doll.png.gbapal 
tools/gbagfx/gbagfx.exe graphics/decorations/registeel_doll.png build/assets/graphics/decorations/registeel_doll.png.gbapal 
tools/gbagfx/gbagfx.exe graphics/decorations/rhydon_doll.png build/assets/graphics/decorations/rhydon_doll.png.4bpp 
tools/gbagfx/gbagfx.exe graphics/decorations/rhydon_doll.png build/assets/graphics/decorations/rhydon_doll.png.gbapal 
tools/gbagfx/gbagfx.exe graphics/decorations/sand_ornament.png build/assets/graphics/decorations/sand_ornament.png.4bpp 
tools/gbagfx/gbagfx.exe graphics/decorations/sand_ornament.png build/assets/graphics/decorations/sand_ornament.png.gbapal 
tools/gbagfx/gbagfx.exe graphics/decorations/slide.png build/assets/graphics/decorations/slide.png.4bpp 
tools/gbagfx/gbagfx.exe graphics/decorations/slide.png build/assets/graphics/decorations/slide.png.gbapal 
tools/gbagfx/gbagfx.exe graphics/decorations/snorlax_doll.png build/assets/graphics/decorations/snorlax_doll.png.4bpp 
tools/gbagfx/gbagfx.exe graphics/decorations/snorlax_doll.png build/assets/graphics/decorations/snorlax_doll.png.gbapal 
tools/gbagfx/gbagfx.exe graphics/decorations/solid_board.png build/assets/graphics/decorations/solid_board.png.4bpp 
tools/gbagfx/gbagfx.exe graphics/decorations/solid_board.png build/assets/graphics/decorations/solid_board.png.gbapal 
tools/gbagfx/gbagfx.exe graphics/decorations/spikes_mat.png build/assets/graphics/decorations/spikes_mat.png.4bpp 
tools/gbagfx/gbagfx.exe graphics/decorations/spikes_mat.png build/assets/graphics/decorations/spikes_mat.png.gbapal 
tools/gbagfx/gbagfx.exe graphics/decorations/stand.png build/assets/graphics/decorations/stand.png.4bpp 
tools/gbagfx/gbagfx.exe graphics/decorations/stand.png build/assets/graphics/decorations/stand.png.gbapal 
tools/gbagfx/gbagfx.exe graphics/decorations/surf_mat.png build/assets/graphics/decorations/surf_mat.png.4bpp 
tools/gbagfx/gbagfx.exe graphics/decorations/surf_mat.png build/assets/graphics/decorations/surf_mat.png.gbapal 
tools/gbagfx/gbagfx.exe graphics/decorations/thunder_mat.png build/assets/graphics/decorations/thunder_mat.png.4bpp 
tools/gbagfx/gbagfx.exe graphics/decorations/thunder_mat.png build/assets/graphics/decorations/thunder_mat.png.gbapal 
tools/gbagfx/gbagfx.exe graphics/decorations/tire.png build/assets/graphics/decorations/tire.png.4bpp 
tools/gbagfx/gbagfx.exe graphics/decorations/tire.png build/assets/graphics/decorations/tire.png.gbapal 
tools/gbagfx/gbagfx.exe graphics/decorations/tropical_plant.png build/assets/graphics/decorations/tropical_plant.png.4bpp 
tools/gbagfx/gbagfx.exe graphics/decorations/tropical_plant.png build/assets/graphics/decorations/tropical_plant.png.gbapal 
tools/gbagfx/gbagfx.exe graphics/decorations/venusaur_doll.png build/assets/graphics/decorations/venusaur_doll.png.4bpp 
tools/gbagfx/gbagfx.exe graphics/decorations/venusaur_doll.png build/assets/graphics/decorations/venusaur_doll.png.gbapal 
tools/gbagfx/gbagfx.exe graphics/decorations/wailmer_doll.png build/assets/graphics/decorations/wailmer_doll.png.4bpp 
tools/gbagfx/gbagfx.exe graphics/decorations/wailmer_doll.png build/assets/graphics/decorations/wailmer_doll.png.gbapal 
tools/gbagfx/gbagfx.exe graphics/decorations/yellow_brick.png build/assets/graphics/decorations/yellow_brick.png.4bpp 
tools/gbagfx/gbagfx.exe graphics/decorations/yellow_brick.png build/assets/graphics/decorations/yellow_brick.png.gbapal 
tools/gbagfx/gbagfx.exe graphics/easy_chat/button_window.png build/assets/graphics/easy_chat/button_window.png.4bpp 
tools/gbagfx/gbagfx.exe graphics/easy_chat/button_window.png build/assets/graphics/easy_chat/button_window.png.gbapal 
tools/gbagfx/gbagfx.exe graphics/easy_chat/mode.png build/assets/graphics/easy_chat/mode.png.4bpp 
tools/gbagfx/gbagfx.exe graphics/easy_chat/mode.png build/assets/graphics/easy_chat/mode.png.gbapal 
tools/gbagfx/gbagfx.exe graphics/easy_chat/rectangle_cursor.png build/assets/graphics/easy_chat/rectangle_cursor.png.4bpp 
tools/gbagfx/gbagfx.exe graphics/easy_chat/rectangle_cursor.png build/assets/graphics/easy_chat/rectangle_cursor.png.gbapal 
tools/gbagfx/gbagfx.exe graphics/easy_chat/window.bin build/assets/graphics/easy_chat/window.bin.lz 
tools/gbagfx/gbagfx.exe graphics/easy_chat/window.png build/assets/graphics/easy_chat/window.png.4bpp 
tools/gbagfx/gbagfx.exe graphics/frontier_pass/bg.bin build/assets/graphics/frontier_pass/bg.bin.lz 
tools/gbagfx/gbagfx.exe graphics/frontier_pass/bg.png build/assets/graphics/frontier_pass/bg.png.4bpp 
tools/gbagfx/gbagfx.exe graphics/frontier_pass/bg.png build/assets/graphics/frontier_pass/bg.png.gbapal 
tools/gbagfx/gbagfx.exe graphics/frontier_pass/cursor.png build/assets/graphics/frontier_pass/cursor.png.gbapal 
tools/gbagfx/gbagfx.exe graphics/frontier_pass/gold.pal build/assets/graphics/frontier_pass/gold.pal.gbapal 
tools/gbagfx/gbagfx.exe graphics/frontier_pass/map_cursor.png build/assets/graphics/frontier_pass/map_cursor.png.gbapal 
tools/gbagfx/gbagfx.exe graphics/frontier_pass/map_and_card.png build/assets/graphics/frontier_pass/map_and_card.png.8bpp 
tools/gbagfx/gbagfx.exe graphics/frontier_pass/medals.png build/assets/graphics/frontier_pass/medals.png.4bpp 
tools/gbagfx/gbagfx.exe graphics/frontier_pass/silver.pal build/assets/graphics/frontier_pass/silver.pal.gbapal 
tools/gbagfx/gbagfx.exe graphics/interface/blank.png build/assets/graphics/interface/blank.png.4bpp 
tools/gbagfx/gbagfx.exe graphics/interface/menu_info.png build/assets/graphics/interface/menu_info.png.4bpp 
tools/gbagfx/gbagfx.exe graphics/interface/menu_info1.pal build/assets/graphics/interface/menu_info1.pal.gbapal 
tools/gbagfx/gbagfx.exe graphics/interface/menu_info2.pal build/assets/graphics/interface/menu_info2.pal.gbapal 
tools/gbagfx/gbagfx.exe graphics/interface/menu_info3.pal build/assets/graphics/interface/menu_info3.pal.gbapal 
tools/gbagfx/gbagfx.exe graphics/interface/mon_markings_menu.png build/assets/graphics/interface/mon_markings_menu.png.4bpp 
tools/gbagfx/gbagfx.exe graphics/interface/mon_markings_menu.png build/assets/graphics/interface/mon_markings_menu.png.gbapal 
tools/gbagfx/gbagfx.exe graphics/interface/status_icons.png build/assets/graphics/interface/status_icons.png.4bpp 
tools/gbagfx/gbagfx.exe graphics/interface/status_icons.png build/assets/graphics/interface/status_icons.png.gbapal 
tools/gbagfx/gbagfx.exe graphics/interface/swap_line.png build/assets/graphics/interface/swap_line.png.4bpp 
tools/gbagfx/gbagfx.exe graphics/interface/swap_line.png build/assets/graphics/interface/swap_line.png.gbapal 
tools/gbagfx/gbagfx.exe graphics/intro/copyright.bin build/assets/graphics/intro/copyright.bin.lz 
tools/gbagfx/gbagfx.exe graphics/intro/copyright.png build/assets/graphics/intro/copyright.png.4bpp 
tools/gbagfx/gbagfx.exe graphics/intro/copyright.png build/assets/graphics/intro/copyright.png.gbapal 
tools/gbagfx/gbagfx.exe graphics/intro/scene_1/flygon.png build/assets/graphics/intro/scene_1/flygon.png.4bpp 
tools/gbagfx/gbagfx.exe graphics/intro/scene_1/sparkle.png build/assets/graphics/intro/scene_1/sparkle.png.4bpp 
tools/gbagfx/gbagfx.exe graphics/intro/scene_1/text.pal build/assets/graphics/intro/scene_1/text.pal.gbapal 
tools/gbagfx/gbagfx.exe graphics/intro/scene_2/brendan.png build/assets/graphics/intro/scene_2/brendan.png.4bpp 
tools/gbagfx/gbagfx.exe graphics/intro/scene_2/flygon.png build/assets/graphics/intro/scene_2/flygon.png.4bpp 
tools/gbagfx/gbagfx.exe graphics/intro/scene_2/flygon.png build/assets/graphics/intro/scene_2/flygon.png.gbapal 
tools/gbagfx/gbagfx.exe graphics/intro/scene_2/manectric.png build/assets/graphics/intro/scene_2/manectric.png.4bpp 
tools/gbagfx/gbagfx.exe graphics/intro/scene_2/manectric.png build/assets/graphics/intro/scene_2/manectric.png.gbapal 
tools/gbagfx/gbagfx.exe graphics/intro/scene_2/may.png build/assets/graphics/intro/scene_2/may.png.4bpp 
tools/gbagfx/gbagfx.exe graphics/intro/scene_2/player.pal build/assets/graphics/intro/scene_2/player.pal.gbapal 
tools/gbagfx/gbagfx.exe graphics/intro/scene_2/torchic.png build/assets/graphics/intro/scene_2/torchic.png.4bpp 
tools/gbagfx/gbagfx.exe graphics/intro/scene_2/torchic.png build/assets/graphics/intro/scene_2/torchic.png.gbapal 
tools/gbagfx/gbagfx.exe graphics/intro/scene_2/volbeat.png build/assets/graphics/intro/scene_2/volbeat.png.4bpp 
tools/gbagfx/gbagfx.exe graphics/intro/scene_2/volbeat.png build/assets/graphics/intro/scene_2/volbeat.png.gbapal 
tools/gbagfx/gbagfx.exe graphics/intro/scene_3/bg.pal build/assets/graphics/intro/scene_3/bg.pal.gbapal 
tools/gbagfx/gbagfx.exe graphics/intro/scene_3/bubbles.png build/assets/graphics/intro/scene_3/bubbles.png.4bpp 
tools/gbagfx/gbagfx.exe graphics/intro/scene_3/bubbles.png build/assets/graphics/intro/scene_3/bubbles.png.gbapal 
tools/gbagfx/gbagfx.exe graphics/intro/scene_3/clouds.png build/assets/graphics/intro/scene_3/clouds.png.4bpp 
tools/gbagfx/gbagfx.exe graphics/intro/scene_3/clouds_left.bin build/assets/graphics/intro/scene_3/clouds_left.bin.lz 
tools/gbagfx/gbagfx.exe graphics/intro/scene_3/clouds_right.bin build/assets/graphics/intro/scene_3/clouds_right.bin.lz 
tools/gbagfx/gbagfx.exe graphics/intro/scene_3/clouds_sun.bin build/assets/graphics/intro/scene_3/clouds_sun.bin.lz 
tools/gbagfx/gbagfx.exe graphics/intro/scene_3/groudon.bin build/assets/graphics/intro/scene_3/groudon.bin.lz 
tools/gbagfx/gbagfx.exe graphics/intro/scene_3/groudon.png build/assets/graphics/intro/scene_3/groudon.png.8bpp 
tools/gbagfx/gbagfx.exe graphics/intro/scene_3/groudon_bg.bin build/assets/graphics/intro/scene_3/groudon_bg.bin.lz 
tools/gbagfx/gbagfx.exe graphics/intro/scene_3/kyogre.bin build/assets/graphics/intro/scene_3/kyogre.bin.lz 
tools/gbagfx/gbagfx.exe graphics/intro/scene_3/kyogre.png build/assets/graphics/intro/scene_3/kyogre.png.8bpp 
tools/gbagfx/gbagfx.exe graphics/intro/scene_3/kyogre_bg.bin build/assets/graphics/intro/scene_3/kyogre_bg.bin.lz 
tools/gbagfx/gbagfx.exe graphics/intro/scene_3/legend_bg.png build/assets/graphics/intro/scene_3/legend_bg.png.4bpp 
tools/gbagfx/gbagfx.exe graphics/intro/scene_3/lightning.png build/assets/graphics/intro/scene_3/lightning.png.4bpp 
tools/gbagfx/gbagfx.exe graphics/intro/scene_3/lightning.png build/assets/graphics/intro/scene_3/lightning.png.gbapal 
tools/gbagfx/gbagfx.exe graphics/intro/scene_3/rayquaza.png build/assets/graphics/intro/scene_3/rayquaza.png.4bpp 
tools/gbagfx/gbagfx.exe graphics/intro/scene_3/rayquaza.bin build/assets/graphics/intro/scene_3/rayquaza.bin.lz 
tools/gbagfx/gbagfx.exe graphics/intro/scene_3/rayquaza_clouds.bin build/assets/graphics/intro/scene_3/rayquaza_clouds.bin.lz 
tools/gbagfx/gbagfx.exe graphics/intro/scene_3/rayquaza_clouds.png build/assets/graphics/intro/scene_3/rayquaza_clouds.png.4bpp 
tools/gbagfx/gbagfx.exe graphics/intro/scene_3/unused_1.bin build/assets/graphics/intro/scene_3/unused_1.bin.lz 
tools/gbagfx/gbagfx.exe graphics/intro/scene_3/unused_2.bin build/assets/graphics/intro/scene_3/unused_2.bin.lz 
tools/gbagfx/gbagfx.exe graphics/items/icon_palettes/acro_bike.pal build/assets/graphics/items/icon_palettes/acro_bike.pal.gbapal 
tools/gbagfx/gbagfx.exe graphics/items/icon_palettes/aguav_berry.pal build/assets/graphics/items/icon_palettes/aguav_berry.pal.gbapal 
tools/gbagfx/gbagfx.exe graphics/items/icon_palettes/amulet_coin.pal build/assets/graphics/items/icon_palettes/amulet_coin.pal.gbapal 
tools/gbagfx/gbagfx.exe graphics/items/icon_palettes/antidote.pal build/assets/graphics/items/icon_palettes/antidote.pal.gbapal 
tools/gbagfx/gbagfx.exe graphics/items/icon_palettes/apicot_berry.pal build/assets/graphics/items/icon_palettes/apicot_berry.pal.gbapal 
tools/gbagfx/gbagfx.exe graphics/items/icon_palettes/aspear_berry.pal build/assets/graphics/items/icon_palettes/aspear_berry.pal.gbapal 
tools/gbagfx/gbagfx.exe graphics/items/icon_palettes/aurora_ticket.pal build/assets/graphics/items/icon_palettes/aurora_ticket.pal.gbapal 
tools/gbagfx/gbagfx.exe graphics/items/icon_palettes/awakening.pal build/assets/graphics/items/icon_palettes/awakening.pal.gbapal 
tools/gbagfx/gbagfx.exe graphics/items/icon_palettes/belue_berry.pal build/assets/graphics/items/icon_palettes/belue_berry.pal.gbapal 
tools/gbagfx/gbagfx.exe graphics/items/icon_palettes/bead_mail.pal build/assets/graphics/items/icon_palettes/bead_mail.pal.gbapal 
tools/gbagfx/gbagfx.exe graphics/items/icon_palettes/berry_juice.pal build/assets/graphics/items/icon_palettes/berry_juice.pal.gbapal 
tools/gbagfx/gbagfx.exe graphics/items/icon_palettes/berry_pouch.pal build/assets/graphics/items/icon_palettes/berry_pouch.pal.gbapal 
tools/gbagfx/gbagfx.exe graphics/items/icon_palettes/bicycle.pal build/assets/graphics/items/icon_palettes/bicycle.pal.gbapal 
tools/gbagfx/gbagfx.exe graphics/items/icon_palettes/black_flute.pal build/assets/graphics/items/icon_palettes/black_flute.pal.gbapal 
tools/gbagfx/gbagfx.exe graphics/items/icon_palettes/bike_voucher.pal build/assets/graphics/items/icon_palettes/bike_voucher.pal.gbapal 
tools/gbagfx/gbagfx.exe graphics/items/icon_palettes/black_type_enhancing_item.pal build/assets/graphics/items/icon_palettes/black_type_enhancing_item.pal.gbapal 
tools/gbagfx/gbagfx.exe graphics/items/icon_palettes/blue_flute.pal build/assets/graphics/items/icon_palettes/blue_flute.pal.gbapal 
tools/gbagfx/gbagfx.exe graphics/items/icon_palettes/blue_orb.pal build/assets/graphics/items/icon_palettes/blue_orb.pal.gbapal 
tools/gbagfx/gbagfx.exe graphics/items/icon_palettes/blue_scarf.pal build/assets/graphics/items/icon_palettes/blue_scarf.pal.gbapal 
tools/gbagfx/gbagfx.exe graphics/items/icon_palettes/blue_shard.pal build/assets/graphics/items/icon_palettes/blue_shard.pal.gbapal 
tools/gbagfx/gbagfx.exe graphics/items/icon_palettes/bluk_berry.pal build/assets/graphics/items/icon_palettes/bluk_berry.pal.gbapal 
tools/gbagfx/gbagfx.exe graphics/items/icon_palettes/burn_heal.pal build/assets/graphics/items/icon_palettes/burn_heal.pal.gbapal 
tools/gbagfx/gbagfx.exe graphics/items/icon_palettes/bright_powder.pal build/assets/graphics/items/icon_palettes/bright_powder.pal.gbapal 
tools/gbagfx/gbagfx.exe graphics/items/icon_palettes/calcium.pal build/assets/graphics/items/icon_palettes/calcium.pal.gbapal 
tools/gbagfx/gbagfx.exe graphics/items/icon_palettes/carbos.pal build/assets/graphics/items/icon_palettes/carbos.pal.gbapal 
tools/gbagfx/gbagfx.exe graphics/items/icon_palettes/card_key.pal build/assets/graphics/items/icon_palettes/card_key.pal.gbapal 
tools/gbagfx/gbagfx.exe graphics/items/icon_palettes/charcoal.pal build/assets/graphics/items/icon_palettes/charcoal.pal.gbapal 
tools/gbagfx/gbagfx.exe graphics/items/icon_palettes/cheri_berry.pal build/assets/graphics/items/icon_palettes/cheri_berry.pal.gbapal 
tools/gbagfx/gbagfx.exe graphics/items/icon_palettes/chesto_berry.pal build/assets/graphics/items/icon_palettes/chesto_berry.pal.gbapal 
tools/gbagfx/gbagfx.exe graphics/items/icon_palettes/choice_band.pal build/assets/graphics/items/icon_palettes/choice_band.pal.gbapal 
tools/gbagfx/gbagfx.exe graphics/items/icon_palettes/cleanse_tag.pal build/assets/graphics/items/icon_palettes/cleanse_tag.pal.gbapal 
tools/gbagfx/gbagfx.exe graphics/items/icon_palettes/coin_case.pal build/assets/graphics/items/icon_palettes/coin_case.pal.gbapal 
tools/gbagfx/gbagfx.exe graphics/items/icon_palettes/contest_pass.pal build/assets/graphics/items/icon_palettes/contest_pass.pal.gbapal 
tools/gbagfx/gbagfx.exe graphics/items/icon_palettes/cornn_berry.pal build/assets/graphics/items/icon_palettes/cornn_berry.pal.gbapal 
tools/gbagfx/gbagfx.exe graphics/items/icon_palettes/dark_tm_hm.pal build/assets/graphics/items/icon_palettes/dark_tm_hm.pal.gbapal 
tools/gbagfx/gbagfx.exe graphics/items/icon_palettes/deep_sea_scale.pal build/assets/graphics/items/icon_palettes/deep_sea_scale.pal.gbapal 
tools/gbagfx/gbagfx.exe graphics/items/icon_palettes/deep_sea_tooth.pal build/assets/graphics/items/icon_palettes/deep_sea_tooth.pal.gbapal 
tools/gbagfx/gbagfx.exe graphics/items/icon_palettes/devon_goods.pal build/assets/graphics/items/icon_palettes/devon_goods.pal.gbapal 
tools/gbagfx/gbagfx.exe graphics/items/icon_palettes/dire_hit.pal build/assets/graphics/items/icon_palettes/dire_hit.pal.gbapal 
tools/gbagfx/gbagfx.exe graphics/items/icon_palettes/devon_scope.pal build/assets/graphics/items/icon_palettes/devon_scope.pal.gbapal 
tools/gbagfx/gbagfx.exe graphics/items/icon_palettes/dive_ball.pal build/assets/graphics/items/icon_palettes/dive_ball.pal.gbapal 
tools/gbagfx/gbagfx.exe graphics/items/icon_palettes/dragon_fang.pal build/assets/graphics/items/icon_palettes/dragon_fang.pal.gbapal 
tools/gbagfx/gbagfx.exe graphics/items/icon_palettes/dragon_scale.pal build/assets/graphics/items/icon_palettes/dragon_scale.pal.gbapal 
tools/gbagfx/gbagfx.exe graphics/items/icon_palettes/dragon_tm_hm.pal build/assets/graphics/items/icon_palettes/dragon_tm_hm.pal.gbapal 
tools/gbagfx/gbagfx.exe graphics/items/icon_palettes/dream_mail.pal build/assets/graphics/items/icon_palettes/dream_mail.pal.gbapal 
tools/gbagfx/gbagfx.exe graphics/items/icon_palettes/durin_berry.pal build/assets/graphics/items/icon_palettes/durin_berry.pal.gbapal 
tools/gbagfx/gbagfx.exe graphics/items/icon_palettes/electric_tm_hm.pal build/assets/graphics/items/icon_palettes/electric_tm_hm.pal.gbapal 
tools/gbagfx/gbagfx.exe graphics/items/icon_palettes/elixir.pal build/assets/graphics/items/icon_palettes/elixir.pal.gbapal 
tools/gbagfx/gbagfx.exe graphics/items/icon_palettes/energy_powder.pal build/assets/graphics/items/icon_palettes/energy_powder.pal.gbapal 
tools/gbagfx/gbagfx.exe graphics/items/icon_palettes/energy_root.pal build/assets/graphics/items/icon_palettes/energy_root.pal.gbapal 
tools/gbagfx/gbagfx.exe graphics/items/icon_palettes/enigma_berry.pal build/assets/graphics/items/icon_palettes/enigma_berry.pal.gbapal 
tools/gbagfx/gbagfx.exe graphics/items/icon_palettes/eon_ticket.pal build/assets/graphics/items/icon_palettes/eon_ticket.pal.gbapal 
tools/gbagfx/gbagfx.exe graphics/items/icon_palettes/escape_rope.pal build/assets/graphics/items/icon_palettes/escape_rope.pal.gbapal 
tools/gbagfx/gbagfx.exe graphics/items/icon_palettes/ether.pal build/assets/graphics/items/icon_palettes/ether.pal.gbapal 
tools/gbagfx/gbagfx.exe graphics/items/icon_palettes/everstone.pal build/assets/graphics/items/icon_palettes/everstone.pal.gbapal 
tools/gbagfx/gbagfx.exe graphics/items/icon_palettes/exp_share.pal build/assets/graphics/items/icon_palettes/exp_share.pal.gbapal 
tools/gbagfx/gbagfx.exe graphics/items/icon_palettes/fab_mail.pal build/assets/graphics/items/icon_palettes/fab_mail.pal.gbapal 
tools/gbagfx/gbagfx.exe graphics/items/icon_palettes/fame_checker.pal build/assets/graphics/items/icon_palettes/fame_checker.pal.gbapal 
tools/gbagfx/gbagfx.exe graphics/items/icon_palettes/fighting_tm_hm.pal build/assets/graphics/items/icon_palettes/fighting_tm_hm.pal.gbapal 
tools/gbagfx/gbagfx.exe graphics/items/icon_palettes/figy_berry.pal build/assets/graphics/items/icon_palettes/figy_berry.pal.gbapal 
tools/gbagfx/gbagfx.exe graphics/items/icon_palettes/fire_stone.pal build/assets/graphics/items/icon_palettes/fire_stone.pal.gbapal 
tools/gbagfx/gbagfx.exe graphics/items/icon_palettes/fire_tm_hm.pal build/assets/graphics/items/icon_palettes/fire_tm_hm.pal.gbapal 
tools/gbagfx/gbagfx.exe graphics/items/icon_palettes/fluffy_tail.pal build/assets/graphics/items/icon_palettes/fluffy_tail.pal.gbapal 
tools/gbagfx/gbagfx.exe graphics/items/icon_palettes/flying_tm_hm.pal build/assets/graphics/items/icon_palettes/flying_tm_hm.pal.gbapal 
tools/gbagfx/gbagfx.exe graphics/items/icon_palettes/focus_band.pal build/assets/graphics/items/icon_palettes/focus_band.pal.gbapal 
tools/gbagfx/gbagfx.exe graphics/items/icon_palettes/fresh_water.pal build/assets/graphics/items/icon_palettes/fresh_water.pal.gbapal 
tools/gbagfx/gbagfx.exe graphics/items/icon_palettes/full_heal.pal build/assets/graphics/items/icon_palettes/full_heal.pal.gbapal 
tools/gbagfx/gbagfx.exe graphics/items/icon_palettes/full_restore.pal build/assets/graphics/items/icon_palettes/full_restore.pal.gbapal 
tools/gbagfx/gbagfx.exe graphics/items/icon_palettes/ganlon_berry.pal build/assets/graphics/items/icon_palettes/ganlon_berry.pal.gbapal 
tools/gbagfx/gbagfx.exe graphics/items/icon_palettes/ghost_tm_hm.pal build/assets/graphics/items/icon_palettes/ghost_tm_hm.pal.gbapal 
tools/gbagfx/gbagfx.exe graphics/items/icon_palettes/glitter_mail.pal build/assets/graphics/items/icon_palettes/glitter_mail.pal.gbapal 
tools/gbagfx/gbagfx.exe graphics/items/icon_palettes/go_goggles.pal build/assets/graphics/items/icon_palettes/go_goggles.pal.gbapal 
tools/gbagfx/gbagfx.exe graphics/items/icon_palettes/gold_teeth.pal build/assets/graphics/items/icon_palettes/gold_teeth.pal.gbapal 
tools/gbagfx/gbagfx.exe graphics/items/icon_palettes/good_rod.pal build/assets/graphics/items/icon_palettes/good_rod.pal.gbapal 
tools/gbagfx/gbagfx.exe graphics/items/icon_palettes/great_ball.pal build/assets/graphics/items/icon_palettes/great_ball.pal.gbapal 
tools/gbagfx/gbagfx.exe graphics/items/icon_palettes/grass_tm_hm.pal build/assets/graphics/items/icon_palettes/grass_tm_hm.pal.gbapal 
tools/gbagfx/gbagfx.exe graphics/items/icon_palettes/green_scarf.pal build/assets/graphics/items/icon_palettes/green_scarf.pal.gbapal 
tools/gbagfx/gbagfx.exe graphics/items/icon_palettes/green_shard.pal build/assets/graphics/items/icon_palettes/green_shard.pal.gbapal 
tools/gbagfx/gbagfx.exe graphics/items/icon_palettes/grepa_berry.pal build/assets/graphics/items/icon_palettes/grepa_berry.pal.gbapal 
tools/gbagfx/gbagfx.exe graphics/items/icon_palettes/ground_tm_hm.pal build/assets/graphics/items/icon_palettes/ground_tm_hm.pal.gbapal 
tools/gbagfx/gbagfx.exe graphics/items/icon_palettes/guard_spec.pal build/assets/graphics/items/icon_palettes/guard_spec.pal.gbapal 
tools/gbagfx/gbagfx.exe graphics/items/icon_palettes/harbor_mail.pal build/assets/graphics/items/icon_palettes/harbor_mail.pal.gbapal 
tools/gbagfx/gbagfx.exe graphics/items/icon_palettes/hard_stone.pal build/assets/graphics/items/icon_palettes/hard_stone.pal.gbapal 
tools/gbagfx/gbagfx.exe graphics/items/icon_palettes/heal_powder.pal build/assets/graphics/items/icon_palettes/heal_powder.pal.gbapal 
tools/gbagfx/gbagfx.exe graphics/items/icon_palettes/heart_scale.pal build/assets/graphics/items/icon_palettes/heart_scale.pal.gbapal 
tools/gbagfx/gbagfx.exe graphics/items/icon_palettes/hoenn_fossil.pal build/assets/graphics/items/icon_palettes/hoenn_fossil.pal.gbapal 
tools/gbagfx/gbagfx.exe graphics/items/icon_palettes/hondew_berry.pal build/assets/graphics/items/icon_palettes/hondew_berry.pal.gbapal 
tools/gbagfx/gbagfx.exe graphics/items/icon_palettes/hp_up.pal build/assets/graphics/items/icon_palettes/hp_up.pal.gbapal 
tools/gbagfx/gbagfx.exe graphics/items/icon_palettes/hyper_potion.pal build/assets/graphics/items/icon_palettes/hyper_potion.pal.gbapal 
tools/gbagfx/gbagfx.exe graphics/items/icon_palettes/iapapa_berry.pal build/assets/graphics/items/icon_palettes/iapapa_berry.pal.gbapal 
tools/gbagfx/gbagfx.exe graphics/items/icon_palettes/ice_tm_hm.pal build/assets/graphics/items/icon_palettes/ice_tm_hm.pal.gbapal 
tools/gbagfx/gbagfx.exe graphics/items/icon_palettes/ice_heal.pal build/assets/graphics/items/icon_palettes/ice_heal.pal.gbapal 
tools/gbagfx/gbagfx.exe graphics/items/icon_palettes/iron.pal build/assets/graphics/items/icon_palettes/iron.pal.gbapal 
tools/gbagfx/gbagfx.exe graphics/items/icon_palettes/itemfinder.pal build/assets/graphics/items/icon_palettes/itemfinder.pal.gbapal 
tools/gbagfx/gbagfx.exe graphics/items/icon_palettes/kanto_fossil.pal build/assets/graphics/items/icon_palettes/kanto_fossil.pal.gbapal 
tools/gbagfx/gbagfx.exe graphics/items/icon_palettes/kelpsy_berry.pal build/assets/graphics/items/icon_palettes/kelpsy_berry.pal.gbapal 
tools/gbagfx/gbagfx.exe graphics/items/icon_palettes/key.pal build/assets/graphics/items/icon_palettes/key.pal.gbapal 
tools/gbagfx/gbagfx.exe graphics/items/icon_palettes/kings_rock.pal build/assets/graphics/items/icon_palettes/kings_rock.pal.gbapal 
tools/gbagfx/gbagfx.exe graphics/items/icon_palettes/lansat_berry.pal build/assets/graphics/items/icon_palettes/lansat_berry.pal.gbapal 
tools/gbagfx/gbagfx.exe graphics/items/icon_palettes/lava_cookie_and_letter.pal build/assets/graphics/items/icon_palettes/lava_cookie_and_letter.pal.gbapal 
tools/gbagfx/gbagfx.exe graphics/items/icon_palettes/lax_incense.pal build/assets/graphics/items/icon_palettes/lax_incense.pal.gbapal 
tools/gbagfx/gbagfx.exe graphics/items/icon_palettes/leaf_stone.pal build/assets/graphics/items/icon_palettes/leaf_stone.pal.gbapal 
tools/gbagfx/gbagfx.exe graphics/items/icon_palettes/leftovers.pal build/assets/graphics/items/icon_palettes/leftovers.pal.gbapal 
tools/gbagfx/gbagfx.exe graphics/items/icon_palettes/lemonade.pal build/assets/graphics/items/icon_palettes/lemonade.pal.gbapal 
tools/gbagfx/gbagfx.exe graphics/items/icon_palettes/leppa_berry.pal build/assets/graphics/items/icon_palettes/leppa_berry.pal.gbapal 
tools/gbagfx/gbagfx.exe graphics/items/icon_palettes/liechi_berry.pal build/assets/graphics/items/icon_palettes/liechi_berry.pal.gbapal 
tools/gbagfx/gbagfx.exe graphics/items/icon_palettes/light_ball.pal build/assets/graphics/items/icon_palettes/light_ball.pal.gbapal 
tools/gbagfx/gbagfx.exe graphics/items/icon_palettes/lucky_egg.pal build/assets/graphics/items/icon_palettes/lucky_egg.pal.gbapal 
tools/gbagfx/gbagfx.exe graphics/items/icon_palettes/lum_berry.pal build/assets/graphics/items/icon_palettes/lum_berry.pal.gbapal 
tools/gbagfx/gbagfx.exe graphics/items/icon_palettes/lucky_punch.pal build/assets/graphics/items/icon_palettes/lucky_punch.pal.gbapal 
tools/gbagfx/gbagfx.exe graphics/items/icon_palettes/luxury_ball.pal build/assets/graphics/items/icon_palettes/luxury_ball.pal.gbapal 
tools/gbagfx/gbagfx.exe graphics/items/icon_palettes/mach_bike.pal build/assets/graphics/items/icon_palettes/mach_bike.pal.gbapal 
tools/gbagfx/gbagfx.exe graphics/items/icon_palettes/macho_brace.pal build/assets/graphics/items/icon_palettes/macho_brace.pal.gbapal 
tools/gbagfx/gbagfx.exe graphics/items/icon_palettes/magma_emblem.pal build/assets/graphics/items/icon_palettes/magma_emblem.pal.gbapal 
tools/gbagfx/gbagfx.exe graphics/items/icon_palettes/magnet.pal build/assets/graphics/items/icon_palettes/magnet.pal.gbapal 
tools/gbagfx/gbagfx.exe graphics/items/icon_palettes/mago_berry.pal build/assets/graphics/items/icon_palettes/mago_berry.pal.gbapal 
tools/gbagfx/gbagfx.exe graphics/items/icon_palettes/magost_berry.pal build/assets/graphics/items/icon_palettes/magost_berry.pal.gbapal 
tools/gbagfx/gbagfx.exe graphics/items/icon_palettes/master_ball.pal build/assets/graphics/items/icon_palettes/master_ball.pal.gbapal 
tools/gbagfx/gbagfx.exe graphics/items/icon_palettes/max_elixir.pal build/assets/graphics/items/icon_palettes/max_elixir.pal.gbapal 
tools/gbagfx/gbagfx.exe graphics/items/icon_palettes/max_ether.pal build/assets/graphics/items/icon_palettes/max_ether.pal.gbapal 
tools/gbagfx/gbagfx.exe graphics/items/icon_palettes/max_potion.pal build/assets/graphics/items/icon_palettes/max_potion.pal.gbapal 
tools/gbagfx/gbagfx.exe graphics/items/icon_palettes/max_repel.pal build/assets/graphics/items/icon_palettes/max_repel.pal.gbapal 
tools/gbagfx/gbagfx.exe graphics/items/icon_palettes/mech_mail.pal build/assets/graphics/items/icon_palettes/mech_mail.pal.gbapal 
tools/gbagfx/gbagfx.exe graphics/items/icon_palettes/metal_coat.pal build/assets/graphics/items/icon_palettes/metal_coat.pal.gbapal 
tools/gbagfx/gbagfx.exe graphics/items/icon_palettes/mental_herb.pal build/assets/graphics/items/icon_palettes/mental_herb.pal.gbapal 
tools/gbagfx/gbagfx.exe graphics/items/icon_palettes/metal_powder.pal build/assets/graphics/items/icon_palettes/metal_powder.pal.gbapal 
tools/gbagfx/gbagfx.exe graphics/items/icon_palettes/meteorite.pal build/assets/graphics/items/icon_palettes/meteorite.pal.gbapal 
tools/gbagfx/gbagfx.exe graphics/items/icon_palettes/miracle_seed.pal build/assets/graphics/items/icon_palettes/miracle_seed.pal.gbapal 
tools/gbagfx/gbagfx.exe graphics/items/icon_palettes/moomoo_milk.pal build/assets/graphics/items/icon_palettes/moomoo_milk.pal.gbapal 
tools/gbagfx/gbagfx.exe graphics/items/icon_palettes/moon_stone.pal build/assets/graphics/items/icon_palettes/moon_stone.pal.gbapal 
tools/gbagfx/gbagfx.exe graphics/items/icon_palettes/mushroom.pal build/assets/graphics/items/icon_palettes/mushroom.pal.gbapal 
tools/gbagfx/gbagfx.exe graphics/items/icon_palettes/mystic_ticket.pal build/assets/graphics/items/icon_palettes/mystic_ticket.pal.gbapal 
tools/gbagfx/gbagfx.exe graphics/items/icon_palettes/mystic_water.pal build/assets/graphics/items/icon_palettes/mystic_water.pal.gbapal 
tools/gbagfx/gbagfx.exe graphics/items/icon_palettes/nanab_berry.pal build/assets/graphics/items/icon_palettes/nanab_berry.pal.gbapal 
tools/gbagfx/gbagfx.exe graphics/items/icon_palettes/nest_ball.pal build/assets/graphics/items/icon_palettes/nest_ball.pal.gbapal 
tools/gbagfx/gbagfx.exe graphics/items/icon_palettes/never_melt_ice.pal build/assets/graphics/items/icon_palettes/never_melt_ice.pal.gbapal 
tools/gbagfx/gbagfx.exe graphics/items/icon_palettes/net_ball.pal build/assets/graphics/items/icon_palettes/net_ball.pal.gbapal 
tools/gbagfx/gbagfx.exe graphics/items/icon_palettes/nomel_berry.pal build/assets/graphics/items/icon_palettes/nomel_berry.pal.gbapal 
tools/gbagfx/gbagfx.exe graphics/items/icon_palettes/oaks_parcel.pal build/assets/graphics/items/icon_palettes/oaks_parcel.pal.gbapal 
tools/gbagfx/gbagfx.exe graphics/items/icon_palettes/normal_tm_hm.pal build/assets/graphics/items/icon_palettes/normal_tm_hm.pal.gbapal 
tools/gbagfx/gbagfx.exe graphics/items/icon_palettes/nugget.pal build/assets/graphics/items/icon_palettes/nugget.pal.gbapal 
tools/gbagfx/gbagfx.exe graphics/items/icon_palettes/old_amber.pal build/assets/graphics/items/icon_palettes/old_amber.pal.gbapal 
tools/gbagfx/gbagfx.exe graphics/items/icon_palettes/old_key.pal build/assets/graphics/items/icon_palettes/old_key.pal.gbapal 
tools/gbagfx/gbagfx.exe graphics/items/icon_palettes/old_rod.pal build/assets/graphics/items/icon_palettes/old_rod.pal.gbapal 
tools/gbagfx/gbagfx.exe graphics/items/icon_palettes/old_sea_map.pal build/assets/graphics/items/icon_palettes/old_sea_map.pal.gbapal 
tools/gbagfx/gbagfx.exe graphics/items/icon_palettes/oran_berry.pal build/assets/graphics/items/icon_palettes/oran_berry.pal.gbapal 
tools/gbagfx/gbagfx.exe graphics/items/icon_palettes/orange_mail.pal build/assets/graphics/items/icon_palettes/orange_mail.pal.gbapal 
tools/gbagfx/gbagfx.exe graphics/items/icon_palettes/pamtre_berry.pal build/assets/graphics/items/icon_palettes/pamtre_berry.pal.gbapal 
tools/gbagfx/gbagfx.exe graphics/items/icon_palettes/paralyze_heal.pal build/assets/graphics/items/icon_palettes/paralyze_heal.pal.gbapal 
tools/gbagfx/gbagfx.exe graphics/items/icon_palettes/pecha_berry.pal build/assets/graphics/items/icon_palettes/pecha_berry.pal.gbapal 
tools/gbagfx/gbagfx.exe graphics/items/icon_palettes/pearl.pal build/assets/graphics/items/icon_palettes/pearl.pal.gbapal 
tools/gbagfx/gbagfx.exe graphics/items/icon_palettes/persim_berry.pal build/assets/graphics/items/icon_palettes/persim_berry.pal.gbapal 
tools/gbagfx/gbagfx.exe graphics/items/icon_palettes/petaya_berry.pal build/assets/graphics/items/icon_palettes/petaya_berry.pal.gbapal 
tools/gbagfx/gbagfx.exe graphics/items/icon_palettes/pinap_berry.pal build/assets/graphics/items/icon_palettes/pinap_berry.pal.gbapal 
tools/gbagfx/gbagfx.exe graphics/items/icon_palettes/pink_scarf.pal build/assets/graphics/items/icon_palettes/pink_scarf.pal.gbapal 
tools/gbagfx/gbagfx.exe graphics/items/icon_palettes/poison_barb.pal build/assets/graphics/items/icon_palettes/poison_barb.pal.gbapal 
tools/gbagfx/gbagfx.exe graphics/items/icon_palettes/poison_tm_hm.pal build/assets/graphics/items/icon_palettes/poison_tm_hm.pal.gbapal 
tools/gbagfx/gbagfx.exe graphics/items/icon_palettes/poke_ball.pal build/assets/graphics/items/icon_palettes/poke_ball.pal.gbapal 
tools/gbagfx/gbagfx.exe graphics/items/icon_palettes/poke_doll.pal build/assets/graphics/items/icon_palettes/poke_doll.pal.gbapal 
tools/gbagfx/gbagfx.exe graphics/items/icon_palettes/poke_flute.pal build/assets/graphics/items/icon_palettes/poke_flute.pal.gbapal 
tools/gbagfx/gbagfx.exe graphics/items/icon_palettes/pokeblock_case.pal build/assets/graphics/items/icon_palettes/pokeblock_case.pal.gbapal 
tools/gbagfx/gbagfx.exe graphics/items/icon_palettes/pomeg_berry.pal build/assets/graphics/items/icon_palettes/pomeg_berry.pal.gbapal 
tools/gbagfx/gbagfx.exe graphics/items/icon_palettes/potion.pal build/assets/graphics/items/icon_palettes/potion.pal.gbapal 
tools/gbagfx/gbagfx.exe graphics/items/icon_palettes/powder_jar.pal build/assets/graphics/items/icon_palettes/powder_jar.pal.gbapal 
tools/gbagfx/gbagfx.exe graphics/items/icon_palettes/pp_max.pal build/assets/graphics/items/icon_palettes/pp_max.pal.gbapal 
tools/gbagfx/gbagfx.exe graphics/items/icon_palettes/pp_up.pal build/assets/graphics/items/icon_palettes/pp_up.pal.gbapal 
tools/gbagfx/gbagfx.exe graphics/items/icon_palettes/protein.pal build/assets/graphics/items/icon_palettes/protein.pal.gbapal 
tools/gbagfx/gbagfx.exe graphics/items/icon_palettes/psychic_tm_hm.pal build/assets/graphics/items/icon_palettes/psychic_tm_hm.pal.gbapal 
tools/gbagfx/gbagfx.exe graphics/items/icon_palettes/qualot_berry.pal build/assets/graphics/items/icon_palettes/qualot_berry.pal.gbapal 
tools/gbagfx/gbagfx.exe graphics/items/icon_palettes/question_mark.pal build/assets/graphics/items/icon_palettes/question_mark.pal.gbapal 
tools/gbagfx/gbagfx.exe graphics/items/icon_palettes/quick_claw.pal build/assets/graphics/items/icon_palettes/quick_claw.pal.gbapal 
tools/gbagfx/gbagfx.exe graphics/items/icon_palettes/rabuta_berry.pal build/assets/graphics/items/icon_palettes/rabuta_berry.pal.gbapal 
tools/gbagfx/gbagfx.exe graphics/items/icon_palettes/rainbow_pass.pal build/assets/graphics/items/icon_palettes/rainbow_pass.pal.gbapal 
tools/gbagfx/gbagfx.exe graphics/items/icon_palettes/rare_candy.pal build/assets/graphics/items/icon_palettes/rare_candy.pal.gbapal 
tools/gbagfx/gbagfx.exe graphics/items/icon_palettes/rawst_berry.pal build/assets/graphics/items/icon_palettes/rawst_berry.pal.gbapal 
tools/gbagfx/gbagfx.exe graphics/items/icon_palettes/razz_berry.pal build/assets/graphics/items/icon_palettes/razz_berry.pal.gbapal 
tools/gbagfx/gbagfx.exe graphics/items/icon_palettes/red_flute.pal build/assets/graphics/items/icon_palettes/red_flute.pal.gbapal 
tools/gbagfx/gbagfx.exe graphics/items/icon_palettes/red_orb.pal build/assets/graphics/items/icon_palettes/red_orb.pal.gbapal 
tools/gbagfx/gbagfx.exe graphics/items/icon_palettes/red_scarf.pal build/assets/graphics/items/icon_palettes/red_scarf.pal.gbapal 
tools/gbagfx/gbagfx.exe graphics/items/icon_palettes/red_shard.pal build/assets/graphics/items/icon_palettes/red_shard.pal.gbapal 
tools/gbagfx/gbagfx.exe graphics/items/icon_palettes/repeat_ball.pal build/assets/graphics/items/icon_palettes/repeat_ball.pal.gbapal 
tools/gbagfx/gbagfx.exe graphics/items/icon_palettes/repel.pal build/assets/graphics/items/icon_palettes/repel.pal.gbapal 
tools/gbagfx/gbagfx.exe graphics/items/icon_palettes/retro_mail.pal build/assets/graphics/items/icon_palettes/retro_mail.pal.gbapal 
tools/gbagfx/gbagfx.exe graphics/items/icon_palettes/return_to_field_arrow.pal build/assets/graphics/items/icon_palettes/return_to_field_arrow.pal.gbapal 
tools/gbagfx/gbagfx.exe graphics/items/icon_palettes/revival_herb.pal build/assets/graphics/items/icon_palettes/revival_herb.pal.gbapal 
tools/gbagfx/gbagfx.exe graphics/items/icon_palettes/revive.pal build/assets/graphics/items/icon_palettes/revive.pal.gbapal 
tools/gbagfx/gbagfx.exe graphics/items/icon_palettes/rock_tm_hm.pal build/assets/graphics/items/icon_palettes/rock_tm_hm.pal.gbapal 
tools/gbagfx/gbagfx.exe graphics/items/icon_palettes/ruby.pal build/assets/graphics/items/icon_palettes/ruby.pal.gbapal 
tools/gbagfx/gbagfx.exe graphics/items/icon_palettes/sacred_ash.pal build/assets/graphics/items/icon_palettes/sacred_ash.pal.gbapal 
tools/gbagfx/gbagfx.exe graphics/items/icon_palettes/safari_ball.pal build/assets/graphics/items/icon_palettes/safari_ball.pal.gbapal 
tools/gbagfx/gbagfx.exe graphics/items/icon_palettes/salac_berry.pal build/assets/graphics/items/icon_palettes/salac_berry.pal.gbapal 
tools/gbagfx/gbagfx.exe graphics/items/icon_palettes/sapphire.pal build/assets/graphics/items/icon_palettes/sapphire.pal.gbapal 
tools/gbagfx/gbagfx.exe graphics/items/icon_palettes/scanner.pal build/assets/graphics/items/icon_palettes/scanner.pal.gbapal 
tools/gbagfx/gbagfx.exe graphics/items/icon_palettes/scope_lens.pal build/assets/graphics/items/icon_palettes/scope_lens.pal.gbapal 
tools/gbagfx/gbagfx.exe graphics/items/icon_palettes/sea_incense.pal build/assets/graphics/items/icon_palettes/sea_incense.pal.gbapal 
tools/gbagfx/gbagfx.exe graphics/items/icon_palettes/secret_key.pal build/assets/graphics/items/icon_palettes/secret_key.pal.gbapal 
tools/gbagfx/gbagfx.exe graphics/items/icon_palettes/shadow_mail.pal build/assets/graphics/items/icon_palettes/shadow_mail.pal.gbapal 
tools/gbagfx/gbagfx.exe graphics/items/icon_palettes/sharp_beak.pal build/assets/graphics/items/icon_palettes/sharp_beak.pal.gbapal 
tools/gbagfx/gbagfx.exe graphics/items/icon_palettes/shell.pal build/assets/graphics/items/icon_palettes/shell.pal.gbapal 
tools/gbagfx/gbagfx.exe graphics/items/icon_palettes/silk_scarf.pal build/assets/graphics/items/icon_palettes/silk_scarf.pal.gbapal 
tools/gbagfx/gbagfx.exe graphics/items/icon_palettes/shoal_salt.pal build/assets/graphics/items/icon_palettes/shoal_salt.pal.gbapal 
tools/gbagfx/gbagfx.exe graphics/items/icon_palettes/silph_scope.pal build/assets/graphics/items/icon_palettes/silph_scope.pal.gbapal 
tools/gbagfx/gbagfx.exe graphics/items/icon_palettes/silver_powder.pal build/assets/graphics/items/icon_palettes/silver_powder.pal.gbapal 
tools/gbagfx/gbagfx.exe graphics/items/icon_palettes/sitrus_berry.pal build/assets/graphics/items/icon_palettes/sitrus_berry.pal.gbapal 
tools/gbagfx/gbagfx.exe graphics/items/icon_palettes/smoke_ball.pal build/assets/graphics/items/icon_palettes/smoke_ball.pal.gbapal 
tools/gbagfx/gbagfx.exe graphics/items/icon_palettes/soda_pop.pal build/assets/graphics/items/icon_palettes/soda_pop.pal.gbapal 
tools/gbagfx/gbagfx.exe graphics/items/icon_palettes/soot_sack.pal build/assets/graphics/items/icon_palettes/soot_sack.pal.gbapal 
tools/gbagfx/gbagfx.exe graphics/items/icon_palettes/soft_sand.pal build/assets/graphics/items/icon_palettes/soft_sand.pal.gbapal 
tools/gbagfx/gbagfx.exe graphics/items/icon_palettes/soothe_bell.pal build/assets/graphics/items/icon_palettes/soothe_bell.pal.gbapal 
tools/gbagfx/gbagfx.exe graphics/items/icon_palettes/soul_dew.pal build/assets/graphics/items/icon_palettes/soul_dew.pal.gbapal 
tools/gbagfx/gbagfx.exe graphics/items/icon_palettes/spell_tag.pal build/assets/graphics/items/icon_palettes/spell_tag.pal.gbapal 
tools/gbagfx/gbagfx.exe graphics/items/icon_palettes/spelon_berry.pal build/assets/graphics/items/icon_palettes/spelon_berry.pal.gbapal 
tools/gbagfx/gbagfx.exe graphics/items/icon_palettes/ss_ticket.pal build/assets/graphics/items/icon_palettes/ss_ticket.pal.gbapal 
tools/gbagfx/gbagfx.exe graphics/items/icon_palettes/star.pal build/assets/graphics/items/icon_palettes/star.pal.gbapal 
tools/gbagfx/gbagfx.exe graphics/items/icon_palettes/starf_berry.pal build/assets/graphics/items/icon_palettes/starf_berry.pal.gbapal 
tools/gbagfx/gbagfx.exe graphics/items/icon_palettes/steel_tm_hm.pal build/assets/graphics/items/icon_palettes/steel_tm_hm.pal.gbapal 
tools/gbagfx/gbagfx.exe graphics/items/icon_palettes/stick.pal build/assets/graphics/items/icon_palettes/stick.pal.gbapal 
tools/gbagfx/gbagfx.exe graphics/items/icon_palettes/sun_stone.pal build/assets/graphics/items/icon_palettes/sun_stone.pal.gbapal 
tools/gbagfx/gbagfx.exe graphics/items/icon_palettes/super_potion.pal build/assets/graphics/items/icon_palettes/super_potion.pal.gbapal 
tools/gbagfx/gbagfx.exe graphics/items/icon_palettes/super_repel.pal build/assets/graphics/items/icon_palettes/super_repel.pal.gbapal 
tools/gbagfx/gbagfx.exe graphics/items/icon_palettes/super_rod.pal build/assets/graphics/items/icon_palettes/super_rod.pal.gbapal 
tools/gbagfx/gbagfx.exe graphics/items/icon_palettes/tamato_berry.pal build/assets/graphics/items/icon_palettes/tamato_berry.pal.gbapal 
tools/gbagfx/gbagfx.exe graphics/items/icon_palettes/tea.pal build/assets/graphics/items/icon_palettes/tea.pal.gbapal 
tools/gbagfx/gbagfx.exe graphics/items/icon_palettes/teachy_tv.pal build/assets/graphics/items/icon_palettes/teachy_tv.pal.gbapal 
tools/gbagfx/gbagfx.exe graphics/items/icon_palettes/thick_club.pal build/assets/graphics/items/icon_palettes/thick_club.pal.gbapal 
tools/gbagfx/gbagfx.exe graphics/items/icon_palettes/thunder_stone.pal build/assets/graphics/items/icon_palettes/thunder_stone.pal.gbapal 
tools/gbagfx/gbagfx.exe graphics/items/icon_palettes/tm_case.pal build/assets/graphics/items/icon_palettes/tm_case.pal.gbapal 
tools/gbagfx/gbagfx.exe graphics/items/icon_palettes/town_map.pal build/assets/graphics/items/icon_palettes/town_map.pal.gbapal 
tools/gbagfx/gbagfx.exe graphics/items/icon_palettes/tri_pass.pal build/assets/graphics/items/icon_palettes/tri_pass.pal.gbapal 
tools/gbagfx/gbagfx.exe graphics/items/icon_palettes/tropic_mail.pal build/assets/graphics/items/icon_palettes/tropic_mail.pal.gbapal 
tools/gbagfx/gbagfx.exe graphics/items/icon_palettes/twisted_spoon.pal build/assets/graphics/items/icon_palettes/twisted_spoon.pal.gbapal 
tools/gbagfx/gbagfx.exe graphics/items/icon_palettes/ultra_ball.pal build/assets/graphics/items/icon_palettes/ultra_ball.pal.gbapal 
tools/gbagfx/gbagfx.exe graphics/items/icon_palettes/up_grade.pal build/assets/graphics/items/icon_palettes/up_grade.pal.gbapal 
tools/gbagfx/gbagfx.exe graphics/items/icon_palettes/vs_seeker.pal build/assets/graphics/items/icon_palettes/vs_seeker.pal.gbapal 
tools/gbagfx/gbagfx.exe graphics/items/icon_palettes/wailmer_pail.pal build/assets/graphics/items/icon_palettes/wailmer_pail.pal.gbapal 
tools/gbagfx/gbagfx.exe graphics/items/icon_palettes/water_stone.pal build/assets/graphics/items/icon_palettes/water_stone.pal.gbapal 
tools/gbagfx/gbagfx.exe graphics/items/icon_palettes/watmel_berry.pal build/assets/graphics/items/icon_palettes/watmel_berry.pal.gbapal 
tools/gbagfx/gbagfx.exe graphics/items/icon_palettes/wave_mail.pal build/assets/graphics/items/icon_palettes/wave_mail.pal.gbapal 
tools/gbagfx/gbagfx.exe graphics/items/icon_palettes/water_tm_hm.pal build/assets/graphics/items/icon_palettes/water_tm_hm.pal.gbapal 
tools/gbagfx/gbagfx.exe graphics/items/icon_palettes/wepear_berry.pal build/assets/graphics/items/icon_palettes/wepear_berry.pal.gbapal 
tools/gbagfx/gbagfx.exe graphics/items/icon_palettes/white_flute.pal build/assets/graphics/items/icon_palettes/white_flute.pal.gbapal 
tools/gbagfx/gbagfx.exe graphics/items/icon_palettes/white_herb.pal build/assets/graphics/items/icon_palettes/white_herb.pal.gbapal 
tools/gbagfx/gbagfx.exe graphics/items/icon_palettes/wiki_berry.pal build/assets/graphics/items/icon_palettes/wiki_berry.pal.gbapal 
tools/gbagfx/gbagfx.exe graphics/items/icon_palettes/wood_mail.pal build/assets/graphics/items/icon_palettes/wood_mail.pal.gbapal 
tools/gbagfx/gbagfx.exe graphics/items/icon_palettes/x_accuracy.pal build/assets/graphics/items/icon_palettes/x_accuracy.pal.gbapal 
tools/gbagfx/gbagfx.exe graphics/items/icon_palettes/x_defend.pal build/assets/graphics/items/icon_palettes/x_defend.pal.gbapal 
tools/gbagfx/gbagfx.exe graphics/items/icon_palettes/x_attack.pal build/assets/graphics/items/icon_palettes/x_attack.pal.gbapal 
tools/gbagfx/gbagfx.exe graphics/items/icon_palettes/x_special.pal build/assets/graphics/items/icon_palettes/x_special.pal.gbapal 
tools/gbagfx/gbagfx.exe graphics/items/icon_palettes/x_speed.pal build/assets/graphics/items/icon_palettes/x_speed.pal.gbapal 
tools/gbagfx/gbagfx.exe graphics/items/icon_palettes/yellow_scarf.pal build/assets/graphics/items/icon_palettes/yellow_scarf.pal.gbapal 
tools/gbagfx/gbagfx.exe graphics/items/icon_palettes/yellow_flute.pal build/assets/graphics/items/icon_palettes/yellow_flute.pal.gbapal 
tools/gbagfx/gbagfx.exe graphics/items/icon_palettes/yellow_shard.pal build/assets/graphics/items/icon_palettes/yellow_shard.pal.gbapal 
tools/gbagfx/gbagfx.exe graphics/items/icon_palettes/zinc.pal build/assets/graphics/items/icon_palettes/zinc.pal.gbapal 
tools/gbagfx/gbagfx.exe graphics/items/icons/acro_bike.png build/assets/graphics/items/icons/acro_bike.png.4bpp 
tools/gbagfx/gbagfx.exe graphics/items/icons/aguav_berry.png build/assets/graphics/items/icons/aguav_berry.png.4bpp 
tools/gbagfx/gbagfx.exe graphics/items/icons/amulet_coin.png build/assets/graphics/items/icons/amulet_coin.png.4bpp 
tools/gbagfx/gbagfx.exe graphics/items/icons/antidote.png build/assets/graphics/items/icons/antidote.png.4bpp 
tools/gbagfx/gbagfx.exe graphics/items/icons/apicot_berry.png build/assets/graphics/items/icons/apicot_berry.png.4bpp 
tools/gbagfx/gbagfx.exe graphics/items/icons/aspear_berry.png build/assets/graphics/items/icons/aspear_berry.png.4bpp 
tools/gbagfx/gbagfx.exe graphics/items/icons/aurora_ticket.png build/assets/graphics/items/icons/aurora_ticket.png.4bpp 
tools/gbagfx/gbagfx.exe graphics/items/icons/basement_key.png build/assets/graphics/items/icons/basement_key.png.4bpp 
tools/gbagfx/gbagfx.exe graphics/items/icons/battle_stat_item.png build/assets/graphics/items/icons/battle_stat_item.png.4bpp 
tools/gbagfx/gbagfx.exe graphics/items/icons/bead_mail.png build/assets/graphics/items/icons/bead_mail.png.4bpp 
tools/gbagfx/gbagfx.exe graphics/items/icons/belue_berry.png build/assets/graphics/items/icons/belue_berry.png.4bpp 
tools/gbagfx/gbagfx.exe graphics/items/icons/berry_juice.png build/assets/graphics/items/icons/berry_juice.png.4bpp 
tools/gbagfx/gbagfx.exe graphics/items/icons/berry_pouch.png build/assets/graphics/items/icons/berry_pouch.png.4bpp 
tools/gbagfx/gbagfx.exe graphics/items/icons/bicycle.png build/assets/graphics/items/icons/bicycle.png.4bpp 
tools/gbagfx/gbagfx.exe graphics/items/icons/big_mushroom.png build/assets/graphics/items/icons/big_mushroom.png.4bpp 
tools/gbagfx/gbagfx.exe graphics/items/icons/bike_voucher.png build/assets/graphics/items/icons/bike_voucher.png.4bpp 
tools/gbagfx/gbagfx.exe graphics/items/icons/black_belt.png build/assets/graphics/items/icons/black_belt.png.4bpp 
tools/gbagfx/gbagfx.exe graphics/items/icons/big_pearl.png build/assets/graphics/items/icons/big_pearl.png.4bpp 
tools/gbagfx/gbagfx.exe graphics/items/icons/black_glasses.png build/assets/graphics/items/icons/black_glasses.png.4bpp 
tools/gbagfx/gbagfx.exe graphics/items/icons/bluk_berry.png build/assets/graphics/items/icons/bluk_berry.png.4bpp 
tools/gbagfx/gbagfx.exe graphics/items/icons/bright_powder.png build/assets/graphics/items/icons/bright_powder.png.4bpp 
tools/gbagfx/gbagfx.exe graphics/items/icons/card_key.png build/assets/graphics/items/icons/card_key.png.4bpp 
tools/gbagfx/gbagfx.exe graphics/items/icons/charcoal.png build/assets/graphics/items/icons/charcoal.png.4bpp 
tools/gbagfx/gbagfx.exe graphics/items/icons/cheri_berry.png build/assets/graphics/items/icons/cheri_berry.png.4bpp 
tools/gbagfx/gbagfx.exe graphics/items/icons/chesto_berry.png build/assets/graphics/items/icons/chesto_berry.png.4bpp 
tools/gbagfx/gbagfx.exe graphics/items/icons/choice_band.png build/assets/graphics/items/icons/choice_band.png.4bpp 
tools/gbagfx/gbagfx.exe graphics/items/icons/claw_fossil.png build/assets/graphics/items/icons/claw_fossil.png.4bpp 
tools/gbagfx/gbagfx.exe graphics/items/icons/cleanse_tag.png build/assets/graphics/items/icons/cleanse_tag.png.4bpp 
tools/gbagfx/gbagfx.exe graphics/items/icons/coin_case.png build/assets/graphics/items/icons/coin_case.png.4bpp 
tools/gbagfx/gbagfx.exe graphics/items/icons/contest_pass.png build/assets/graphics/items/icons/contest_pass.png.4bpp 
tools/gbagfx/gbagfx.exe graphics/items/icons/cornn_berry.png build/assets/graphics/items/icons/cornn_berry.png.4bpp 
tools/gbagfx/gbagfx.exe graphics/items/icons/deep_sea_tooth.png build/assets/graphics/items/icons/deep_sea_tooth.png.4bpp 
tools/gbagfx/gbagfx.exe graphics/items/icons/devon_goods.png build/assets/graphics/items/icons/devon_goods.png.4bpp 
tools/gbagfx/gbagfx.exe graphics/items/icons/deep_sea_scale.png build/assets/graphics/items/icons/deep_sea_scale.png.4bpp 
tools/gbagfx/gbagfx.exe graphics/items/icons/devon_scope.png build/assets/graphics/items/icons/devon_scope.png.4bpp 
tools/gbagfx/gbagfx.exe graphics/items/icons/dive_ball.png build/assets/graphics/items/icons/dive_ball.png.4bpp 
tools/gbagfx/gbagfx.exe graphics/items/icons/dome_fossil.png build/assets/graphics/items/icons/dome_fossil.png.4bpp 
tools/gbagfx/gbagfx.exe graphics/items/icons/dragon_fang.png build/assets/graphics/items/icons/dragon_fang.png.4bpp 
tools/gbagfx/gbagfx.exe graphics/items/icons/dragon_scale.png build/assets/graphics/items/icons/dragon_scale.png.4bpp 
tools/gbagfx/gbagfx.exe graphics/items/icons/dream_mail.png build/assets/graphics/items/icons/dream_mail.png.4bpp 
tools/gbagfx/gbagfx.exe graphics/items/icons/durin_berry.png build/assets/graphics/items/icons/durin_berry.png.4bpp 
tools/gbagfx/gbagfx.exe graphics/items/icons/energy_root.png build/assets/graphics/items/icons/energy_root.png.4bpp 
tools/gbagfx/gbagfx.exe graphics/items/icons/enigma_berry.png build/assets/graphics/items/icons/enigma_berry.png.4bpp 
tools/gbagfx/gbagfx.exe graphics/items/icons/eon_ticket.png build/assets/graphics/items/icons/eon_ticket.png.4bpp 
tools/gbagfx/gbagfx.exe graphics/items/icons/escape_rope.png build/assets/graphics/items/icons/escape_rope.png.4bpp 
tools/gbagfx/gbagfx.exe graphics/items/icons/ether.png build/assets/graphics/items/icons/ether.png.4bpp 
tools/gbagfx/gbagfx.exe graphics/items/icons/everstone.png build/assets/graphics/items/icons/everstone.png.4bpp 
tools/gbagfx/gbagfx.exe graphics/items/icons/exp_share.png build/assets/graphics/items/icons/exp_share.png.4bpp 
tools/gbagfx/gbagfx.exe graphics/items/icons/fab_mail.png build/assets/graphics/items/icons/fab_mail.png.4bpp 
tools/gbagfx/gbagfx.exe graphics/items/icons/fame_checker.png build/assets/graphics/items/icons/fame_checker.png.4bpp 
tools/gbagfx/gbagfx.exe graphics/items/icons/figy_berry.png build/assets/graphics/items/icons/figy_berry.png.4bpp 
tools/gbagfx/gbagfx.exe graphics/items/icons/fire_stone.png build/assets/graphics/items/icons/fire_stone.png.4bpp 
tools/gbagfx/gbagfx.exe graphics/items/icons/fluffy_tail.png build/assets/graphics/items/icons/fluffy_tail.png.4bpp 
tools/gbagfx/gbagfx.exe graphics/items/icons/flute.png build/assets/graphics/items/icons/flute.png.4bpp 
tools/gbagfx/gbagfx.exe graphics/items/icons/focus_band.png build/assets/graphics/items/icons/focus_band.png.4bpp 
tools/gbagfx/gbagfx.exe graphics/items/icons/fresh_water.png build/assets/graphics/items/icons/fresh_water.png.4bpp 
tools/gbagfx/gbagfx.exe graphics/items/icons/full_heal.png build/assets/graphics/items/icons/full_heal.png.4bpp 
tools/gbagfx/gbagfx.exe graphics/items/icons/ganlon_berry.png build/assets/graphics/items/icons/ganlon_berry.png.4bpp 
tools/gbagfx/gbagfx.exe graphics/items/icons/gem.png build/assets/graphics/items/icons/gem.png.4bpp 
tools/gbagfx/gbagfx.exe graphics/items/icons/glitter_mail.png build/assets/graphics/items/icons/glitter_mail.png.4bpp 
tools/gbagfx/gbagfx.exe graphics/items/icons/go_goggles.png build/assets/graphics/items/icons/go_goggles.png.4bpp 
tools/gbagfx/gbagfx.exe graphics/items/icons/gold_teeth.png build/assets/graphics/items/icons/gold_teeth.png.4bpp 
tools/gbagfx/gbagfx.exe graphics/items/icons/good_rod.png build/assets/graphics/items/icons/good_rod.png.4bpp 
tools/gbagfx/gbagfx.exe graphics/items/icons/great_ball.png build/assets/graphics/items/icons/great_ball.png.4bpp 
tools/gbagfx/gbagfx.exe graphics/items/icons/grepa_berry.png build/assets/graphics/items/icons/grepa_berry.png.4bpp 
tools/gbagfx/gbagfx.exe graphics/items/icons/harbor_mail.png build/assets/graphics/items/icons/harbor_mail.png.4bpp 
tools/gbagfx/gbagfx.exe graphics/items/icons/hard_stone.png build/assets/graphics/items/icons/hard_stone.png.4bpp 
tools/gbagfx/gbagfx.exe graphics/items/icons/heart_scale.png build/assets/graphics/items/icons/heart_scale.png.4bpp 
tools/gbagfx/gbagfx.exe graphics/items/icons/helix_fossil.png build/assets/graphics/items/icons/helix_fossil.png.4bpp 
tools/gbagfx/gbagfx.exe graphics/items/icons/hm.png build/assets/graphics/items/icons/hm.png.4bpp 
tools/gbagfx/gbagfx.exe graphics/items/icons/hondew_berry.png build/assets/graphics/items/icons/hondew_berry.png.4bpp 
tools/gbagfx/gbagfx.exe graphics/items/icons/hp_up.png build/assets/graphics/items/icons/hp_up.png.4bpp 
tools/gbagfx/gbagfx.exe graphics/items/icons/iapapa_berry.png build/assets/graphics/items/icons/iapapa_berry.png.4bpp 
tools/gbagfx/gbagfx.exe graphics/items/icons/in_battle_herb.png build/assets/graphics/items/icons/in_battle_herb.png.4bpp 
tools/gbagfx/gbagfx.exe graphics/items/icons/itemfinder.png build/assets/graphics/items/icons/itemfinder.png.4bpp 
tools/gbagfx/gbagfx.exe graphics/items/icons/kelpsy_berry.png build/assets/graphics/items/icons/kelpsy_berry.png.4bpp 
tools/gbagfx/gbagfx.exe graphics/items/icons/kings_rock.png build/assets/graphics/items/icons/kings_rock.png.4bpp 
tools/gbagfx/gbagfx.exe graphics/items/icons/lansat_berry.png build/assets/graphics/items/icons/lansat_berry.png.4bpp 
tools/gbagfx/gbagfx.exe graphics/items/icons/lava_cookie.png build/assets/graphics/items/icons/lava_cookie.png.4bpp 
tools/gbagfx/gbagfx.exe graphics/items/icons/large_potion.png build/assets/graphics/items/icons/large_potion.png.4bpp 
tools/gbagfx/gbagfx.exe graphics/items/icons/lax_incense.png build/assets/graphics/items/icons/lax_incense.png.4bpp 
tools/gbagfx/gbagfx.exe graphics/items/icons/leaf_stone.png build/assets/graphics/items/icons/leaf_stone.png.4bpp 
tools/gbagfx/gbagfx.exe graphics/items/icons/leftovers.png build/assets/graphics/items/icons/leftovers.png.4bpp 
tools/gbagfx/gbagfx.exe graphics/items/icons/lemonade.png build/assets/graphics/items/icons/lemonade.png.4bpp 
tools/gbagfx/gbagfx.exe graphics/items/icons/leppa_berry.png build/assets/graphics/items/icons/leppa_berry.png.4bpp 
tools/gbagfx/gbagfx.exe graphics/items/icons/letter.png build/assets/graphics/items/icons/letter.png.4bpp 
tools/gbagfx/gbagfx.exe graphics/items/icons/liechi_berry.png build/assets/graphics/items/icons/liechi_berry.png.4bpp 
tools/gbagfx/gbagfx.exe graphics/items/icons/lift_key.png build/assets/graphics/items/icons/lift_key.png.4bpp 
tools/gbagfx/gbagfx.exe graphics/items/icons/light_ball.png build/assets/graphics/items/icons/light_ball.png.4bpp 
tools/gbagfx/gbagfx.exe graphics/items/icons/lucky_egg.png build/assets/graphics/items/icons/lucky_egg.png.4bpp 
tools/gbagfx/gbagfx.exe graphics/items/icons/lucky_punch.png build/assets/graphics/items/icons/lucky_punch.png.4bpp 
tools/gbagfx/gbagfx.exe graphics/items/icons/lum_berry.png build/assets/graphics/items/icons/lum_berry.png.4bpp 
tools/gbagfx/gbagfx.exe graphics/items/icons/luxury_ball.png build/assets/graphics/items/icons/luxury_ball.png.4bpp 
tools/gbagfx/gbagfx.exe graphics/items/icons/mach_bike.png build/assets/graphics/items/icons/mach_bike.png.4bpp 
tools/gbagfx/gbagfx.exe graphics/items/icons/macho_brace.png build/assets/graphics/items/icons/macho_brace.png.4bpp 
tools/gbagfx/gbagfx.exe graphics/items/icons/magma_emblem.png build/assets/graphics/items/icons/magma_emblem.png.4bpp 
tools/gbagfx/gbagfx.exe graphics/items/icons/magnet.png build/assets/graphics/items/icons/magnet.png.4bpp 
tools/gbagfx/gbagfx.exe graphics/items/icons/mago_berry.png build/assets/graphics/items/icons/mago_berry.png.4bpp 
tools/gbagfx/gbagfx.exe graphics/items/icons/magost_berry.png build/assets/graphics/items/icons/magost_berry.png.4bpp 
tools/gbagfx/gbagfx.exe graphics/items/icons/master_ball.png build/assets/graphics/items/icons/master_ball.png.4bpp 
tools/gbagfx/gbagfx.exe graphics/items/icons/max_revive.png build/assets/graphics/items/icons/max_revive.png.4bpp 
tools/gbagfx/gbagfx.exe graphics/items/icons/mech_mail.png build/assets/graphics/items/icons/mech_mail.png.4bpp 
tools/gbagfx/gbagfx.exe graphics/items/icons/metal_coat.png build/assets/graphics/items/icons/metal_coat.png.4bpp 
tools/gbagfx/gbagfx.exe graphics/items/icons/metal_powder.png build/assets/graphics/items/icons/metal_powder.png.4bpp 
tools/gbagfx/gbagfx.exe graphics/items/icons/meteorite.png build/assets/graphics/items/icons/meteorite.png.4bpp 
tools/gbagfx/gbagfx.exe graphics/items/icons/miracle_seed.png build/assets/graphics/items/icons/miracle_seed.png.4bpp 
tools/gbagfx/gbagfx.exe graphics/items/icons/moomoo_milk.png build/assets/graphics/items/icons/moomoo_milk.png.4bpp 
tools/gbagfx/gbagfx.exe graphics/items/icons/mystic_ticket.png build/assets/graphics/items/icons/mystic_ticket.png.4bpp 
tools/gbagfx/gbagfx.exe graphics/items/icons/moon_stone.png build/assets/graphics/items/icons/moon_stone.png.4bpp 
tools/gbagfx/gbagfx.exe graphics/items/icons/mystic_water.png build/assets/graphics/items/icons/mystic_water.png.4bpp 
tools/gbagfx/gbagfx.exe graphics/items/icons/nanab_berry.png build/assets/graphics/items/icons/nanab_berry.png.4bpp 
tools/gbagfx/gbagfx.exe graphics/items/icons/nest_ball.png build/assets/graphics/items/icons/nest_ball.png.4bpp 
tools/gbagfx/gbagfx.exe graphics/items/icons/net_ball.png build/assets/graphics/items/icons/net_ball.png.4bpp 
tools/gbagfx/gbagfx.exe graphics/items/icons/never_melt_ice.png build/assets/graphics/items/icons/never_melt_ice.png.4bpp 
tools/gbagfx/gbagfx.exe graphics/items/icons/nomel_berry.png build/assets/graphics/items/icons/nomel_berry.png.4bpp 
tools/gbagfx/gbagfx.exe graphics/items/icons/nugget.png build/assets/graphics/items/icons/nugget.png.4bpp 
tools/gbagfx/gbagfx.exe graphics/items/icons/oaks_parcel.png build/assets/graphics/items/icons/oaks_parcel.png.4bpp 
tools/gbagfx/gbagfx.exe graphics/items/icons/old_amber.png build/assets/graphics/items/icons/old_amber.png.4bpp 
tools/gbagfx/gbagfx.exe graphics/items/icons/old_rod.png build/assets/graphics/items/icons/old_rod.png.4bpp 
tools/gbagfx/gbagfx.exe graphics/items/icons/old_sea_map.png build/assets/graphics/items/icons/old_sea_map.png.4bpp 
tools/gbagfx/gbagfx.exe graphics/items/icons/oran_berry.png build/assets/graphics/items/icons/oran_berry.png.4bpp 
tools/gbagfx/gbagfx.exe graphics/items/icons/orange_mail.png build/assets/graphics/items/icons/orange_mail.png.4bpp 
tools/gbagfx/gbagfx.exe graphics/items/icons/orb.png build/assets/graphics/items/icons/orb.png.4bpp 
tools/gbagfx/gbagfx.exe graphics/items/icons/pamtre_berry.png build/assets/graphics/items/icons/pamtre_berry.png.4bpp 
tools/gbagfx/gbagfx.exe graphics/items/icons/pearl.png build/assets/graphics/items/icons/pearl.png.4bpp 
tools/gbagfx/gbagfx.exe graphics/items/icons/persim_berry.png build/assets/graphics/items/icons/persim_berry.png.4bpp 
tools/gbagfx/gbagfx.exe graphics/items/icons/pecha_berry.png build/assets/graphics/items/icons/pecha_berry.png.4bpp 
tools/gbagfx/gbagfx.exe graphics/items/icons/petaya_berry.png build/assets/graphics/items/icons/petaya_berry.png.4bpp 
tools/gbagfx/gbagfx.exe graphics/items/icons/pinap_berry.png build/assets/graphics/items/icons/pinap_berry.png.4bpp 
tools/gbagfx/gbagfx.exe graphics/items/icons/poison_barb.png build/assets/graphics/items/icons/poison_barb.png.4bpp 
tools/gbagfx/gbagfx.exe graphics/items/icons/poke_ball.png build/assets/graphics/items/icons/poke_ball.png.4bpp 
tools/gbagfx/gbagfx.exe graphics/items/icons/poke_doll.png build/assets/graphics/items/icons/poke_doll.png.4bpp 
tools/gbagfx/gbagfx.exe graphics/items/icons/poke_flute.png build/assets/graphics/items/icons/poke_flute.png.4bpp 
tools/gbagfx/gbagfx.exe graphics/items/icons/pokeblock_case.png build/assets/graphics/items/icons/pokeblock_case.png.4bpp 
tools/gbagfx/gbagfx.exe graphics/items/icons/pomeg_berry.png build/assets/graphics/items/icons/pomeg_berry.png.4bpp 
tools/gbagfx/gbagfx.exe graphics/items/icons/potion.png build/assets/graphics/items/icons/potion.png.4bpp 
tools/gbagfx/gbagfx.exe graphics/items/icons/powder_jar.png build/assets/graphics/items/icons/powder_jar.png.4bpp 
tools/gbagfx/gbagfx.exe graphics/items/icons/powder.png build/assets/graphics/items/icons/powder.png.4bpp 
tools/gbagfx/gbagfx.exe graphics/items/icons/pp_max.png build/assets/graphics/items/icons/pp_max.png.4bpp 
tools/gbagfx/gbagfx.exe graphics/items/icons/pp_up.png build/assets/graphics/items/icons/pp_up.png.4bpp 
tools/gbagfx/gbagfx.exe graphics/items/icons/premier_ball.png build/assets/graphics/items/icons/premier_ball.png.4bpp 
tools/gbagfx/gbagfx.exe graphics/items/icons/qualot_berry.png build/assets/graphics/items/icons/qualot_berry.png.4bpp 
tools/gbagfx/gbagfx.exe graphics/items/icons/question_mark.png build/assets/graphics/items/icons/question_mark.png.4bpp 
tools/gbagfx/gbagfx.exe graphics/items/icons/quick_claw.png build/assets/graphics/items/icons/quick_claw.png.4bpp 
tools/gbagfx/gbagfx.exe graphics/items/icons/rabuta_berry.png build/assets/graphics/items/icons/rabuta_berry.png.4bpp 
tools/gbagfx/gbagfx.exe graphics/items/icons/rainbow_pass.png build/assets/graphics/items/icons/rainbow_pass.png.4bpp 
tools/gbagfx/gbagfx.exe graphics/items/icons/rare_candy.png build/assets/graphics/items/icons/rare_candy.png.4bpp 
tools/gbagfx/gbagfx.exe graphics/items/icons/rawst_berry.png build/assets/graphics/items/icons/rawst_berry.png.4bpp 
tools/gbagfx/gbagfx.exe graphics/items/icons/razz_berry.png build/assets/graphics/items/icons/razz_berry.png.4bpp 
tools/gbagfx/gbagfx.exe graphics/items/icons/repeat_ball.png build/assets/graphics/items/icons/repeat_ball.png.4bpp 
tools/gbagfx/gbagfx.exe graphics/items/icons/repel.png build/assets/graphics/items/icons/repel.png.4bpp 
tools/gbagfx/gbagfx.exe graphics/items/icons/retro_mail.png build/assets/graphics/items/icons/retro_mail.png.4bpp 
tools/gbagfx/gbagfx.exe graphics/items/icons/return_to_field_arrow.png build/assets/graphics/items/icons/return_to_field_arrow.png.4bpp 
tools/gbagfx/gbagfx.exe graphics/items/icons/revival_herb.png build/assets/graphics/items/icons/revival_herb.png.4bpp 
tools/gbagfx/gbagfx.exe graphics/items/icons/revive.png build/assets/graphics/items/icons/revive.png.4bpp 
tools/gbagfx/gbagfx.exe graphics/items/icons/safari_ball.png build/assets/graphics/items/icons/safari_ball.png.4bpp 
tools/gbagfx/gbagfx.exe graphics/items/icons/salac_berry.png build/assets/graphics/items/icons/salac_berry.png.4bpp 
tools/gbagfx/gbagfx.exe graphics/items/icons/room1_key.png build/assets/graphics/items/icons/room1_key.png.4bpp 
tools/gbagfx/gbagfx.exe graphics/items/icons/sacred_ash.png build/assets/graphics/items/icons/sacred_ash.png.4bpp 
tools/gbagfx/gbagfx.exe graphics/items/icons/root_fossil.png build/assets/graphics/items/icons/root_fossil.png.4bpp 
tools/gbagfx/gbagfx.exe graphics/items/icons/room2_key.png build/assets/graphics/items/icons/room2_key.png.4bpp 
tools/gbagfx/gbagfx.exe graphics/items/icons/room6_key.png build/assets/graphics/items/icons/room6_key.png.4bpp 
tools/gbagfx/gbagfx.exe graphics/items/icons/room4_key.png build/assets/graphics/items/icons/room4_key.png.4bpp 
tools/gbagfx/gbagfx.exe graphics/items/icons/scanner.png build/assets/graphics/items/icons/scanner.png.4bpp 
tools/gbagfx/gbagfx.exe graphics/items/icons/scarf.png build/assets/graphics/items/icons/scarf.png.4bpp 
tools/gbagfx/gbagfx.exe graphics/items/icons/scope_lens.png build/assets/graphics/items/icons/scope_lens.png.4bpp 
tools/gbagfx/gbagfx.exe graphics/items/icons/sea_incense.png build/assets/graphics/items/icons/sea_incense.png.4bpp 
tools/gbagfx/gbagfx.exe graphics/items/icons/secret_key.png build/assets/graphics/items/icons/secret_key.png.4bpp 
tools/gbagfx/gbagfx.exe graphics/items/icons/shadow_mail.png build/assets/graphics/items/icons/shadow_mail.png.4bpp 
tools/gbagfx/gbagfx.exe graphics/items/icons/shard.png build/assets/graphics/items/icons/shard.png.4bpp 
tools/gbagfx/gbagfx.exe graphics/items/icons/sharp_beak.png build/assets/graphics/items/icons/sharp_beak.png.4bpp 
tools/gbagfx/gbagfx.exe graphics/items/icons/shell_bell.png build/assets/graphics/items/icons/shell_bell.png.4bpp 
tools/gbagfx/gbagfx.exe graphics/items/icons/shoal_shell.png build/assets/graphics/items/icons/shoal_shell.png.4bpp 
tools/gbagfx/gbagfx.exe graphics/items/icons/silk_scarf.png build/assets/graphics/items/icons/silk_scarf.png.4bpp 
tools/gbagfx/gbagfx.exe graphics/items/icons/silph_scope.png build/assets/graphics/items/icons/silph_scope.png.4bpp 
tools/gbagfx/gbagfx.exe graphics/items/icons/silver_powder.png build/assets/graphics/items/icons/silver_powder.png.4bpp 
tools/gbagfx/gbagfx.exe graphics/items/icons/sitrus_berry.png build/assets/graphics/items/icons/sitrus_berry.png.4bpp 
tools/gbagfx/gbagfx.exe graphics/items/icons/smoke_ball.png build/assets/graphics/items/icons/smoke_ball.png.4bpp 
tools/gbagfx/gbagfx.exe graphics/items/icons/soda_pop.png build/assets/graphics/items/icons/soda_pop.png.4bpp 
tools/gbagfx/gbagfx.exe graphics/items/icons/soft_sand.png build/assets/graphics/items/icons/soft_sand.png.4bpp 
tools/gbagfx/gbagfx.exe graphics/items/icons/soot_sack.png build/assets/graphics/items/icons/soot_sack.png.4bpp 
tools/gbagfx/gbagfx.exe graphics/items/icons/soothe_bell.png build/assets/graphics/items/icons/soothe_bell.png.4bpp 
tools/gbagfx/gbagfx.exe graphics/items/icons/spell_tag.png build/assets/graphics/items/icons/spell_tag.png.4bpp 
tools/gbagfx/gbagfx.exe graphics/items/icons/soul_dew.png build/assets/graphics/items/icons/soul_dew.png.4bpp 
tools/gbagfx/gbagfx.exe graphics/items/icons/tea.png build/assets/graphics/items/icons/tea.png.4bpp 
tools/gbagfx/gbagfx.exe graphics/items/icons/tamato_berry.png build/assets/graphics/items/icons/tamato_berry.png.4bpp 
tools/gbagfx/gbagfx.exe graphics/items/icons/super_rod.png build/assets/graphics/items/icons/super_rod.png.4bpp 
tools/gbagfx/gbagfx.exe graphics/items/icons/sun_stone.png build/assets/graphics/items/icons/sun_stone.png.4bpp 
tools/gbagfx/gbagfx.exe graphics/items/icons/storage_key.png build/assets/graphics/items/icons/storage_key.png.4bpp 
tools/gbagfx/gbagfx.exe graphics/items/icons/stick.png build/assets/graphics/items/icons/stick.png.4bpp 
tools/gbagfx/gbagfx.exe graphics/items/icons/status_heal.png build/assets/graphics/items/icons/status_heal.png.4bpp 
tools/gbagfx/gbagfx.exe graphics/items/icons/spelon_berry.png build/assets/graphics/items/icons/spelon_berry.png.4bpp 
tools/gbagfx/gbagfx.exe graphics/items/icons/stardust.png build/assets/graphics/items/icons/stardust.png.4bpp 
tools/gbagfx/gbagfx.exe graphics/items/icons/star_piece.png build/assets/graphics/items/icons/star_piece.png.4bpp 
tools/gbagfx/gbagfx.exe graphics/items/icons/ss_ticket.png build/assets/graphics/items/icons/ss_ticket.png.4bpp 
tools/gbagfx/gbagfx.exe graphics/items/icons/starf_berry.png build/assets/graphics/items/icons/starf_berry.png.4bpp 
tools/gbagfx/gbagfx.exe graphics/items/icons/teachy_tv.png build/assets/graphics/items/icons/teachy_tv.png.4bpp 
tools/gbagfx/gbagfx.exe graphics/items/icons/thunder_stone.png build/assets/graphics/items/icons/thunder_stone.png.4bpp 
make: *** [build/emerald/src/graphics.d:13977: build/assets/graphics/items/icons/teachy_tv.png.4bpp] Interrupt
make: *** [build/emerald/src/graphics.d:13994: build/assets/graphics/items/icons/timer_ball.png.4bpp] Interrupt
